sample_timestamp_ns,receive_timestamp_ns,x_m,y_m,z_m,source_message,reference_semantics,raw_usec,raw_x,raw_y,raw_z
1788312281575786012,1788312281575786012,-0.10615192413330078,0.22021095275878907,-0.024911017417907716,GLOBAL_VISION_POSITION_ESTIMATE,flight_controller_reference_only,256911,-10.615192413330078,22.021095275878906,2.4911017417907715
1788312281673202001,1788312281673202001,-0.10618585586547852,0.22021821975708009,-0.024911103248596193,GLOBAL_VISION_POSITION_ESTIMATE,flight_controller_reference_only,257011,-10.618585586547852,22.021821975708008,2.491110324859619
1788312281768679463,1788312281768679463,-0.10623733520507812,0.22020713806152345,-0.02355679988861084,GLOBAL_VISION_POSITION_ESTIMATE,flight_controller_reference_only,257111,-10.623733520507812,22.020713806152344,2.355679988861084
1788312281869450536,1788312281869450536,-0.10627490997314454,0.2201732063293457,-0.025194835662841798,GLOBAL_VISION_POSITION_ESTIMATE,flight_controller_reference_only,257211,-10.627490997314453,22.01732063293457,2.5194835662841797
1788312281968674417,1788312281968674417,-0.10630341529846192,0.2201398468017578,-0.02270021677017212,GLOBAL_VISION_POSITION_ESTIMATE,flight_controller_reference_only,257311,-10.630341529846191,22.01398468017578,2.270021677017212
1788312282071875884,1788312282071875884,-0.10636578559875488,0.22016149520874023,-0.02270030975341797,GLOBAL_VISION_POSITION_ESTIMATE,flight_controller_reference_only,257411,-10.636578559875488,22.016149520874023,2.270030975341797
1788312282168394677,1788312282168394677,-0.10643199920654296,0.22020671844482423,-0.029520494937896727,GLOBAL_VISION_POSITION_ESTIMATE,flight_controller_reference_only,257511,-10.643199920654297,22.020671844482422,2.952049493789673
1788312282269646891,1788312282269646891,-0.10649100303649903,0.22024162292480468,-0.022062973976135256,GLOBAL_VISION_POSITION_ESTIMATE,flight_controller_reference_only,257611,-10.649100303649902,22.02416229248047,2.2062973976135254
1788312282368687279,1788312282368687279,-0.10654816627502442,0.22026578903198243,-0.021294589042663573,GLOBAL_VISION_POSITION_ESTIMATE,flight_controller_reference_only,257711,-10.654816627502441,22.026578903198242,2.1294589042663574
1788312282469017007,1788312282469017007,-0.10661709785461426,0.2203220558166504,-0.02129451036453247,GLOBAL_VISION_POSITION_ESTIMATE,flight_controller_reference_only,257811,-10.661709785461426,22.03220558166504,2.129451036453247
1788312282567736912,1788312282567736912,-0.10666075706481934,0.22038377761840822,-0.03256605625152588,GLOBAL_VISION_POSITION_ESTIMATE,flight_controller_reference_only,257911,-10.666075706481934,22.03837776184082,3.256605625152588
1788312282673416592,1788312282673416592,-0.10671147346496582,0.22043733596801757,-0.024014947414398195,GLOBAL_VISION_POSITION_ESTIMATE,flight_controller_reference_only,258011,-10.671147346496582,22.043733596801758,2.4014947414398193
1788312282772978224,1788312282772978224,-0.10675347328186036,0.2204706573486328,-0.023133807182312012,GLOBAL_VISION_POSITION_ESTIMATE,flight_controller_reference_only,258111,-10.675347328186035,22.04706573486328,2.313380718231201
1788312282868212681,1788312282868212681,-0.10680697441101074,0.22052162170410156,-0.023133764266967772,GLOBAL_VISION_POSITION_ESTIMATE,flight_controller_reference_only,258211,-10.680697441101074,22.052162170410156,2.3133764266967773
1788312282967903039,1788312282967903039,-0.10688308715820312,0.22056068420410158,-0.0255881929397583,GLOBAL_VISION_POSITION_ESTIMATE,flight_controller_reference_only,258311,-10.688308715820312,22.056068420410156,2.55881929397583
1788312283068339353,1788312283068339353,-0.10693887710571288,0.22061973571777344,-0.02346701145172119,GLOBAL_VISION_POSITION_ESTIMATE,flight_controller_reference_only,258411,-10.693887710571289,22.061973571777344,2.346701145172119
1788312283168120902,1788312283168120902,-0.10699265480041503,0.22069000244140624,-0.021544671058654784,GLOBAL_VISION_POSITION_ESTIMATE,flight_controller_reference_only,258511,-10.699265480041504,22.069000244140625,2.1544671058654785
1788312283267899201,1788312283267899201,-0.10703850746154785,0.22074953079223633,-0.021544692516326906,GLOBAL_VISION_POSITION_ESTIMATE,flight_controller_reference_only,258611,-10.703850746154785,22.074953079223633,2.1544692516326904
1788312283367882174,1788312283367882174,-0.10712023735046387,0.2207814025878906,-0.025509121417999266,GLOBAL_VISION_POSITION_ESTIMATE,flight_controller_reference_only,258711,-10.712023735046387,22.078140258789062,2.5509121417999268
1788312283468285145,1788312283468285145,-0.10718439102172851,0.22079235076904297,-0.019344751834869386,GLOBAL_VISION_POSITION_ESTIMATE,flight_controller_reference_only,258811,-10.718439102172852,22.079235076904297,1.9344751834869385
1788312283571863273,1788312283571863273,-0.10724422454833984,0.22081932067871093,-0.02556802749633789,GLOBAL_VISION_POSITION_ESTIMATE,flight_controller_reference_only,258911,-10.724422454833984,22.081932067871094,2.556802749633789
1788312283673571747,1788312283673571747,-0.10729151725769043,0.22083011627197266,-0.025568034648895264,GLOBAL_VISION_POSITION_ESTIMATE,flight_controller_reference_only,259011,-10.729151725769043,22.083011627197266,2.5568034648895264
1788312283768160036,1788312283768160036,-0.10733326911926269,0.22082361221313476,-0.018179488182067872,GLOBAL_VISION_POSITION_ESTIMATE,flight_controller_reference_only,259111,-10.73332691192627,22.082361221313477,1.817948818206787
1788312283868193739,1788312283868193739,-0.10738526344299316,0.22083965301513672,-0.026129586696624754,GLOBAL_VISION_POSITION_ESTIMATE,flight_controller_reference_only,259211,-10.738526344299316,22.083965301513672,2.6129586696624756
1788312283968507966,1788312283968507966,-0.1074429702758789,0.22086095809936523,-0.025791056156158447,GLOBAL_VISION_POSITION_ESTIMATE,flight_controller_reference_only,259311,-10.74429702758789,22.086095809936523,2.5791056156158447
1788312284067809201,1788312284067809201,-0.10749628067016602,0.22087339401245118,-0.025791006088256838,GLOBAL_VISION_POSITION_ESTIMATE,flight_controller_reference_only,259411,-10.749628067016602,22.087339401245117,2.5791006088256836
1788312284167990458,1788312284167990458,-0.10755814552307129,0.22089092254638673,-0.025139806270599366,GLOBAL_VISION_POSITION_ESTIMATE,flight_controller_reference_only,259511,-10.755814552307129,22.089092254638672,2.5139806270599365
1788312284267739931,1788312284267739931,-0.10760738372802735,0.22091144561767578,-0.020892512798309327,GLOBAL_VISION_POSITION_ESTIMATE,flight_controller_reference_only,259611,-10.760738372802734,22.091144561767578,2.0892512798309326
1788312284369942762,1788312284369942762,-0.10769071578979492,0.22092702865600586,-0.026155028343200683,GLOBAL_VISION_POSITION_ESTIMATE,flight_controller_reference_only,259711,-10.769071578979492,22.092702865600586,2.6155028343200684
1788312284472059130,1788312284472059130,-0.10775527000427246,0.22097089767456055,-0.026155037879943846,GLOBAL_VISION_POSITION_ESTIMATE,flight_controller_reference_only,259811,-10.775527000427246,22.097089767456055,2.6155037879943848
1788312284568641413,1788312284568641413,-0.10781908988952636,0.22098976135253906,-0.023144686222076417,GLOBAL_VISION_POSITION_ESTIMATE,flight_controller_reference_only,259911,-10.781908988952637,22.098976135253906,2.3144686222076416
1788312284674051642,1788312284674051642,-0.1078724765777588,0.2210257911682129,-0.022283220291137697,GLOBAL_VISION_POSITION_ESTIMATE,flight_controller_reference_only,260011,-10.787247657775879,22.10257911682129,2.2283220291137695
1788312284767866956,1788312284767866956,-0.10790371894836426,0.22105533599853516,-0.023092527389526368,GLOBAL_VISION_POSITION_ESTIMATE,flight_controller_reference_only,260111,-10.790371894836426,22.105533599853516,2.3092527389526367
1788312284867972542,1788312284867972542,-0.1079170322418213,0.2211025619506836,-0.023092513084411622,GLOBAL_VISION_POSITION_ESTIMATE,flight_controller_reference_only,260211,-10.791703224182129,22.11025619506836,2.309251308441162
1788312284969625576,1788312284969625576,-0.10795773506164551,0.22115787506103515,-0.03167717695236206,GLOBAL_VISION_POSITION_ESTIMATE,flight_controller_reference_only,260311,-10.79577350616455,22.115787506103516,3.167717695236206
1788312285072707884,1788312285072707884,-0.10800915718078613,0.22121992111206054,-0.023570249080657957,GLOBAL_VISION_POSITION_ESTIMATE,flight_controller_reference_only,260411,-10.800915718078613,22.121992111206055,2.357024908065796
1788312285173733703,1788312285173733703,-0.1080714988708496,0.22128881454467775,-0.024097754955291747,GLOBAL_VISION_POSITION_ESTIMATE,flight_controller_reference_only,260511,-10.807149887084961,22.128881454467773,2.409775495529175
1788312285271834527,1788312285271834527,-0.10815031051635743,0.22136034011840822,-0.024097754955291747,GLOBAL_VISION_POSITION_ESTIMATE,flight_controller_reference_only,260611,-10.815031051635742,22.13603401184082,2.409775495529175
1788312285369967392,1788312285369967392,-0.10819841384887695,0.2214167022705078,-0.027297389507293702,GLOBAL_VISION_POSITION_ESTIMATE,flight_controller_reference_only,260711,-10.819841384887695,22.14167022705078,2.72973895072937
1788312285469989946,1788312285469989946,-0.10823458671569824,0.22147634506225586,-0.025327746868133546,GLOBAL_VISION_POSITION_ESTIMATE,flight_controller_reference_only,260811,-10.823458671569824,22.147634506225586,2.5327746868133545
1788312285568600119,1788312285568600119,-0.10827473640441894,0.22151559829711914,-0.026780831813812255,GLOBAL_VISION_POSITION_ESTIMATE,flight_controller_reference_only,260911,-10.827473640441895,22.151559829711914,2.6780831813812256
1788312285673153930,1788312285673153930,-0.10831015586853027,0.22154321670532226,-0.02678086519241333,GLOBAL_VISION_POSITION_ESTIMATE,flight_controller_reference_only,261011,-10.831015586853027,22.154321670532227,2.678086519241333
1788312285769912000,1788312285769912000,-0.10836370468139649,0.22156267166137694,-0.02238187551498413,GLOBAL_VISION_POSITION_ESTIMATE,flight_controller_reference_only,261111,-10.836370468139648,22.156267166137695,2.238187551498413
1788312285868147404,1788312285868147404,-0.10843563079833984,0.22158878326416015,-0.029354879856109618,GLOBAL_VISION_POSITION_ESTIMATE,flight_controller_reference_only,261211,-10.843563079833984,22.158878326416016,2.935487985610962
1788312285975229236,1788312285975229236,-0.10851391792297363,0.22160627365112304,-0.02424876928329468,GLOBAL_VISION_POSITION_ESTIMATE,flight_controller_reference_only,261311,-10.851391792297363,22.160627365112305,2.4248769283294678
1788312286068340920,1788312286068340920,-0.10856578826904296,0.2215970802307129,-0.02424875020980835,GLOBAL_VISION_POSITION_ESTIMATE,flight_controller_reference_only,261411,-10.856578826904297,22.15970802307129,2.424875020980835
1788312286167983676,1788312286167983676,-0.10861968040466309,0.22158195495605468,-0.023081800937652587,GLOBAL_VISION_POSITION_ESTIMATE,flight_controller_reference_only,261511,-10.861968040466309,22.15819549560547,2.308180093765259
1788312286269834694,1788312286269834694,-0.10869848251342773,0.22155681610107422,-0.025475070476531983,GLOBAL_VISION_POSITION_ESTIMATE,flight_controller_reference_only,261611,-10.869848251342773,22.155681610107422,2.5475070476531982
1788312286373033772,1788312286373033772,-0.10877225875854492,0.22157440185546876,-0.02653458118438721,GLOBAL_VISION_POSITION_ESTIMATE,flight_controller_reference_only,261711,-10.877225875854492,22.157440185546875,2.6534581184387207
1788312286468027850,1788312286468027850,-0.10883143424987793,0.22161264419555665,-0.026534540653228758,GLOBAL_VISION_POSITION_ESTIMATE,flight_controller_reference_only,261811,-10.883143424987793,22.161264419555664,2.653454065322876
1788312286568417749,1788312286568417749,-0.10889105796813965,0.22165809631347655,-0.02599003314971924,GLOBAL_VISION_POSITION_ESTIMATE,flight_controller_reference_only,261911,-10.889105796813965,22.165809631347656,2.599003314971924
1788312286683305794,1788312286683305794,-0.10896162986755371,0.22168319702148437,-0.018786447048187258,GLOBAL_VISION_POSITION_ESTIMATE,flight_controller_reference_only,262011,-10.896162986755371,22.168319702148438,1.8786447048187256
1788312286768332071,1788312286768332071,-0.10903799057006835,0.2217153549194336,-0.02493738889694214,GLOBAL_VISION_POSITION_ESTIMATE,flight_controller_reference_only,262111,-10.903799057006836,22.17153549194336,2.493738889694214
1788312286868196100,1788312286868196100,-0.10910938262939453,0.22175567626953124,-0.024937376976013184,GLOBAL_VISION_POSITION_ESTIMATE,flight_controller_reference_only,262211,-10.910938262939453,22.175567626953125,2.4937376976013184
1788312286967733355,1788312286967733355,-0.10917484283447265,0.22177413940429688,-0.022897064685821533,GLOBAL_VISION_POSITION_ESTIMATE,flight_controller_reference_only,262311,-10.917484283447266,22.177413940429688,2.2897064685821533
1788312287068021004,1788312287068021004,-0.10923788070678711,0.2217858123779297,-0.024857072830200194,GLOBAL_VISION_POSITION_ESTIMATE,flight_controller_reference_only,262411,-10.923788070678711,22.17858123779297,2.4857072830200195
1788312287167897979,1788312287167897979,-0.10930597305297851,0.2218107032775879,-0.025351312160491943,GLOBAL_VISION_POSITION_ESTIMATE,flight_controller_reference_only,262511,-10.930597305297852,22.18107032775879,2.5351312160491943
1788312287268176614,1788312287268176614,-0.10937485694885254,0.22185014724731444,-0.025351309776306154,GLOBAL_VISION_POSITION_ESTIMATE,flight_controller_reference_only,262611,-10.937485694885254,22.185014724731445,2.5351309776306152
1788312287368855686,1788312287368855686,-0.10942357063293456,0.2218668556213379,-0.029361820220947264,GLOBAL_VISION_POSITION_ESTIMATE,flight_controller_reference_only,262711,-10.942357063293457,22.18668556213379,2.9361820220947266
1788312287468309769,1788312287468309769,-0.10949414253234863,0.22185808181762695,-0.02426396608352661,GLOBAL_VISION_POSITION_ESTIMATE,flight_controller_reference_only,262811,-10.949414253234863,22.185808181762695,2.426396608352661
1788312287567810321,1788312287567810321,-0.10955329895019532,0.22188928604125976,-0.026537442207336427,GLOBAL_VISION_POSITION_ESTIMATE,flight_controller_reference_only,262911,-10.955329895019531,22.188928604125977,2.6537442207336426
1788312287676020961,1788312287676020961,-0.1095811939239502,0.22190910339355469,-0.026537435054779054,GLOBAL_VISION_POSITION_ESTIMATE,flight_controller_reference_only,263011,-10.95811939239502,22.19091033935547,2.6537435054779053
1788312287768766404,1788312287768766404,-0.1096118450164795,0.22192569732666015,-0.0219413161277771,GLOBAL_VISION_POSITION_ESTIMATE,flight_controller_reference_only,263111,-10.96118450164795,22.192569732666016,2.19413161277771
1788312287868187350,1788312287868187350,-0.10965370178222657,0.22197418212890624,-0.027321712970733644,GLOBAL_VISION_POSITION_ESTIMATE,flight_controller_reference_only,263211,-10.965370178222656,22.197418212890625,2.7321712970733643
1788312287969460917,1788312287969460917,-0.1097143268585205,0.22204889297485353,-0.029329326152801514,GLOBAL_VISION_POSITION_ESTIMATE,flight_controller_reference_only,263311,-10.97143268585205,22.20488929748535,2.9329326152801514
1788312288068381597,1788312288068381597,-0.10977529525756836,0.22212059020996094,-0.02932934284210205,GLOBAL_VISION_POSITION_ESTIMATE,flight_controller_reference_only,263411,-10.977529525756836,22.212059020996094,2.932934284210205
1788312288177875815,1788312288177875815,-0.10982184410095215,0.2221861457824707,-0.026125879287719728,GLOBAL_VISION_POSITION_ESTIMATE,flight_controller_reference_only,263511,-10.982184410095215,22.21861457824707,2.6125879287719727
1788312288268334405,1788312288268334405,-0.1098707389831543,0.22223581314086915,-0.032706108093261715,GLOBAL_VISION_POSITION_ESTIMATE,flight_controller_reference_only,263611,-10.98707389831543,22.223581314086914,3.270610809326172
1788312288367947346,1788312288367947346,-0.10992658615112305,0.2222877883911133,-0.023169581890106202,GLOBAL_VISION_POSITION_ESTIMATE,flight_controller_reference_only,263711,-10.992658615112305,22.228778839111328,2.31695818901062
1788312288471068537,1788312288471068537,-0.10997564315795899,0.22234241485595704,-0.023169562816619874,GLOBAL_VISION_POSITION_ESTIMATE,flight_controller_reference_only,263811,-10.997564315795898,22.234241485595703,2.3169562816619873
1788312288568215029,1788312288568215029,-0.11000937461853028,0.2223971366882324,-0.028995888233184816,GLOBAL_VISION_POSITION_ESTIMATE,flight_controller_reference_only,263911,-11.000937461853027,22.239713668823242,2.8995888233184814
1788312288675191076,1788312288675191076,-0.11005924224853515,0.2224283790588379,-0.02283689022064209,GLOBAL_VISION_POSITION_ESTIMATE,flight_controller_reference_only,264011,-11.005924224853516,22.24283790588379,2.283689022064209
1788312288768264556,1788312288768264556,-0.11010773658752442,0.22246227264404297,-0.022836906909942625,GLOBAL_VISION_POSITION_ESTIMATE,flight_controller_reference_only,264111,-11.010773658752441,22.246227264404297,2.2836906909942627
1788312288869511307,1788312288869511307,-0.11015984535217285,0.22252632141113282,-0.027937326431274414,GLOBAL_VISION_POSITION_ESTIMATE,flight_controller_reference_only,264211,-11.015984535217285,22.25263214111328,2.7937326431274414
1788312288968104384,1788312288968104384,-0.11020194053649902,0.22262729644775392,-0.02291678190231323,GLOBAL_VISION_POSITION_ESTIMATE,flight_controller_reference_only,264311,-11.020194053649902,22.26272964477539,2.2916781902313232
1788312289068277085,1788312289068277085,-0.11024095535278321,0.22269489288330077,-0.029497039318084717,GLOBAL_VISION_POSITION_ESTIMATE,flight_controller_reference_only,264411,-11.02409553527832,22.269489288330078,2.9497039318084717
1788312289167970026,1788312289167970026,-0.11026062965393066,0.22271036148071288,-0.02949706554412842,GLOBAL_VISION_POSITION_ESTIMATE,flight_controller_reference_only,264511,-11.026062965393066,22.27103614807129,2.949706554412842
1788312289300273092,1788312289300273092,-0.11028361320495605,0.22270809173583983,-0.023897519111633302,GLOBAL_VISION_POSITION_ESTIMATE,flight_controller_reference_only,264611,-11.028361320495605,22.270809173583984,2.38975191116333
1788312289369518453,1788312289369518453,-0.11034784317016602,0.2227296257019043,-0.028738372325897217,GLOBAL_VISION_POSITION_ESTIMATE,flight_controller_reference_only,264711,-11.034784317016602,22.27296257019043,2.8738372325897217
1788312289468041206,1788312289468041206,-0.11040467262268067,0.22276054382324217,-0.02262843132019043,GLOBAL_VISION_POSITION_ESTIMATE,flight_controller_reference_only,264811,-11.040467262268066,22.27605438232422,2.262843132019043
1788312289570297925,1788312289570297925,-0.11044807434082031,0.22279953002929687,-0.022628424167633058,GLOBAL_VISION_POSITION_ESTIMATE,flight_controller_reference_only,264911,-11.044807434082031,22.279953002929688,2.2628424167633057
1788312289673854085,1788312289673854085,-0.11050058364868164,0.2228388786315918,-0.026654846668243408,GLOBAL_VISION_POSITION_ESTIMATE,flight_controller_reference_only,265011,-11.050058364868164,22.28388786315918,2.665484666824341
1788312289767923887,1788312289767923887,-0.11054623603820801,0.22286273956298827,-0.026850340366363527,GLOBAL_VISION_POSITION_ESTIMATE,flight_controller_reference_only,265111,-11.0546236038208,22.286273956298828,2.6850340366363525
1788312289868578775,1788312289868578775,-0.11060075759887696,0.22289621353149414,-0.024919612407684325,GLOBAL_VISION_POSITION_ESTIMATE,flight_controller_reference_only,265211,-11.060075759887695,22.289621353149414,2.4919612407684326
1788312289968580051,1788312289968580051,-0.11062716484069825,0.22291988372802735,-0.024919538497924804,GLOBAL_VISION_POSITION_ESTIMATE,flight_controller_reference_only,265311,-11.062716484069824,22.291988372802734,2.4919538497924805
1788312290069724863,1788312290069724863,-0.11064518928527832,0.22295915603637695,-0.025219991207122802,GLOBAL_VISION_POSITION_ESTIMATE,flight_controller_reference_only,265411,-11.064518928527832,22.295915603637695,2.5219991207122803
1788312290170178899,1788312290170178899,-0.11068411827087403,0.2230019187927246,-0.025215954780578614,GLOBAL_VISION_POSITION_ESTIMATE,flight_controller_reference_only,265511,-11.068411827087402,22.30019187927246,2.5215954780578613
1788312290270571477,1788312290270571477,-0.11071067810058594,0.22303016662597655,-0.02430513620376587,GLOBAL_VISION_POSITION_ESTIMATE,flight_controller_reference_only,265611,-11.071067810058594,22.303016662597656,2.430513620376587
1788312290368054396,1788312290368054396,-0.11075997352600098,0.22307279586791992,-0.024305100440979003,GLOBAL_VISION_POSITION_ESTIMATE,flight_controller_reference_only,265711,-11.075997352600098,22.307279586791992,2.4305100440979004
1788312290468640950,1788312290468640950,-0.11083737373352051,0.22312307357788086,-0.02310557842254639,GLOBAL_VISION_POSITION_ESTIMATE,flight_controller_reference_only,265811,-11.08373737335205,22.312307357788086,2.3105578422546387
1788312290569439895,1788312290569439895,-0.11090288162231446,0.2232082176208496,-0.02414653778076172,GLOBAL_VISION_POSITION_ESTIMATE,flight_controller_reference_only,265911,-11.090288162231445,22.32082176208496,2.414653778076172
1788312290673656974,1788312290673656974,-0.11094705581665039,0.22329105377197267,-0.025574347972869872,GLOBAL_VISION_POSITION_ESTIMATE,flight_controller_reference_only,266011,-11.094705581665039,22.329105377197266,2.5574347972869873
1788312290768694757,1788312290768694757,-0.1109868335723877,0.22334280014038085,-0.025574355125427245,GLOBAL_VISION_POSITION_ESTIMATE,flight_controller_reference_only,266111,-11.09868335723877,22.334280014038086,2.5574355125427246
1788312290887853624,1788312290887853624,-0.11104054450988769,0.2233981704711914,-0.021841230392456053,GLOBAL_VISION_POSITION_ESTIMATE,flight_controller_reference_only,266211,-11.10405445098877,22.33981704711914,2.1841230392456055
1788312290968070496,1788312290968070496,-0.11108798027038574,0.2234423828125,-0.025863444805145262,GLOBAL_VISION_POSITION_ESTIMATE,flight_controller_reference_only,266311,-11.108798027038574,22.34423828125,2.5863444805145264
1788312291068264350,1788312291068264350,-0.11113037109375,0.2234392547607422,-0.020229806900024416,GLOBAL_VISION_POSITION_ESTIMATE,flight_controller_reference_only,266411,-11.113037109375,22.34392547607422,2.0229806900024414
1788312291167769565,1788312291167769565,-0.11117454528808594,0.22342802047729493,-0.020229833126068117,GLOBAL_VISION_POSITION_ESTIMATE,flight_controller_reference_only,266511,-11.117454528808594,22.342802047729492,2.0229833126068115
1788312291268255221,1788312291268255221,-0.11123549461364746,0.22343154907226562,-0.01977285146713257,GLOBAL_VISION_POSITION_ESTIMATE,flight_controller_reference_only,266611,-11.123549461364746,22.343154907226562,1.9772851467132568
1788312291368532743,1788312291368532743,-0.11130668640136719,0.22346002578735352,-0.025016839504241942,GLOBAL_VISION_POSITION_ESTIMATE,flight_controller_reference_only,266711,-11.130668640136719,22.34600257873535,2.5016839504241943
1788312291469948929,1788312291469948929,-0.1113780403137207,0.2234964942932129,-0.02506272554397583,GLOBAL_VISION_POSITION_ESTIMATE,flight_controller_reference_only,266811,-11.13780403137207,22.34964942932129,2.506272554397583
1788312291569014809,1788312291569014809,-0.11143209457397461,0.22353933334350587,-0.025062735080718993,GLOBAL_VISION_POSITION_ESTIMATE,flight_controller_reference_only,266911,-11.143209457397461,22.353933334350586,2.5062735080718994
1788312291675191166,1788312291675191166,-0.11148680686950684,0.22361236572265625,-0.02118515729904175,GLOBAL_VISION_POSITION_ESTIMATE,flight_controller_reference_only,267011,-11.148680686950684,22.361236572265625,2.118515729904175
1788312291768060147,1788312291768060147,-0.11154883384704589,0.2236824607849121,-0.02614800214767456,GLOBAL_VISION_POSITION_ESTIMATE,flight_controller_reference_only,267111,-11.15488338470459,22.36824607849121,2.614800214767456
1788312291870638599,1788312291870638599,-0.1116038703918457,0.22371698379516602,-0.026746442317962648,GLOBAL_VISION_POSITION_ESTIMATE,flight_controller_reference_only,267211,-11.16038703918457,22.3716983795166,2.6746442317962646
1788312291971617287,1788312291971617287,-0.11166461944580078,0.2237468147277832,-0.02674647092819214,GLOBAL_VISION_POSITION_ESTIMATE,flight_controller_reference_only,267311,-11.166461944580078,22.37468147277832,2.674647092819214
1788312292068155775,1788312292068155775,-0.11168844223022462,0.22374101638793945,-0.028600528240203857,GLOBAL_VISION_POSITION_ESTIMATE,flight_controller_reference_only,267411,-11.168844223022461,22.374101638793945,2.8600528240203857
1788312292169010971,1788312292169010971,-0.11171338081359863,0.22372489929199219,-0.022292459011077882,GLOBAL_VISION_POSITION_ESTIMATE,flight_controller_reference_only,267511,-11.171338081359863,22.37248992919922,2.229245901107788
1788312292270092375,1788312292270092375,-0.11175191879272461,0.22372255325317383,-0.02546273708343506,GLOBAL_VISION_POSITION_ESTIMATE,flight_controller_reference_only,267611,-11.175191879272461,22.372255325317383,2.546273708343506
1788312292368502401,1788312292368502401,-0.11179824829101563,0.22371904373168947,-0.025462729930877684,GLOBAL_VISION_POSITION_ESTIMATE,flight_controller_reference_only,267711,-11.179824829101562,22.371904373168945,2.5462729930877686
1788312292468892169,1788312292468892169,-0.11186092376708984,0.22374549865722657,-0.026837992668151855,GLOBAL_VISION_POSITION_ESTIMATE,flight_controller_reference_only,267811,-11.186092376708984,22.374549865722656,2.6837992668151855
1788312292574312718,1788312292574312718,-0.11190148353576661,0.22376983642578124,-0.024258785247802735,GLOBAL_VISION_POSITION_ESTIMATE,flight_controller_reference_only,267911,-11.19014835357666,22.376983642578125,2.4258785247802734
1788312292675251576,1788312292675251576,-0.11194812774658203,0.22378778457641602,-0.03001741409301758,GLOBAL_VISION_POSITION_ESTIMATE,flight_controller_reference_only,268011,-11.194812774658203,22.3787784576416,3.001741409301758
1788312292768513291,1788312292768513291,-0.11200507164001465,0.2238145065307617,-0.030017373561859132,GLOBAL_VISION_POSITION_ESTIMATE,flight_controller_reference_only,268111,-11.200507164001465,22.381450653076172,3.001737356185913
1788312292869155524,1788312292869155524,-0.11205977439880371,0.22381889343261718,-0.027202820777893065,GLOBAL_VISION_POSITION_ESTIMATE,flight_controller_reference_only,268211,-11.205977439880371,22.38188934326172,2.7202820777893066
1788312292969053392,1788312292969053392,-0.11211112022399902,0.22382349014282227,-0.02897976875305176,GLOBAL_VISION_POSITION_ESTIMATE,flight_controller_reference_only,268311,-11.211112022399902,22.382349014282227,2.897976875305176
1788312293067643550,1788312293067643550,-0.11215513229370117,0.22383926391601563,-0.02423783540725708,GLOBAL_VISION_POSITION_ESTIMATE,flight_controller_reference_only,268411,-11.215513229370117,22.383926391601562,2.423783540725708
1788312293168345063,1788312293168345063,-0.11217759132385254,0.2238677406311035,-0.024237833023071288,GLOBAL_VISION_POSITION_ESTIMATE,flight_controller_reference_only,268511,-11.217759132385254,22.38677406311035,2.423783302307129
1788312293268956952,1788312293268956952,-0.11220566749572754,0.22388643264770508,-0.022466042041778565,GLOBAL_VISION_POSITION_ESTIMATE,flight_controller_reference_only,268611,-11.220566749572754,22.388643264770508,2.2466042041778564
1788312293367556447,1788312293367556447,-0.11222289085388183,0.22391637802124023,-0.031136066913604737,GLOBAL_VISION_POSITION_ESTIMATE,flight_controller_reference_only,268711,-11.222289085388184,22.391637802124023,3.1136066913604736
1788312293470607052,1788312293470607052,-0.11227633476257325,0.22394840240478517,-0.023535099029541016,GLOBAL_VISION_POSITION_ESTIMATE,flight_controller_reference_only,268811,-11.227633476257324,22.394840240478516,2.3535099029541016
1788312293570678648,1788312293570678648,-0.11235279083251953,0.22398849487304687,-0.023535089492797853,GLOBAL_VISION_POSITION_ESTIMATE,flight_controller_reference_only,268911,-11.235279083251953,22.398849487304688,2.353508949279785
1788312293673725510,1788312293673725510,-0.11240348815917969,0.22403934478759766,-0.027058262825012207,GLOBAL_VISION_POSITION_ESTIMATE,flight_controller_reference_only,269011,-11.240348815917969,22.403934478759766,2.7058262825012207
1788312293769076487,1788312293769076487,-0.11244482040405274,0.22411930084228515,-0.022490077018737793,GLOBAL_VISION_POSITION_ESTIMATE,flight_controller_reference_only,269111,-11.244482040405273,22.411930084228516,2.2490077018737793
1788312293867856942,1788312293867856942,-0.11250149726867675,0.22419544219970702,-0.024784910678863525,GLOBAL_VISION_POSITION_ESTIMATE,flight_controller_reference_only,269211,-11.250149726867676,22.419544219970703,2.4784910678863525
1788312293967895363,1788312293967895363,-0.1125506591796875,0.22426197052001953,-0.024784903526306152,GLOBAL_VISION_POSITION_ESTIMATE,flight_controller_reference_only,269311,-11.25506591796875,22.426197052001953,2.4784903526306152
1788312294070432724,1788312294070432724,-0.11262869834899902,0.2242882537841797,-0.024359700679779054,GLOBAL_VISION_POSITION_ESTIMATE,flight_controller_reference_only,269411,-11.262869834899902,22.42882537841797,2.4359700679779053
1788312294168384608,1788312294168384608,-0.11268628120422364,0.22426263809204103,-0.023586130142211913,GLOBAL_VISION_POSITION_ESTIMATE,flight_controller_reference_only,269511,-11.268628120422363,22.4262638092041,2.3586130142211914
1788312294267973040,1788312294267973040,-0.11275999069213867,0.22425674438476562,-0.02174412727355957,GLOBAL_VISION_POSITION_ESTIMATE,flight_controller_reference_only,269611,-11.275999069213867,22.425674438476562,2.174412727355957
1788312294395501773,1788312294395501773,-0.11283608436584473,0.2242681121826172,-0.02174412488937378,GLOBAL_VISION_POSITION_ESTIMATE,flight_controller_reference_only,269711,-11.283608436584473,22.42681121826172,2.174412488937378
1788312294467979402,1788312294467979402,-0.11289029121398926,0.22427934646606446,-0.023070409297943115,GLOBAL_VISION_POSITION_ESTIMATE,flight_controller_reference_only,269811,-11.289029121398926,22.427934646606445,2.3070409297943115
1788312294567917806,1788312294567917806,-0.11293846130371094,0.22431354522705077,-0.02624011993408203,GLOBAL_VISION_POSITION_ESTIMATE,flight_controller_reference_only,269911,-11.293846130371094,22.431354522705078,2.624011993408203
1788312294674821127,1788312294674821127,-0.11296003341674804,0.22436206817626952,-0.02532332181930542,GLOBAL_VISION_POSITION_ESTIMATE,flight_controller_reference_only,270011,-11.296003341674805,22.436206817626953,2.532332181930542
1788312294767885045,1788312294767885045,-0.11298527717590331,0.22442886352539063,-0.02532331705093384,GLOBAL_VISION_POSITION_ESTIMATE,flight_controller_reference_only,270111,-11.298527717590332,22.442886352539062,2.532331705093384
1788312294868764977,1788312294868764977,-0.11300410270690918,0.22448369979858399,-0.022166030406951906,GLOBAL_VISION_POSITION_ESTIMATE,flight_controller_reference_only,270211,-11.300410270690918,22.4483699798584,2.2166030406951904
1788312294968897926,1788312294968897926,-0.1130239200592041,0.22450946807861327,-0.023437910079956055,GLOBAL_VISION_POSITION_ESTIMATE,flight_controller_reference_only,270311,-11.30239200592041,22.450946807861328,2.3437910079956055
1788312295073611373,1788312295073611373,-0.11305974006652832,0.2245353126525879,-0.02402031421661377,GLOBAL_VISION_POSITION_ESTIMATE,flight_controller_reference_only,270411,-11.305974006652832,22.45353126525879,2.402031421661377
1788312295168210806,1788312295168210806,-0.11308973312377929,0.22454849243164063,-0.024020376205444335,GLOBAL_VISION_POSITION_ESTIMATE,flight_controller_reference_only,270511,-11.30897331237793,22.454849243164062,2.4020376205444336
1788312295268052162,1788312295268052162,-0.11308648109436036,0.2245469856262207,-0.028104722499847412,GLOBAL_VISION_POSITION_ESTIMATE,flight_controller_reference_only,270611,-11.308648109436035,22.45469856262207,2.810472249984741
1788312295367574267,1788312295367574267,-0.11308143615722656,0.22455293655395508,-0.02058607816696167,GLOBAL_VISION_POSITION_ESTIMATE,flight_controller_reference_only,270711,-11.308143615722656,22.455293655395508,2.058607816696167
1788312295490606362,1788312295490606362,-0.11307340621948242,0.22455982208251954,-0.02929616451263428,GLOBAL_VISION_POSITION_ESTIMATE,flight_controller_reference_only,270811,-11.307340621948242,22.455982208251953,2.9296164512634277
1788312295568246816,1788312295568246816,-0.1130698013305664,0.22458364486694335,-0.029296183586120607,GLOBAL_VISION_POSITION_ESTIMATE,flight_controller_reference_only,270911,-11.30698013305664,22.458364486694336,2.9296183586120605
1788312295673675264,1788312295673675264,-0.11306808471679687,0.22465217590332032,-0.02119412660598755,GLOBAL_VISION_POSITION_ESTIMATE,flight_controller_reference_only,271011,-11.306808471679688,22.46521759033203,2.119412660598755
1788312295768514199,1788312295768514199,-0.11306624412536621,0.22470306396484374,-0.024940292835235595,GLOBAL_VISION_POSITION_ESTIMATE,flight_controller_reference_only,271111,-11.306624412536621,22.470306396484375,2.4940292835235596
1788312295868973425,1788312295868973425,-0.11308825492858887,0.2247147750854492,-0.02716987133026123,GLOBAL_VISION_POSITION_ESTIMATE,flight_controller_reference_only,271211,-11.308825492858887,22.471477508544922,2.716987133026123
1788312295969679847,1788312295969679847,-0.11314621925354004,0.22474180221557616,-0.02716986894607544,GLOBAL_VISION_POSITION_ESTIMATE,flight_controller_reference_only,271311,-11.314621925354004,22.474180221557617,2.716986894607544
1788312296076589232,1788312296076589232,-0.11320879936218262,0.22479000091552734,-0.019882814884185793,GLOBAL_VISION_POSITION_ESTIMATE,flight_controller_reference_only,271411,-11.320879936218262,22.479000091552734,1.988281488418579
1788312296167937743,1788312296167937743,-0.11325076103210449,0.2248343849182129,-0.024112679958343507,GLOBAL_VISION_POSITION_ESTIMATE,flight_controller_reference_only,271511,-11.32507610321045,22.48343849182129,2.4112679958343506
1788312296269109713,1788312296269109713,-0.11326984405517578,0.22484817504882812,-0.025986807346343996,GLOBAL_VISION_POSITION_ESTIMATE,flight_controller_reference_only,271611,-11.326984405517578,22.484817504882812,2.5986807346343994
1788312296368185335,1788312296368185335,-0.1132893180847168,0.22485177993774413,-0.025986759662628173,GLOBAL_VISION_POSITION_ESTIMATE,flight_controller_reference_only,271711,-11.32893180847168,22.485177993774414,2.5986759662628174
1788312296469689556,1788312296469689556,-0.11332409858703613,0.22485578536987305,-0.021632072925567628,GLOBAL_VISION_POSITION_ESTIMATE,flight_controller_reference_only,271811,-11.332409858703613,22.485578536987305,2.1632072925567627
1788312296567954384,1788312296567954384,-0.11337451934814453,0.22487377166748046,-0.029861063957214357,GLOBAL_VISION_POSITION_ESTIMATE,flight_controller_reference_only,271911,-11.337451934814453,22.487377166748047,2.9861063957214355
1788312296673608628,1788312296673608628,-0.11344141960144043,0.22492969512939454,-0.026916396617889405,GLOBAL_VISION_POSITION_ESTIMATE,flight_controller_reference_only,272011,-11.344141960144043,22.492969512939453,2.6916396617889404
1788312296769861896,1788312296769861896,-0.11351561546325684,0.22495828628540038,-0.026916391849517822,GLOBAL_VISION_POSITION_ESTIMATE,flight_controller_reference_only,272111,-11.351561546325684,22.49582862854004,2.6916391849517822
1788312296868118304,1788312296868118304,-0.1136058235168457,0.22500226974487306,-0.025193908214569093,GLOBAL_VISION_POSITION_ESTIMATE,flight_controller_reference_only,272211,-11.36058235168457,22.500226974487305,2.519390821456909
1788312296967693649,1788312296967693649,-0.11368354797363281,0.22505844116210938,-0.01572511315345764,GLOBAL_VISION_POSITION_ESTIMATE,flight_controller_reference_only,272311,-11.368354797363281,22.505844116210938,1.5725113153457642
1788312297067816679,1788312297067816679,-0.11373423576354981,0.2251007080078125,-0.027937517166137696,GLOBAL_VISION_POSITION_ESTIMATE,flight_controller_reference_only,272411,-11.37342357635498,22.51007080078125,2.7937517166137695
1788312297180013951,1788312297180013951,-0.11378384590148925,0.22514822006225585,-0.02793753147125244,GLOBAL_VISION_POSITION_ESTIMATE,flight_controller_reference_only,272511,-11.378384590148926,22.514822006225586,2.793753147125244
1788312297269460640,1788312297269460640,-0.11382553100585938,0.22519001007080078,-0.021700031757354736,GLOBAL_VISION_POSITION_ESTIMATE,flight_controller_reference_only,272611,-11.382553100585938,22.519001007080078,2.1700031757354736
1788312297369611989,1788312297369611989,-0.11387863159179687,0.22525785446166993,-0.02441868782043457,GLOBAL_VISION_POSITION_ESTIMATE,flight_controller_reference_only,272711,-11.387863159179688,22.525785446166992,2.441868782043457
1788312297467760657,1788312297467760657,-0.11395660400390625,0.22531089782714844,-0.031895475387573244,GLOBAL_VISION_POSITION_ESTIMATE,flight_controller_reference_only,272811,-11.395660400390625,22.531089782714844,3.189547538757324
1788312297568345303,1788312297568345303,-0.11402130126953125,0.22533288955688477,-0.03189550161361694,GLOBAL_VISION_POSITION_ESTIMATE,flight_controller_reference_only,272911,-11.402130126953125,22.533288955688477,3.1895501613616943
1788312297674707751,1788312297674707751,-0.11409823417663574,0.2253614044189453,-0.022183375358581545,GLOBAL_VISION_POSITION_ESTIMATE,flight_controller_reference_only,273011,-11.409823417663574,22.53614044189453,2.2183375358581543
1788312297767699946,1788312297767699946,-0.11415329933166504,0.22540367126464844,-0.02094442367553711,GLOBAL_VISION_POSITION_ESTIMATE,flight_controller_reference_only,273111,-11.415329933166504,22.540367126464844,2.094442367553711
1788312297869416289,1788312297869416289,-0.11418787002563477,0.22546268463134767,-0.022708709239959716,GLOBAL_VISION_POSITION_ESTIMATE,flight_controller_reference_only,273211,-11.418787002563477,22.546268463134766,2.2708709239959717
1788312297968423162,1788312297968423162,-0.11423759460449219,0.22550979614257813,-0.022708725929260255,GLOBAL_VISION_POSITION_ESTIMATE,flight_controller_reference_only,273311,-11.423759460449219,22.550979614257812,2.2708725929260254
1788312298068157892,1788312298068157892,-0.1143051815032959,0.22553691864013672,-0.02175199031829834,GLOBAL_VISION_POSITION_ESTIMATE,flight_controller_reference_only,273411,-11.43051815032959,22.553691864013672,2.175199031829834
1788312298170721039,1788312298170721039,-0.11437500953674316,0.2255684471130371,-0.025414016246795654,GLOBAL_VISION_POSITION_ESTIMATE,flight_controller_reference_only,273511,-11.437500953674316,22.55684471130371,2.5414016246795654
1788312298268233837,1788312298268233837,-0.11445512771606445,0.22562776565551756,-0.028937957286834716,GLOBAL_VISION_POSITION_ESTIMATE,flight_controller_reference_only,273611,-11.445512771606445,22.562776565551758,2.8937957286834717
1788312298367765380,1788312298367765380,-0.11452282905578613,0.22567577362060548,-0.028937978744506834,GLOBAL_VISION_POSITION_ESTIMATE,flight_controller_reference_only,273711,-11.452282905578613,22.567577362060547,2.8937978744506836
1788312298470703778,1788312298470703778,-0.1145809268951416,0.2257331657409668,-0.021006338596343994,GLOBAL_VISION_POSITION_ESTIMATE,flight_controller_reference_only,273811,-11.45809268951416,22.57331657409668,2.1006338596343994
1788312298567943439,1788312298567943439,-0.11463499069213867,0.2257640266418457,-0.026267788410186767,GLOBAL_VISION_POSITION_ESTIMATE,flight_controller_reference_only,273911,-11.463499069213867,22.57640266418457,2.6267788410186768
1788312298675759914,1788312298675759914,-0.1146927833557129,0.2257928466796875,-0.025348129272460936,GLOBAL_VISION_POSITION_ESTIMATE,flight_controller_reference_only,274011,-11.469278335571289,22.57928466796875,2.5348129272460938
1788312298769935037,1788312298769935037,-0.11475895881652833,0.22583532333374023,-0.025348122119903563,GLOBAL_VISION_POSITION_ESTIMATE,flight_controller_reference_only,274111,-11.475895881652832,22.583532333374023,2.5348122119903564
1788312298901888889,1788312298901888889,-0.11481422424316406,0.22585338592529297,-0.029243574142456055,GLOBAL_VISION_POSITION_ESTIMATE,flight_controller_reference_only,274211,-11.481422424316406,22.585338592529297,2.9243574142456055
1788312298968922218,1788312298968922218,-0.11486825942993165,0.22585613250732423,-0.018253893852233888,GLOBAL_VISION_POSITION_ESTIMATE,flight_controller_reference_only,274311,-11.486825942993164,22.585613250732422,1.8253893852233887
1788312299068817420,1788312299068817420,-0.11490444183349609,0.2258517074584961,-0.03003563165664673,GLOBAL_VISION_POSITION_ESTIMATE,flight_controller_reference_only,274411,-11.49044418334961,22.58517074584961,3.003563165664673
1788312299168034590,1788312299168034590,-0.11492925643920898,0.22584659576416016,-0.030035619735717774,GLOBAL_VISION_POSITION_ESTIMATE,flight_controller_reference_only,274511,-11.492925643920898,22.584659576416016,3.0035619735717773
1788312299268340449,1788312299268340449,-0.11494091033935547,0.2258778190612793,-0.021609599590301513,GLOBAL_VISION_POSITION_ESTIMATE,flight_controller_reference_only,274611,-11.494091033935547,22.58778190612793,2.1609599590301514
1788312299368727664,1788312299368727664,-0.1149631118774414,0.2259084701538086,-0.021744451522827148,GLOBAL_VISION_POSITION_ESTIMATE,flight_controller_reference_only,274711,-11.49631118774414,22.59084701538086,2.174445152282715
1788312299478873602,1788312299478873602,-0.11500829696655274,0.22592702865600586,-0.023815155029296875,GLOBAL_VISION_POSITION_ESTIMATE,flight_controller_reference_only,274811,-11.500829696655273,22.592702865600586,2.3815155029296875
1788312299568671640,1788312299568671640,-0.11508765220642089,0.22595247268676757,-0.023815159797668458,GLOBAL_VISION_POSITION_ESTIMATE,flight_controller_reference_only,274911,-11.50876522064209,22.595247268676758,2.3815159797668457
1788312299674468159,1788312299674468159,-0.11513731002807617,0.22596595764160157,-0.022828094959259033,GLOBAL_VISION_POSITION_ESTIMATE,flight_controller_reference_only,275011,-11.513731002807617,22.596595764160156,2.2828094959259033
1788312299770017791,1788312299770017791,-0.11520968437194824,0.22600351333618163,-0.02600085735321045,GLOBAL_VISION_POSITION_ESTIMATE,flight_controller_reference_only,275111,-11.520968437194824,22.600351333618164,2.600085735321045
1788312299868172908,1788312299868172908,-0.11526973724365235,0.22607975006103515,-0.01826900362968445,GLOBAL_VISION_POSITION_ESTIMATE,flight_controller_reference_only,275211,-11.526973724365234,22.607975006103516,1.8269003629684448
1788312299974668757,1788312299974668757,-0.11530500411987304,0.22615123748779298,-0.018268964290618896,GLOBAL_VISION_POSITION_ESTIMATE,flight_controller_reference_only,275311,-11.530500411987305,22.615123748779297,1.8268964290618896
1788312300068156565,1788312300068156565,-0.11535351753234863,0.22620946884155274,-0.026105167865753173,GLOBAL_VISION_POSITION_ESTIMATE,flight_controller_reference_only,275411,-11.535351753234863,22.620946884155273,2.6105167865753174
1788312300167949522,1788312300167949522,-0.11541085243225098,0.22626697540283203,-0.02299137592315674,GLOBAL_VISION_POSITION_ESTIMATE,flight_controller_reference_only,275511,-11.541085243225098,22.626697540283203,2.299137592315674
1788312300267572038,1788312300267572038,-0.11550163269042969,0.2263355255126953,-0.026181657314300538,GLOBAL_VISION_POSITION_ESTIMATE,flight_controller_reference_only,275611,-11.550163269042969,22.63355255126953,2.6181657314300537
1788312300367753000,1788312300367753000,-0.11557886123657227,0.22641731262207032,-0.026181726455688475,GLOBAL_VISION_POSITION_ESTIMATE,flight_controller_reference_only,275711,-11.557886123657227,22.64173126220703,2.6181726455688477
1788312300473631364,1788312300473631364,-0.11567400932312012,0.22649087905883789,-0.016481213569641114,GLOBAL_VISION_POSITION_ESTIMATE,flight_controller_reference_only,275811,-11.567400932312012,22.64908790588379,1.6481213569641113
1788312300568436188,1788312300568436188,-0.11576215744018555,0.22652334213256836,-0.02505757808685303,GLOBAL_VISION_POSITION_ESTIMATE,flight_controller_reference_only,275911,-11.576215744018555,22.652334213256836,2.5057578086853027
1788312300678114059,1788312300678114059,-0.11583207130432129,0.22655216217041016,-0.02398214817047119,GLOBAL_VISION_POSITION_ESTIMATE,flight_controller_reference_only,276011,-11.583207130432129,22.655216217041016,2.398214817047119
1788312300769378982,1788312300769378982,-0.11590726852416992,0.22658321380615234,-0.023982110023498534,GLOBAL_VISION_POSITION_ESTIMATE,flight_controller_reference_only,276111,-11.590726852416992,22.658321380615234,2.3982110023498535
1788312300868216402,1788312300868216402,-0.1159907341003418,0.22660951614379882,-0.02161656379699707,GLOBAL_VISION_POSITION_ESTIMATE,flight_controller_reference_only,276211,-11.59907341003418,22.660951614379883,2.161656379699707
1788312300967713751,1788312300967713751,-0.11607282638549804,0.22663366317749023,-0.02252068042755127,GLOBAL_VISION_POSITION_ESTIMATE,flight_controller_reference_only,276311,-11.607282638549805,22.663366317749023,2.252068042755127
1788312301068209868,1788312301068209868,-0.1161258888244629,0.22667425155639648,-0.022726190090179444,GLOBAL_VISION_POSITION_ESTIMATE,flight_controller_reference_only,276411,-11.612588882446289,22.66742515563965,2.2726190090179443
1788312301168210030,1788312301168210030,-0.11618005752563476,0.22671329498291015,-0.022726213932037352,GLOBAL_VISION_POSITION_ESTIMATE,flight_controller_reference_only,276511,-11.618005752563477,22.671329498291016,2.2726213932037354
1788312301272224615,1788312301272224615,-0.11621004104614258,0.22679487228393555,-0.024685490131378173,GLOBAL_VISION_POSITION_ESTIMATE,flight_controller_reference_only,276611,-11.621004104614258,22.679487228393555,2.4685490131378174
1788312301368529101,1788312301368529101,-0.1162409496307373,0.2268924331665039,-0.027928919792175294,GLOBAL_VISION_POSITION_ESTIMATE,flight_controller_reference_only,276711,-11.62409496307373,22.68924331665039,2.7928919792175293
1788312301467930503,1788312301467930503,-0.11627320289611816,0.22698101043701172,-0.020741698741912843,GLOBAL_VISION_POSITION_ESTIMATE,flight_controller_reference_only,276811,-11.627320289611816,22.698101043701172,2.074169874191284
1788312301567800453,1788312301567800453,-0.11631422996520996,0.22704116821289064,-0.02074164867401123,GLOBAL_VISION_POSITION_ESTIMATE,flight_controller_reference_only,276911,-11.631422996520996,22.704116821289062,2.074164867401123
1788312301674206214,1788312301674206214,-0.1163383674621582,0.22707834243774414,-0.028739795684814454,GLOBAL_VISION_POSITION_ESTIMATE,flight_controller_reference_only,277011,-11.63383674621582,22.707834243774414,2.8739795684814453
1788312301768616309,1788312301768616309,-0.11641216278076172,0.22711952209472655,-0.028821494579315186,GLOBAL_VISION_POSITION_ESTIMATE,flight_controller_reference_only,277111,-11.641216278076172,22.711952209472656,2.8821494579315186
1788312301869564123,1788312301869564123,-0.11655033111572266,0.2271609115600586,-0.022606351375579835,GLOBAL_VISION_POSITION_ESTIMATE,flight_controller_reference_only,277211,-11.655033111572266,22.71609115600586,2.2606351375579834
1788312301967930380,1788312301967930380,-0.11666605949401855,0.22719411849975585,-0.022606370449066163,GLOBAL_VISION_POSITION_ESTIMATE,flight_controller_reference_only,277311,-11.666605949401855,22.719411849975586,2.260637044906616
1788312302068902026,1788312302068902026,-0.11674823760986328,0.22722217559814453,-0.025335912704467774,GLOBAL_VISION_POSITION_ESTIMATE,flight_controller_reference_only,277411,-11.674823760986328,22.722217559814453,2.5335912704467773
1788312302167941298,1788312302167941298,-0.11682125091552735,0.22724636077880858,-0.028338139057159425,GLOBAL_VISION_POSITION_ESTIMATE,flight_controller_reference_only,277511,-11.682125091552734,22.72463607788086,2.8338139057159424
1788312302268148886,1788312302268148886,-0.11687993049621583,0.227277889251709,-0.022934927940368652,GLOBAL_VISION_POSITION_ESTIMATE,flight_controller_reference_only,277611,-11.687993049621582,22.7277889251709,2.2934927940368652
1788312302368168517,1788312302368168517,-0.11693348884582519,0.2273046112060547,-0.02293494462966919,GLOBAL_VISION_POSITION_ESTIMATE,flight_controller_reference_only,277711,-11.69334888458252,22.73046112060547,2.293494462966919
1788312302472924897,1788312302472924897,-0.116992769241333,0.22732410430908204,-0.02505016565322876,GLOBAL_VISION_POSITION_ESTIMATE,flight_controller_reference_only,277811,-11.6992769241333,22.732410430908203,2.505016565322876
1788312302569380158,1788312302569380158,-0.11704024314880371,0.22736005783081054,-0.022426354885101318,GLOBAL_VISION_POSITION_ESTIMATE,flight_controller_reference_only,277911,-11.704024314880371,22.736005783081055,2.242635488510132
1788312302673333412,1788312302673333412,-0.11706262588500976,0.22739723205566406,-0.022426421642303466,GLOBAL_VISION_POSITION_ESTIMATE,flight_controller_reference_only,278011,-11.706262588500977,22.739723205566406,2.2426421642303467
1788312302767657414,1788312302767657414,-0.11709964752197266,0.22742828369140625,-0.020957064628601075,GLOBAL_VISION_POSITION_ESTIMATE,flight_controller_reference_only,278111,-11.709964752197266,22.742828369140625,2.0957064628601074
1788312302868059038,1788312302868059038,-0.11715408325195313,0.22745218276977539,-0.021268966197967528,GLOBAL_VISION_POSITION_ESTIMATE,flight_controller_reference_only,278211,-11.715408325195312,22.74521827697754,2.126896619796753
1788312302967896800,1788312302967896800,-0.11721404075622559,0.22747398376464845,-0.022155988216400146,GLOBAL_VISION_POSITION_ESTIMATE,flight_controller_reference_only,278311,-11.721404075622559,22.747398376464844,2.2155988216400146
1788312303067751932,1788312303067751932,-0.117264404296875,0.2275037956237793,-0.022155981063842773,GLOBAL_VISION_POSITION_ESTIMATE,flight_controller_reference_only,278411,-11.7264404296875,22.75037956237793,2.2155981063842773
1788312303167573589,1788312303167573589,-0.11731058120727539,0.2275556182861328,-0.02602982521057129,GLOBAL_VISION_POSITION_ESTIMATE,flight_controller_reference_only,278511,-11.731058120727539,22.75556182861328,2.602982521057129
1788312303280421335,1788312303280421335,-0.11735249519348144,0.22762252807617187,-0.02143183708190918,GLOBAL_VISION_POSITION_ESTIMATE,flight_controller_reference_only,278611,-11.735249519348145,22.762252807617188,2.143183708190918
1788312303370165452,1788312303370165452,-0.11740412712097167,0.22768903732299806,-0.021490399837493897,GLOBAL_VISION_POSITION_ESTIMATE,flight_controller_reference_only,278711,-11.740412712097168,22.768903732299805,2.1490399837493896
1788312303467610762,1788312303467610762,-0.11745580673217773,0.22775344848632811,-0.02149028778076172,GLOBAL_VISION_POSITION_ESTIMATE,flight_controller_reference_only,278811,-11.745580673217773,22.775344848632812,2.149028778076172
1788312303567929909,1788312303567929909,-0.11746642112731934,0.2277784538269043,-0.026555137634277345,GLOBAL_VISION_POSITION_ESTIMATE,flight_controller_reference_only,278911,-11.746642112731934,22.77784538269043,2.6555137634277344
1788312303673078476,1788312303673078476,-0.11748785018920899,0.22782644271850586,-0.026597089767456054,GLOBAL_VISION_POSITION_ESTIMATE,flight_controller_reference_only,279011,-11.748785018920898,22.782644271850586,2.6597089767456055
1788312303767646150,1788312303767646150,-0.11755081176757813,0.22787113189697267,-0.024348132610321045,GLOBAL_VISION_POSITION_ESTIMATE,flight_controller_reference_only,279111,-11.755081176757812,22.787113189697266,2.4348132610321045
1788312303867693421,1788312303867693421,-0.11761617660522461,0.2279078483581543,-0.024348137378692628,GLOBAL_VISION_POSITION_ESTIMATE,flight_controller_reference_only,279211,-11.761617660522461,22.79078483581543,2.4348137378692627
1788312303967830993,1788312303967830993,-0.1176801586151123,0.22794811248779298,-0.028826913833618163,GLOBAL_VISION_POSITION_ESTIMATE,flight_controller_reference_only,279311,-11.76801586151123,22.794811248779297,2.8826913833618164
1788312304068576087,1788312304068576087,-0.1177568244934082,0.2279722785949707,-0.025411996841430664,GLOBAL_VISION_POSITION_ESTIMATE,flight_controller_reference_only,279411,-11.77568244934082,22.79722785949707,2.5411996841430664
1788312304168481020,1788312304168481020,-0.11781648635864257,0.22799360275268554,-0.02805436134338379,GLOBAL_VISION_POSITION_ESTIMATE,flight_controller_reference_only,279511,-11.781648635864258,22.799360275268555,2.805436134338379
1788312304268000905,1788312304268000905,-0.11786271095275878,0.22804283142089843,-0.026512489318847657,GLOBAL_VISION_POSITION_ESTIMATE,flight_controller_reference_only,279611,-11.786271095275879,22.804283142089844,2.6512489318847656
1788312304368379833,1788312304368379833,-0.1179288387298584,0.2280988883972168,-0.026512532234191893,GLOBAL_VISION_POSITION_ESTIMATE,flight_controller_reference_only,279711,-11.79288387298584,22.80988883972168,2.6512532234191895
1788312304469043345,1788312304469043345,-0.1180044174194336,0.22815807342529296,-0.02545872926712036,GLOBAL_VISION_POSITION_ESTIMATE,flight_controller_reference_only,279811,-11.80044174194336,22.815807342529297,2.545872926712036
1788312304568274697,1788312304568274697,-0.1180264949798584,0.22820354461669923,-0.028446831703186036,GLOBAL_VISION_POSITION_ESTIMATE,flight_controller_reference_only,279911,-11.80264949798584,22.820354461669922,2.8446831703186035
1788312304676639631,1788312304676639631,-0.11802688598632813,0.22823986053466797,-0.02844681739807129,GLOBAL_VISION_POSITION_ESTIMATE,flight_controller_reference_only,280011,-11.802688598632812,22.823986053466797,2.844681739807129
1788312304768174311,1788312304768174311,-0.11803732872009277,0.22824844360351562,-0.024331960678100586,GLOBAL_VISION_POSITION_ESTIMATE,flight_controller_reference_only,280111,-11.803732872009277,22.824844360351562,2.4331960678100586
1788312304876546935,1788312304876546935,-0.11807098388671874,0.2282584762573242,-0.01776422619819641,GLOBAL_VISION_POSITION_ESTIMATE,flight_controller_reference_only,280211,-11.807098388671875,22.825847625732422,1.7764226198196411
1788312304969027280,1788312304969027280,-0.1181297779083252,0.22829818725585938,-0.02525515079498291,GLOBAL_VISION_POSITION_ESTIMATE,flight_controller_reference_only,280311,-11.81297779083252,22.829818725585938,2.525515079498291
1788312305071203867,1788312305071203867,-0.11819415092468262,0.2283273696899414,-0.02525512933731079,GLOBAL_VISION_POSITION_ESTIMATE,flight_controller_reference_only,280411,-11.819415092468262,22.83273696899414,2.525512933731079
1788312305167503146,1788312305167503146,-0.11823464393615722,0.22833967208862305,-0.02509018898010254,GLOBAL_VISION_POSITION_ESTIMATE,flight_controller_reference_only,280511,-11.823464393615723,22.833967208862305,2.509018898010254
1788312305270021499,1788312305270021499,-0.11825652122497558,0.2283503532409668,-0.02697521209716797,GLOBAL_VISION_POSITION_ESTIMATE,flight_controller_reference_only,280611,-11.825652122497559,22.83503532409668,2.697521209716797
1788312305368657418,1788312305368657418,-0.11829184532165528,0.22834285736083984,-0.026127216815948488,GLOBAL_VISION_POSITION_ESTIMATE,flight_controller_reference_only,280711,-11.829184532165527,22.834285736083984,2.6127216815948486
1788312305467604436,1788312305467604436,-0.11832630157470703,0.22835052490234375,-0.026127195358276366,GLOBAL_VISION_POSITION_ESTIMATE,flight_controller_reference_only,280811,-11.832630157470703,22.835052490234375,2.6127195358276367
1788312305568278155,1788312305568278155,-0.1183473014831543,0.22837360382080077,-0.02021636247634888,GLOBAL_VISION_POSITION_ESTIMATE,flight_controller_reference_only,280911,-11.83473014831543,22.837360382080078,2.0216362476348877
1788312305673835832,1788312305673835832,-0.1183812141418457,0.22840843200683594,-0.030047783851623534,GLOBAL_VISION_POSITION_ESTIMATE,flight_controller_reference_only,281011,-11.83812141418457,22.840843200683594,3.0047783851623535
1788312305767975228,1788312305767975228,-0.11841666221618652,0.22845380783081054,-0.027178678512573242,GLOBAL_VISION_POSITION_ESTIMATE,flight_controller_reference_only,281111,-11.841666221618652,22.845380783081055,2.717867851257324
1788312305868175371,1788312305868175371,-0.11843035697937011,0.2285130500793457,-0.027178692817687988,GLOBAL_VISION_POSITION_ESTIMATE,flight_controller_reference_only,281211,-11.843035697937012,22.85130500793457,2.717869281768799
1788312305968501143,1788312305968501143,-0.1184617805480957,0.22856502532958983,-0.022188646793365477,GLOBAL_VISION_POSITION_ESTIMATE,flight_controller_reference_only,281311,-11.84617805480957,22.856502532958984,2.218864679336548
1788312306069375506,1788312306069375506,-0.11851972579956055,0.22861968994140625,-0.024456198215484618,GLOBAL_VISION_POSITION_ESTIMATE,flight_controller_reference_only,281411,-11.851972579956055,22.861968994140625,2.445619821548462
1788312306168128046,1788312306168128046,-0.11857150077819824,0.22867326736450194,-0.029170360565185547,GLOBAL_VISION_POSITION_ESTIMATE,flight_controller_reference_only,281511,-11.857150077819824,22.867326736450195,2.9170360565185547
1788312306268369447,1788312306268369447,-0.11861191749572754,0.22869544982910156,-0.02917034864425659,GLOBAL_VISION_POSITION_ESTIMATE,flight_controller_reference_only,281611,-11.861191749572754,22.869544982910156,2.917034864425659
1788312306368739503,1788312306368739503,-0.11862649917602539,0.22870267868041994,-0.028719496726989747,GLOBAL_VISION_POSITION_ESTIMATE,flight_controller_reference_only,281711,-11.862649917602539,22.870267868041992,2.8719496726989746
1788312306468242820,1788312306468242820,-0.11864352226257324,0.22870874404907227,-0.01941063642501831,GLOBAL_VISION_POSITION_ESTIMATE,flight_controller_reference_only,281811,-11.864352226257324,22.870874404907227,1.941063642501831
1788312306569405949,1788312306569405949,-0.11868179321289063,0.22873279571533203,-0.026158175468444823,GLOBAL_VISION_POSITION_ESTIMATE,flight_controller_reference_only,281911,-11.868179321289062,22.873279571533203,2.6158175468444824
1788312306679881093,1788312306679881093,-0.11870001792907715,0.2287640953063965,-0.026158161163330078,GLOBAL_VISION_POSITION_ESTIMATE,flight_controller_reference_only,282011,-11.870001792907715,22.87640953063965,2.615816116333008
1788312306768554075,1788312306768554075,-0.11873311042785645,0.22881511688232423,-0.024206855297088624,GLOBAL_VISION_POSITION_ESTIMATE,flight_controller_reference_only,282111,-11.873311042785645,22.881511688232422,2.4206855297088623
1788312306868913904,1788312306868913904,-0.11878640174865723,0.22887008666992187,-0.021859226226806642,GLOBAL_VISION_POSITION_ESTIMATE,flight_controller_reference_only,282211,-11.878640174865723,22.887008666992188,2.185922622680664
1788312306967986218,1788312306967986218,-0.11882920265197754,0.2289121627807617,-0.024873149394989014,GLOBAL_VISION_POSITION_ESTIMATE,flight_controller_reference_only,282311,-11.882920265197754,22.891216278076172,2.4873149394989014
1788312307068306144,1788312307068306144,-0.11888685226440429,0.22891878128051757,-0.024873170852661133,GLOBAL_VISION_POSITION_ESTIMATE,flight_controller_reference_only,282411,-11.88868522644043,22.891878128051758,2.4873170852661133
1788312307167963531,1788312307167963531,-0.11894224166870117,0.2289131736755371,-0.021772294044494628,GLOBAL_VISION_POSITION_ESTIMATE,flight_controller_reference_only,282511,-11.894224166870117,22.89131736755371,2.177229404449463
1788312307268605871,1788312307268605871,-0.11899134635925293,0.22889410018920897,-0.0266491436958313,GLOBAL_VISION_POSITION_ESTIMATE,flight_controller_reference_only,282611,-11.899134635925293,22.8894100189209,2.66491436958313
1788312307372787650,1788312307372787650,-0.11904611587524414,0.22890228271484375,-0.0232430100440979,GLOBAL_VISION_POSITION_ESTIMATE,flight_controller_reference_only,282711,-11.904611587524414,22.890228271484375,2.32430100440979
1788312307468745644,1788312307468745644,-0.11910977363586425,0.2289090347290039,-0.0232430100440979,GLOBAL_VISION_POSITION_ESTIMATE,flight_controller_reference_only,282811,-11.910977363586426,22.89090347290039,2.32430100440979
1788312307568970041,1788312307568970041,-0.11917222023010254,0.22889308929443358,-0.022323083877563477,GLOBAL_VISION_POSITION_ESTIMATE,flight_controller_reference_only,282911,-11.917222023010254,22.88930892944336,2.2323083877563477
1788312307673735766,1788312307673735766,-0.11920612335205077,0.22888683319091796,-0.02185187578201294,GLOBAL_VISION_POSITION_ESTIMATE,flight_controller_reference_only,283011,-11.920612335205078,22.888683319091797,2.185187578201294
1788312307781599051,1788312307781599051,-0.11921493530273437,0.22890129089355468,-0.02076160192489624,GLOBAL_VISION_POSITION_ESTIMATE,flight_controller_reference_only,283111,-11.921493530273438,22.89012908935547,2.076160192489624
1788312307869402771,1788312307869402771,-0.1192252254486084,0.2289394187927246,-0.020761606693267824,GLOBAL_VISION_POSITION_ESTIMATE,flight_controller_reference_only,283211,-11.92252254486084,22.89394187927246,2.0761606693267822
1788312307968929191,1788312307968929191,-0.11921960830688477,0.2289744186401367,-0.02775634765625,GLOBAL_VISION_POSITION_ESTIMATE,flight_controller_reference_only,283311,-11.921960830688477,22.897441864013672,2.775634765625
1788312308068062151,1788312308068062151,-0.1192573356628418,0.22899913787841797,-0.024389111995697023,GLOBAL_VISION_POSITION_ESTIMATE,flight_controller_reference_only,283411,-11.92573356628418,22.899913787841797,2.438911199569702
1788312308171048110,1788312308171048110,-0.11929405212402344,0.22903860092163086,-0.0223214316368103,GLOBAL_VISION_POSITION_ESTIMATE,flight_controller_reference_only,283511,-11.929405212402344,22.903860092163086,2.2321431636810303
1788312308267910634,1788312308267910634,-0.11933401107788086,0.229101505279541,-0.022321484088897704,GLOBAL_VISION_POSITION_ESTIMATE,flight_controller_reference_only,283611,-11.933401107788086,22.9101505279541,2.2321484088897705
1788312308369777644,1788312308369777644,-0.11937564849853516,0.22913841247558595,-0.026038990020751954,GLOBAL_VISION_POSITION_ESTIMATE,flight_controller_reference_only,283711,-11.937564849853516,22.913841247558594,2.6038990020751953
1788312308468578881,1788312308468578881,-0.11941102981567382,0.22918657302856446,-0.023869447708129883,GLOBAL_VISION_POSITION_ESTIMATE,flight_controller_reference_only,283811,-11.941102981567383,22.918657302856445,2.3869447708129883
1788312308567539380,1788312308567539380,-0.11943554878234863,0.22924457550048827,-0.024580183029174803,GLOBAL_VISION_POSITION_ESTIMATE,flight_controller_reference_only,283911,-11.943554878234863,22.924457550048828,2.4580183029174805
1788312308676800362,1788312308676800362,-0.11946433067321777,0.22931917190551757,-0.024580199718475342,GLOBAL_VISION_POSITION_ESTIMATE,flight_controller_reference_only,284011,-11.946433067321777,22.931917190551758,2.458019971847534
1788312308769087643,1788312308769087643,-0.11949257850646973,0.22936826705932617,-0.02324997425079346,GLOBAL_VISION_POSITION_ESTIMATE,flight_controller_reference_only,284111,-11.949257850646973,22.936826705932617,2.3249974250793457
1788312308876327880,1788312308876327880,-0.11953630447387695,0.22936710357666015,-0.026458451747894286,GLOBAL_VISION_POSITION_ESTIMATE,flight_controller_reference_only,284211,-11.953630447387695,22.936710357666016,2.6458451747894287
1788312308969753032,1788312308969753032,-0.11960169792175293,0.22937747955322266,-0.028796188831329346,GLOBAL_VISION_POSITION_ESTIMATE,flight_controller_reference_only,284311,-11.960169792175293,22.937747955322266,2.8796188831329346
1788312309068609387,1788312309068609387,-0.11965228080749511,0.22939453125,-0.028796141147613526,GLOBAL_VISION_POSITION_ESTIMATE,flight_controller_reference_only,284411,-11.965228080749512,22.939453125,2.8796141147613525
1788312309168415773,1788312309168415773,-0.11968889236450195,0.2294125747680664,-0.03190391063690186,GLOBAL_VISION_POSITION_ESTIMATE,flight_controller_reference_only,284511,-11.968889236450195,22.94125747680664,3.1903910636901855
1788312309269204201,1788312309269204201,-0.1197227668762207,0.22942787170410156,-0.024807279109954835,GLOBAL_VISION_POSITION_ESTIMATE,flight_controller_reference_only,284611,-11.97227668762207,22.942787170410156,2.4807279109954834
1788312309377800473,1788312309377800473,-0.11973654747009277,0.22945486068725585,-0.02513458490371704,GLOBAL_VISION_POSITION_ESTIMATE,flight_controller_reference_only,284711,-11.973654747009277,22.945486068725586,2.513458490371704
1788312309467731164,1788312309467731164,-0.11975885391235351,0.22948720932006836,-0.025134549140930176,GLOBAL_VISION_POSITION_ESTIMATE,flight_controller_reference_only,284811,-11.975885391235352,22.948720932006836,2.5134549140930176
1788312309567553290,1788312309567553290,-0.11977751731872559,0.22952184677124024,-0.02241109848022461,GLOBAL_VISION_POSITION_ESTIMATE,flight_controller_reference_only,284911,-11.977751731872559,22.952184677124023,2.241109848022461
1788312309679411987,1788312309679411987,-0.11982731819152832,0.22956079483032227,-0.024158706665039064,GLOBAL_VISION_POSITION_ESTIMATE,flight_controller_reference_only,285011,-11.982731819152832,22.956079483032227,2.4158706665039062
1788312309767863693,1788312309767863693,-0.11986618995666504,0.2295541000366211,-0.02331716537475586,GLOBAL_VISION_POSITION_ESTIMATE,flight_controller_reference_only,285111,-11.986618995666504,22.95541000366211,2.331716537475586
1788312309870786482,1788312309870786482,-0.11991567611694336,0.22953950881958007,-0.023317170143127442,GLOBAL_VISION_POSITION_ESTIMATE,flight_controller_reference_only,285211,-11.991567611694336,22.953950881958008,2.331717014312744
1788312309970556532,1788312309970556532,-0.1199603271484375,0.22952171325683593,-0.02991479158401489,GLOBAL_VISION_POSITION_ESTIMATE,flight_controller_reference_only,285311,-11.99603271484375,22.952171325683594,2.9914791584014893
1788312310067762482,1788312310067762482,-0.12001054763793945,0.22951068878173828,-0.021061801910400392,GLOBAL_VISION_POSITION_ESTIMATE,flight_controller_reference_only,285411,-12.001054763793945,22.951068878173828,2.106180191040039
1788312310169656124,1788312310169656124,-0.12007176399230957,0.22950485229492187,-0.02603579521179199,GLOBAL_VISION_POSITION_ESTIMATE,flight_controller_reference_only,285511,-12.007176399230957,22.950485229492188,2.603579521179199
1788312310268216069,1788312310268216069,-0.12011626243591308,0.22952106475830078,-0.026035850048065187,GLOBAL_VISION_POSITION_ESTIMATE,flight_controller_reference_only,285611,-12.011626243591309,22.952106475830078,2.6035850048065186
1788312310368826094,1788312310368826094,-0.12015722274780273,0.22954898834228515,-0.02452166557312012,GLOBAL_VISION_POSITION_ESTIMATE,flight_controller_reference_only,285711,-12.015722274780273,22.954898834228516,2.4521665573120117
1788312310468917333,1788312310468917333,-0.12018460273742676,0.22957304000854492,-0.024286849498748778,GLOBAL_VISION_POSITION_ESTIMATE,flight_controller_reference_only,285811,-12.018460273742676,22.957304000854492,2.428684949874878
1788312310567909691,1788312310567909691,-0.12021385192871094,0.22958454132080078,-0.026204149723052978,GLOBAL_VISION_POSITION_ESTIMATE,flight_controller_reference_only,285911,-12.021385192871094,22.958454132080078,2.620414972305298
1788312310673767145,1788312310673767145,-0.12026656150817872,0.22958986282348634,-0.026204166412353517,GLOBAL_VISION_POSITION_ESTIMATE,flight_controller_reference_only,286011,-12.026656150817871,22.958986282348633,2.6204166412353516
1788312310767920081,1788312310767920081,-0.12032621383666992,0.22958288192749024,-0.0187128746509552,GLOBAL_VISION_POSITION_ESTIMATE,flight_controller_reference_only,286111,-12.032621383666992,22.958288192749023,1.87128746509552
1788312310868390407,1788312310868390407,-0.12036127090454102,0.22958194732666015,-0.029721105098724367,GLOBAL_VISION_POSITION_ESTIMATE,flight_controller_reference_only,286211,-12.036127090454102,22.958194732666016,2.9721105098724365
1788312310967530162,1788312310967530162,-0.1203947639465332,0.22955394744873048,-0.022856793403625487,GLOBAL_VISION_POSITION_ESTIMATE,flight_controller_reference_only,286311,-12.03947639465332,22.955394744873047,2.285679340362549
1788312311067686092,1788312311067686092,-0.12043373107910156,0.229500732421875,-0.02285679817199707,GLOBAL_VISION_POSITION_ESTIMATE,flight_controller_reference_only,286411,-12.043373107910156,22.9500732421875,2.285679817199707
1788312311167836966,1788312311167836966,-0.12048650741577148,0.22946863174438475,-0.025290350914001464,GLOBAL_VISION_POSITION_ESTIMATE,flight_controller_reference_only,286511,-12.048650741577148,22.946863174438477,2.5290350914001465
1788312311269123194,1788312311269123194,-0.12053847312927246,0.22948263168334962,-0.02496593236923218,GLOBAL_VISION_POSITION_ESTIMATE,flight_controller_reference_only,286611,-12.053847312927246,22.94826316833496,2.4965932369232178
1788312311367924228,1788312311367924228,-0.12060966491699218,0.22951324462890624,-0.027729859352111818,GLOBAL_VISION_POSITION_ESTIMATE,flight_controller_reference_only,286711,-12.060966491699219,22.951324462890625,2.7729859352111816
1788312311467885910,1788312311467885910,-0.12067641258239746,0.22953168869018556,-0.027729859352111818,GLOBAL_VISION_POSITION_ESTIMATE,flight_controller_reference_only,286811,-12.067641258239746,22.953168869018555,2.7729859352111816
1788312311568282049,1788312311568282049,-0.12073095321655274,0.22953859329223633,-0.023432559967041015,GLOBAL_VISION_POSITION_ESTIMATE,flight_controller_reference_only,286911,-12.073095321655273,22.953859329223633,2.3432559967041016
1788312311673956719,1788312311673956719,-0.1207746410369873,0.2295357322692871,-0.02547971248626709,GLOBAL_VISION_POSITION_ESTIMATE,flight_controller_reference_only,287011,-12.07746410369873,22.95357322692871,2.547971248626709
1788312311767842218,1788312311767842218,-0.1208409023284912,0.2295534324645996,-0.01924155592918396,GLOBAL_VISION_POSITION_ESTIMATE,flight_controller_reference_only,287111,-12.084090232849121,22.95534324645996,1.924155592918396
1788312311868755122,1788312311868755122,-0.12089833259582519,0.22958810806274413,-0.01924152135848999,GLOBAL_VISION_POSITION_ESTIMATE,flight_controller_reference_only,287211,-12.08983325958252,22.958810806274414,1.924152135848999
1788312311974581369,1788312311974581369,-0.12095516204833984,0.2296078872680664,-0.028036212921142577,GLOBAL_VISION_POSITION_ESTIMATE,flight_controller_reference_only,287311,-12.095516204833984,22.96078872680664,2.803621292114258
1788312312069007410,1788312312069007410,-0.1210064697265625,0.22962570190429688,-0.02636451005935669,GLOBAL_VISION_POSITION_ESTIMATE,flight_controller_reference_only,287411,-12.10064697265625,22.962570190429688,2.636451005935669
1788312312168215303,1788312312168215303,-0.12107321739196777,0.22964349746704102,-0.02837373733520508,GLOBAL_VISION_POSITION_ESTIMATE,flight_controller_reference_only,287511,-12.107321739196777,22.9643497467041,2.837373733520508
1788312312270168232,1788312312270168232,-0.12112884521484375,0.2296481704711914,-0.02837372064590454,GLOBAL_VISION_POSITION_ESTIMATE,flight_controller_reference_only,287611,-12.112884521484375,22.96481704711914,2.837372064590454
1788312312370638878,1788312312370638878,-0.12118048667907715,0.22962230682373047,-0.027888467311859132,GLOBAL_VISION_POSITION_ESTIMATE,flight_controller_reference_only,287711,-12.118048667907715,22.962230682373047,2.788846731185913
1788312312467775794,1788312312467775794,-0.1212178897857666,0.22960517883300782,-0.03124506950378418,GLOBAL_VISION_POSITION_ESTIMATE,flight_controller_reference_only,287811,-12.12178897857666,22.96051788330078,3.124506950378418
1788312312567626329,1788312312567626329,-0.12124707221984864,0.22960445404052734,-0.02419903755187988,GLOBAL_VISION_POSITION_ESTIMATE,flight_controller_reference_only,287911,-12.124707221984863,22.960445404052734,2.4199037551879883
1788312312673747968,1788312312673747968,-0.12128029823303223,0.22960668563842773,-0.0241990065574646,GLOBAL_VISION_POSITION_ESTIMATE,flight_controller_reference_only,288011,-12.128029823303223,22.960668563842773,2.41990065574646
1788312312768008702,1788312312768008702,-0.12135660171508789,0.22960807800292968,-0.02070213556289673,GLOBAL_VISION_POSITION_ESTIMATE,flight_controller_reference_only,288111,-12.135660171508789,22.96080780029297,2.070213556289673
1788312312867730565,1788312312867730565,-0.12143802642822266,0.2295927619934082,-0.024267425537109377,GLOBAL_VISION_POSITION_ESTIMATE,flight_controller_reference_only,288211,-12.143802642822266,22.95927619934082,2.4267425537109375
1788312312968210364,1788312312968210364,-0.1214765453338623,0.22959239959716796,-0.02381394386291504,GLOBAL_VISION_POSITION_ESTIMATE,flight_controller_reference_only,288311,-12.14765453338623,22.959239959716797,2.381394386291504
1788312313067742283,1788312313067742283,-0.12147807121276856,0.22959665298461915,-0.023813939094543456,GLOBAL_VISION_POSITION_ESTIMATE,flight_controller_reference_only,288411,-12.147807121276855,22.959665298461914,2.3813939094543457
1788312313167920463,1788312313167920463,-0.12148202896118164,0.2296098518371582,-0.020325632095336915,GLOBAL_VISION_POSITION_ESTIMATE,flight_controller_reference_only,288511,-12.148202896118164,22.96098518371582,2.0325632095336914
1788312313267741998,1788312313267741998,-0.12150900840759277,0.22961585998535156,-0.02468994140625,GLOBAL_VISION_POSITION_ESTIMATE,flight_controller_reference_only,288611,-12.150900840759277,22.961585998535156,2.468994140625
1788312313368705447,1788312313368705447,-0.12156859397888184,0.22960506439208983,-0.024881668090820312,GLOBAL_VISION_POSITION_ESTIMATE,flight_controller_reference_only,288711,-12.156859397888184,22.960506439208984,2.4881668090820312
1788312313467870671,1788312313467870671,-0.12162692070007325,0.22960147857666016,-0.024881677627563478,GLOBAL_VISION_POSITION_ESTIMATE,flight_controller_reference_only,288811,-12.162692070007324,22.960147857666016,2.4881677627563477
1788312313570902989,1788312313570902989,-0.12167417526245117,0.22959287643432616,-0.019578689336776735,GLOBAL_VISION_POSITION_ESTIMATE,flight_controller_reference_only,288911,-12.167417526245117,22.959287643432617,1.9578689336776733
1788312313674328983,1788312313674328983,-0.12171194076538086,0.22956439971923828,-0.027321336269378663,GLOBAL_VISION_POSITION_ESTIMATE,flight_controller_reference_only,289011,-12.171194076538086,22.956439971923828,2.732133626937866
1788312313768406061,1788312313768406061,-0.12178452491760254,0.22957191467285157,-0.026847336292266846,GLOBAL_VISION_POSITION_ESTIMATE,flight_controller_reference_only,289111,-12.178452491760254,22.957191467285156,2.6847336292266846
1788312313871354289,1788312313871354289,-0.12186684608459472,0.22961864471435547,-0.026847312450408934,GLOBAL_VISION_POSITION_ESTIMATE,flight_controller_reference_only,289211,-12.186684608459473,22.961864471435547,2.6847312450408936
1788312313968483691,1788312313968483691,-0.12191876411437988,0.22966934204101563,-0.025778205394744874,GLOBAL_VISION_POSITION_ESTIMATE,flight_controller_reference_only,289311,-12.191876411437988,22.966934204101562,2.5778205394744873
1788312314067754078,1788312314067754078,-0.12195246696472167,0.229730224609375,-0.01990179181098938,GLOBAL_VISION_POSITION_ESTIMATE,flight_controller_reference_only,289411,-12.195246696472168,22.9730224609375,1.990179181098938
1788312314168103129,1788312314168103129,-0.12197772026062012,0.22978631973266603,-0.02417381763458252,GLOBAL_VISION_POSITION_ESTIMATE,flight_controller_reference_only,289511,-12.197772026062012,22.9786319732666,2.417381763458252
1788312314268600893,1788312314268600893,-0.12199705123901367,0.22984121322631837,-0.024173781871795655,GLOBAL_VISION_POSITION_ESTIMATE,flight_controller_reference_only,289611,-12.199705123901367,22.984121322631836,2.4173781871795654
1788312314368335968,1788312314368335968,-0.12203265190124511,0.22985349655151366,-0.024332313537597655,GLOBAL_VISION_POSITION_ESTIMATE,flight_controller_reference_only,289711,-12.203265190124512,22.985349655151367,2.4332313537597656
1788312314469120133,1788312314469120133,-0.12208320617675782,0.22984970092773438,-0.020963995456695556,GLOBAL_VISION_POSITION_ESTIMATE,flight_controller_reference_only,289811,-12.208320617675781,22.984970092773438,2.0963995456695557
1788312314567762514,1788312314567762514,-0.12215114593505859,0.2298622512817383,-0.029179477691650392,GLOBAL_VISION_POSITION_ESTIMATE,flight_controller_reference_only,289911,-12.21511459350586,22.986225128173828,2.917947769165039
1788312314677163181,1788312314677163181,-0.12219536781311036,0.2299005126953125,-0.02917945146560669,GLOBAL_VISION_POSITION_ESTIMATE,flight_controller_reference_only,290011,-12.219536781311035,22.99005126953125,2.917945146560669
1788312314772182001,1788312314772182001,-0.12224439620971679,0.22991058349609375,-0.025316965579986573,GLOBAL_VISION_POSITION_ESTIMATE,flight_controller_reference_only,290111,-12.22443962097168,22.991058349609375,2.5316965579986572
1788312314867878713,1788312314867878713,-0.1223001480102539,0.22992422103881835,-0.02976691722869873,GLOBAL_VISION_POSITION_ESTIMATE,flight_controller_reference_only,290211,-12.23001480102539,22.992422103881836,2.976691722869873
1788312314969917944,1788312314969917944,-0.12234743118286133,0.22990770339965821,-0.021436631679534912,GLOBAL_VISION_POSITION_ESTIMATE,flight_controller_reference_only,290311,-12.234743118286133,22.99077033996582,2.143663167953491
1788312315076495161,1788312315076495161,-0.12242660522460938,0.22990257263183594,-0.021436619758605956,GLOBAL_VISION_POSITION_ESTIMATE,flight_controller_reference_only,290411,-12.242660522460938,22.990257263183594,2.1436619758605957
1788312315167753711,1788312315167753711,-0.12248744010925293,0.22990934371948243,-0.022256999015808104,GLOBAL_VISION_POSITION_ESTIMATE,flight_controller_reference_only,290511,-12.248744010925293,22.990934371948242,2.2256999015808105
1788312315267734877,1788312315267734877,-0.12253878593444824,0.22991601943969728,-0.027884776592254638,GLOBAL_VISION_POSITION_ESTIMATE,flight_controller_reference_only,290611,-12.253878593444824,22.991601943969727,2.788477659225464
1788312315367914217,1788312315367914217,-0.12261700630187988,0.22990394592285157,-0.025411770343780518,GLOBAL_VISION_POSITION_ESTIMATE,flight_controller_reference_only,290711,-12.261700630187988,22.990394592285156,2.5411770343780518
1788312315467886385,1788312315467886385,-0.12268973350524902,0.22990638732910157,-0.025411758422851562,GLOBAL_VISION_POSITION_ESTIMATE,flight_controller_reference_only,290811,-12.268973350524902,22.990638732910156,2.5411758422851562
1788312315636009210,1788312315636009210,-0.1227537727355957,0.22993021011352538,-0.021480965614318847,GLOBAL_VISION_POSITION_ESTIMATE,flight_controller_reference_only,290911,-12.27537727355957,22.99302101135254,2.1480965614318848
1788312315674180345,1788312315674180345,-0.12278875350952148,0.2299565315246582,-0.026635639667510987,GLOBAL_VISION_POSITION_ESTIMATE,flight_controller_reference_only,291011,-12.278875350952148,22.99565315246582,2.6635639667510986
1788312315832598096,1788312315832598096,-0.12282082557678223,0.22996131896972657,-0.020252995491027832,GLOBAL_VISION_POSITION_ESTIMATE,flight_controller_reference_only,291111,-12.282082557678223,22.996131896972656,2.025299549102783
1788312315909264356,1788312315909264356,-0.12288212776184082,0.22997121810913085,-0.02025296926498413,GLOBAL_VISION_POSITION_ESTIMATE,flight_controller_reference_only,291211,-12.288212776184082,22.997121810913086,2.025296926498413
1788312316010063023,1788312316010063023,-0.12294700622558594,0.22999256134033202,-0.026861598491668703,GLOBAL_VISION_POSITION_ESTIMATE,flight_controller_reference_only,291311,-12.294700622558594,22.999256134033203,2.68615984916687
1788312316087004258,1788312316087004258,-0.12304006576538086,0.23001384735107422,-0.02152751922607422,GLOBAL_VISION_POSITION_ESTIMATE,flight_controller_reference_only,291411,-12.304006576538086,23.001384735107422,2.152751922607422
1788312316188989497,1788312316188989497,-0.12312217712402344,0.23004932403564454,-0.02466883897781372,GLOBAL_VISION_POSITION_ESTIMATE,flight_controller_reference_only,291511,-12.312217712402344,23.004932403564453,2.466883897781372
1788312316282877479,1788312316282877479,-0.12317857742309571,0.23005870819091798,-0.024668831825256348,GLOBAL_VISION_POSITION_ESTIMATE,flight_controller_reference_only,291611,-12.31785774230957,23.005870819091797,2.4668831825256348
1788312316444544103,1788312316444544103,-0.12323958396911622,0.23005937576293944,-0.025108251571655273,GLOBAL_VISION_POSITION_ESTIMATE,flight_controller_reference_only,291711,-12.323958396911621,23.005937576293945,2.5108251571655273
1788312316486509215,1788312316486509215,-0.12329336166381837,0.23005916595458983,-0.028302741050720216,GLOBAL_VISION_POSITION_ESTIMATE,flight_controller_reference_only,291811,-12.329336166381836,23.005916595458984,2.8302741050720215
1788312316568347511,1788312316568347511,-0.1233432960510254,0.23006710052490234,-0.028302721977233887,GLOBAL_VISION_POSITION_ESTIMATE,flight_controller_reference_only,291911,-12.334329605102539,23.006710052490234,2.8302721977233887
1788312316711975988,1788312316711975988,-0.1233833122253418,0.23007638931274413,-0.02471449375152588,GLOBAL_VISION_POSITION_ESTIMATE,flight_controller_reference_only,292011,-12.33833122253418,23.007638931274414,2.471449375152588
1788312316772929432,1788312316772929432,-0.12340837478637695,0.23007850646972655,-0.016628071069717407,GLOBAL_VISION_POSITION_ESTIMATE,flight_controller_reference_only,292111,-12.340837478637695,23.007850646972656,1.6628071069717407
1788312316867832079,1788312316867832079,-0.12343805313110351,0.23007915496826173,-0.021128990650177003,GLOBAL_VISION_POSITION_ESTIMATE,flight_controller_reference_only,292211,-12.343805313110352,23.007915496826172,2.1128990650177
1788312316968437622,1788312316968437622,-0.12348360061645508,0.2301097297668457,-0.02112898588180542,GLOBAL_VISION_POSITION_ESTIMATE,flight_controller_reference_only,292311,-12.348360061645508,23.01097297668457,2.112898588180542
1788312317068087737,1788312317068087737,-0.12353532791137695,0.23012784957885743,-0.028662936687469484,GLOBAL_VISION_POSITION_ESTIMATE,flight_controller_reference_only,292411,-12.353532791137695,23.012784957885742,2.8662936687469482
1788312317172408003,1788312317172408003,-0.12359899520874024,0.23015430450439453,-0.02368408203125,GLOBAL_VISION_POSITION_ESTIMATE,flight_controller_reference_only,292511,-12.359899520874023,23.015430450439453,2.368408203125
1788312317269750836,1788312317269750836,-0.12365596771240234,0.23019008636474608,-0.022346138954162598,GLOBAL_VISION_POSITION_ESTIMATE,flight_controller_reference_only,292611,-12.365596771240234,23.01900863647461,2.2346138954162598
1788312317369810412,1788312317369810412,-0.1236917781829834,0.23021381378173827,-0.02234616279602051,GLOBAL_VISION_POSITION_ESTIMATE,flight_controller_reference_only,292711,-12.36917781829834,23.021381378173828,2.234616279602051
1788312317467865234,1788312317467865234,-0.12371750831604005,0.23024581909179687,-0.026838726997375488,GLOBAL_VISION_POSITION_ESTIMATE,flight_controller_reference_only,292811,-12.371750831604004,23.024581909179688,2.683872699737549
1788312317567923822,1788312317567923822,-0.12374293327331543,0.23024114608764648,-0.020020782947540283,GLOBAL_VISION_POSITION_ESTIMATE,flight_controller_reference_only,292911,-12.374293327331543,23.02411460876465,2.0020782947540283
1788312317674136173,1788312317674136173,-0.12377726554870605,0.23026714324951172,-0.024711334705352785,GLOBAL_VISION_POSITION_ESTIMATE,flight_controller_reference_only,293011,-12.377726554870605,23.026714324951172,2.4711334705352783
1788312317768872749,1788312317768872749,-0.12379981994628907,0.2302702522277832,-0.02669812202453613,GLOBAL_VISION_POSITION_ESTIMATE,flight_controller_reference_only,293111,-12.379981994628906,23.02702522277832,2.6698122024536133
1788312317870198602,1788312317870198602,-0.1238248348236084,0.23027856826782225,-0.026698143482208253,GLOBAL_VISION_POSITION_ESTIMATE,flight_controller_reference_only,293211,-12.38248348236084,23.027856826782227,2.669814348220825
1788312317972272817,1788312317972272817,-0.12388396263122559,0.2302800750732422,-0.028858175277709962,GLOBAL_VISION_POSITION_ESTIMATE,flight_controller_reference_only,293311,-12.388396263122559,23.02800750732422,2.885817527770996
1788312318073194179,1788312318073194179,-0.12396544456481934,0.2302865219116211,-0.01699400067329407,GLOBAL_VISION_POSITION_ESTIMATE,flight_controller_reference_only,293411,-12.396544456481934,23.02865219116211,1.6994000673294067
1788312318168512854,1788312318168512854,-0.12402527809143066,0.23031686782836913,-0.026407513618469238,GLOBAL_VISION_POSITION_ESTIMATE,flight_controller_reference_only,293511,-12.402527809143066,23.031686782836914,2.640751361846924
1788312318267614350,1788312318267614350,-0.12408058166503906,0.23035200119018553,-0.026407525539398194,GLOBAL_VISION_POSITION_ESTIMATE,flight_controller_reference_only,293611,-12.408058166503906,23.035200119018555,2.6407525539398193
1788312318367724560,1788312318367724560,-0.1241153335571289,0.2303955078125,-0.02481644630432129,GLOBAL_VISION_POSITION_ESTIMATE,flight_controller_reference_only,293711,-12.41153335571289,23.03955078125,2.481644630432129
1788312318468067297,1788312318468067297,-0.12415390014648438,0.23043148040771486,-0.024615252017974855,GLOBAL_VISION_POSITION_ESTIMATE,flight_controller_reference_only,293811,-12.415390014648438,23.043148040771484,2.4615252017974854
1788312318570166037,1788312318570166037,-0.1242164421081543,0.23043506622314452,-0.0246152663230896,GLOBAL_VISION_POSITION_ESTIMATE,flight_controller_reference_only,293911,-12.42164421081543,23.043506622314453,2.46152663230896
1788312318676625328,1788312318676625328,-0.12426821708679199,0.23045753479003905,-0.02372746229171753,GLOBAL_VISION_POSITION_ESTIMATE,flight_controller_reference_only,294011,-12.4268217086792,23.045753479003906,2.372746229171753
1788312318769530862,1788312318769530862,-0.12431756973266601,0.23049144744873046,-0.02304286241531372,GLOBAL_VISION_POSITION_ESTIMATE,flight_controller_reference_only,294111,-12.431756973266602,23.049144744873047,2.304286241531372
1788312318870167621,1788312318870167621,-0.12435125350952149,0.23053449630737305,-0.023777945041656492,GLOBAL_VISION_POSITION_ESTIMATE,flight_controller_reference_only,294211,-12.435125350952148,23.053449630737305,2.3777945041656494
1788312318988569247,1788312318988569247,-0.12440472602844238,0.23057592391967774,-0.02377793788909912,GLOBAL_VISION_POSITION_ESTIMATE,flight_controller_reference_only,294311,-12.440472602844238,23.057592391967773,2.377793788909912
1788312319067841446,1788312319067841446,-0.1244520092010498,0.2306116485595703,-0.0290336012840271,GLOBAL_VISION_POSITION_ESTIMATE,flight_controller_reference_only,294411,-12.44520092010498,23.06116485595703,2.90336012840271
1788312319168077197,1788312319168077197,-0.12450501441955567,0.2306511878967285,-0.022177579402923583,GLOBAL_VISION_POSITION_ESTIMATE,flight_controller_reference_only,294511,-12.450501441955566,23.06511878967285,2.2177579402923584
1788312319268216654,1788312319268216654,-0.12456188201904297,0.23067270278930663,-0.02060194492340088,GLOBAL_VISION_POSITION_ESTIMATE,flight_controller_reference_only,294611,-12.456188201904297,23.067270278930664,2.060194492340088
1788312319367864574,1788312319367864574,-0.12461543083190918,0.23067724227905273,-0.020601925849914552,GLOBAL_VISION_POSITION_ESTIMATE,flight_controller_reference_only,294711,-12.461543083190918,23.067724227905273,2.060192584991455
1788312319470528710,1788312319470528710,-0.12465737342834472,0.23070039749145507,-0.0269356632232666,GLOBAL_VISION_POSITION_ESTIMATE,flight_controller_reference_only,294811,-12.465737342834473,23.070039749145508,2.69356632232666
1788312319568473972,1788312319568473972,-0.12469587326049805,0.23076208114624022,-0.026129076480865477,GLOBAL_VISION_POSITION_ESTIMATE,flight_controller_reference_only,294911,-12.469587326049805,23.076208114624023,2.612907648086548
1788312319673932698,1788312319673932698,-0.12472891807556152,0.23078805923461915,-0.022579331398010254,GLOBAL_VISION_POSITION_ESTIMATE,flight_controller_reference_only,295011,-12.472891807556152,23.078805923461914,2.2579331398010254
1788312319774969749,1788312319774969749,-0.12475300788879394,0.23080493927001952,-0.022579340934753417,GLOBAL_VISION_POSITION_ESTIMATE,flight_controller_reference_only,295111,-12.475300788879395,23.080493927001953,2.257934093475342
1788312319869726679,1788312319869726679,-0.12477972030639649,0.2308187675476074,-0.02807663917541504,GLOBAL_VISION_POSITION_ESTIMATE,flight_controller_reference_only,295211,-12.477972030639648,23.081876754760742,2.807663917541504
1788312319970825330,1788312319970825330,-0.12481554985046386,0.2308359146118164,-0.022392961978912353,GLOBAL_VISION_POSITION_ESTIMATE,flight_controller_reference_only,295311,-12.481554985046387,23.08359146118164,2.2392961978912354
1788312320069940602,1788312320069940602,-0.12485738754272462,0.2308749771118164,-0.021069719791412353,GLOBAL_VISION_POSITION_ESTIMATE,flight_controller_reference_only,295411,-12.485738754272461,23.08749771118164,2.1069719791412354
1788312320167806978,1788312320167806978,-0.1248985481262207,0.23090402603149415,-0.021069676876068116,GLOBAL_VISION_POSITION_ESTIMATE,flight_controller_reference_only,295511,-12.48985481262207,23.090402603149414,2.1069676876068115
1788312320269251248,1788312320269251248,-0.1249345874786377,0.23093410491943359,-0.02931377649307251,GLOBAL_VISION_POSITION_ESTIMATE,flight_controller_reference_only,295611,-12.49345874786377,23.09341049194336,2.931377649307251
1788312320368211379,1788312320368211379,-0.12497726440429688,0.2309589195251465,-0.025006775856018067,GLOBAL_VISION_POSITION_ESTIMATE,flight_controller_reference_only,295711,-12.497726440429688,23.09589195251465,2.5006775856018066
1788312320474020951,1788312320474020951,-0.12499690055847168,0.23093984603881837,-0.026101322174072267,GLOBAL_VISION_POSITION_ESTIMATE,flight_controller_reference_only,295811,-12.499690055847168,23.093984603881836,2.6101322174072266
1788312320568441083,1788312320568441083,-0.12501182556152343,0.2309041976928711,-0.026101350784301758,GLOBAL_VISION_POSITION_ESTIMATE,flight_controller_reference_only,295911,-12.501182556152344,23.09041976928711,2.610135078430176
1788312320673757806,1788312320673757806,-0.12505081176757812,0.2309090995788574,-0.02400494337081909,GLOBAL_VISION_POSITION_ESTIMATE,flight_controller_reference_only,296011,-12.505081176757812,23.090909957885742,2.400494337081909
1788312320768867170,1788312320768867170,-0.1250860023498535,0.23092609405517578,-0.017960840463638307,GLOBAL_VISION_POSITION_ESTIMATE,flight_controller_reference_only,296111,-12.508600234985352,23.092609405517578,1.7960840463638306
1788312320868559859,1788312320868559859,-0.12510523796081544,0.23094703674316405,-0.03249921321868896,GLOBAL_VISION_POSITION_ESTIMATE,flight_controller_reference_only,296211,-12.510523796081543,23.094703674316406,3.2499213218688965
1788312320967561930,1788312320967561930,-0.1251377296447754,0.2309698486328125,-0.03249921321868896,GLOBAL_VISION_POSITION_ESTIMATE,flight_controller_reference_only,296311,-12.513772964477539,23.09698486328125,3.2499213218688965
1788312321068035369,1788312321068035369,-0.12519214630126954,0.23099248886108398,-0.022779843807220458,GLOBAL_VISION_POSITION_ESTIMATE,flight_controller_reference_only,296411,-12.519214630126953,23.0992488861084,2.277984380722046
1788312321173622082,1788312321173622082,-0.12524534225463868,0.23101036071777345,-0.02720149517059326,GLOBAL_VISION_POSITION_ESTIMATE,flight_controller_reference_only,296511,-12.524534225463867,23.101036071777344,2.720149517059326
1788312321267937403,1788312321267937403,-0.12530591011047362,0.23102354049682616,-0.022744932174682618,GLOBAL_VISION_POSITION_ESTIMATE,flight_controller_reference_only,296611,-12.530591011047363,23.102354049682617,2.2744932174682617
1788312321367879191,1788312321367879191,-0.12535337448120118,0.23104570388793946,-0.022744929790496825,GLOBAL_VISION_POSITION_ESTIMATE,flight_controller_reference_only,296711,-12.535337448120117,23.104570388793945,2.2744929790496826
1788312321467859178,1788312321467859178,-0.12540743827819825,0.23106492996215822,-0.024800846576690672,GLOBAL_VISION_POSITION_ESTIMATE,flight_controller_reference_only,296811,-12.540743827819824,23.10649299621582,2.4800846576690674
1788312321567641372,1788312321567641372,-0.1254712772369385,0.23110183715820312,-0.027105953693389893,GLOBAL_VISION_POSITION_ESTIMATE,flight_controller_reference_only,296911,-12.547127723693848,23.110183715820312,2.7105953693389893
1788312321673418426,1788312321673418426,-0.12550166130065918,0.2311357307434082,-0.02291224241256714,GLOBAL_VISION_POSITION_ESTIMATE,flight_controller_reference_only,297011,-12.550166130065918,23.11357307434082,2.291224241256714
1788312321767794197,1788312321767794197,-0.12554353713989258,0.23115285873413086,-0.0229122257232666,GLOBAL_VISION_POSITION_ESTIMATE,flight_controller_reference_only,297111,-12.554353713989258,23.115285873413086,2.29122257232666
1788312321868951249,1788312321868951249,-0.1255933666229248,0.23118951797485351,-0.023931477069854736,GLOBAL_VISION_POSITION_ESTIMATE,flight_controller_reference_only,297211,-12.55933666229248,23.11895179748535,2.3931477069854736
1788312321968210777,1788312321968210777,-0.12563789367675782,0.23121337890625,-0.024221034049987794,GLOBAL_VISION_POSITION_ESTIMATE,flight_controller_reference_only,297311,-12.563789367675781,23.121337890625,2.4221034049987793
1788312322068302343,1788312322068302343,-0.12571675300598145,0.23123825073242188,-0.018012558221817018,GLOBAL_VISION_POSITION_ESTIMATE,flight_controller_reference_only,297411,-12.571675300598145,23.123825073242188,1.8012558221817017
1788312322168081401,1788312322168081401,-0.1257797050476074,0.23123266220092772,-0.01801257371902466,GLOBAL_VISION_POSITION_ESTIMATE,flight_controller_reference_only,297511,-12.577970504760742,23.123266220092773,1.8012573719024658
1788312322268838118,1788312322268838118,-0.12580716133117675,0.23123277664184572,-0.026195340156555176,GLOBAL_VISION_POSITION_ESTIMATE,flight_controller_reference_only,297611,-12.580716133117676,23.12327766418457,2.6195340156555176
1788312322368063557,1788312322368063557,-0.12582767486572266,0.23121768951416016,-0.025521261692047117,GLOBAL_VISION_POSITION_ESTIMATE,flight_controller_reference_only,297711,-12.582767486572266,23.121768951416016,2.552126169204712
1788312322467808575,1788312322467808575,-0.12585554122924805,0.2312150001525879,-0.023942222595214845,GLOBAL_VISION_POSITION_ESTIMATE,flight_controller_reference_only,297811,-12.585554122924805,23.12150001525879,2.3942222595214844
1788312322567635724,1788312322567635724,-0.12590272903442382,0.23124858856201172,-0.023942253589630126,GLOBAL_VISION_POSITION_ESTIMATE,flight_controller_reference_only,297911,-12.590272903442383,23.124858856201172,2.3942253589630127
1788312322677715712,1788312322677715712,-0.1259574794769287,0.2312796974182129,-0.022575557231903076,GLOBAL_VISION_POSITION_ESTIMATE,flight_controller_reference_only,298011,-12.595747947692871,23.12796974182129,2.2575557231903076
1788312322767954678,1788312322767954678,-0.12599570274353028,0.23132930755615233,-0.0320145583152771,GLOBAL_VISION_POSITION_ESTIMATE,flight_controller_reference_only,298111,-12.599570274353027,23.132930755615234,3.20145583152771
1788312322867913431,1788312322867913431,-0.12602141380310058,0.23129344940185548,-0.027422688007354735,GLOBAL_VISION_POSITION_ESTIMATE,flight_controller_reference_only,298211,-12.602141380310059,23.129344940185547,2.7422688007354736
1788312322967705709,1788312322967705709,-0.12599634170532226,0.2313133430480957,-0.027422707080841064,GLOBAL_VISION_POSITION_ESTIMATE,flight_controller_reference_only,298311,-12.599634170532227,23.13133430480957,2.7422707080841064
1788312323068485572,1788312323068485572,-0.12606979370117188,0.2312314987182617,-0.02904063940048218,GLOBAL_VISION_POSITION_ESTIMATE,flight_controller_reference_only,298411,-12.606979370117188,23.123149871826172,2.9040639400482178
1788312323167855173,1788312323167855173,-0.1260763931274414,0.2313007354736328,-0.01736256241798401,GLOBAL_VISION_POSITION_ESTIMATE,flight_controller_reference_only,298511,-12.60763931274414,23.13007354736328,1.7362562417984009
1788312323267607303,1788312323267607303,-0.12609549522399902,0.23136028289794922,-0.02629756212234497,GLOBAL_VISION_POSITION_ESTIMATE,flight_controller_reference_only,298611,-12.609549522399902,23.136028289794922,2.629756212234497
1788312323369127068,1788312323369127068,-0.12618223190307618,0.23130977630615235,-0.026297650337219237,GLOBAL_VISION_POSITION_ESTIMATE,flight_controller_reference_only,298711,-12.618223190307617,23.130977630615234,2.629765033721924
1788312323468385983,1788312323468385983,-0.12629199981689454,0.2312970542907715,-0.02378899335861206,GLOBAL_VISION_POSITION_ESTIMATE,flight_controller_reference_only,298811,-12.629199981689453,23.12970542907715,2.378899335861206
1788312323567987380,1788312323567987380,-0.12636194229125977,0.23138484954833985,-0.025028903484344483,GLOBAL_VISION_POSITION_ESTIMATE,flight_controller_reference_only,298911,-12.636194229125977,23.138484954833984,2.5028903484344482
1788312323676195529,1788312323676195529,-0.12804550170898438,0.2300115394592285,-0.025622448921203612,GLOBAL_VISION_POSITION_ESTIMATE,flight_controller_reference_only,299011,-12.804550170898438,23.00115394592285,2.5622448921203613
1788312323769506228,1788312323769506228,-0.13235293388366698,0.22887584686279297,-0.02562731981277466,GLOBAL_VISION_POSITION_ESTIMATE,flight_controller_reference_only,299111,-13.2352933883667,22.887584686279297,2.562731981277466
1788312323867903189,1788312323867903189,-0.13244606018066407,0.22702194213867188,-0.02698761463165283,GLOBAL_VISION_POSITION_ESTIMATE,flight_controller_reference_only,299211,-13.244606018066406,22.702194213867188,2.698761463165283
1788312323968486574,1788312323968486574,-0.1325971508026123,0.22720010757446288,-0.058331570625305175,GLOBAL_VISION_POSITION_ESTIMATE,flight_controller_reference_only,299311,-13.25971508026123,22.72001075744629,5.833157062530518
1788312324067944032,1788312324067944032,-0.13411795616149902,0.2267393684387207,-0.11733308792114258,GLOBAL_VISION_POSITION_ESTIMATE,flight_controller_reference_only,299411,-13.411795616149902,22.67393684387207,11.733308792114258
1788312324168639010,1788312324168639010,-0.13556486129760742,0.2261594772338867,-0.11733269691467285,GLOBAL_VISION_POSITION_ESTIMATE,flight_controller_reference_only,299511,-13.556486129760742,22.615947723388672,11.733269691467285
1788312324268074790,1788312324268074790,-0.13476986885070802,0.22669588088989256,-0.17125677108764648,GLOBAL_VISION_POSITION_ESTIMATE,flight_controller_reference_only,299611,-13.4769868850708,22.669588088989258,17.12567710876465
1788312324367945251,1788312324367945251,-0.1342308712005615,0.22728435516357423,-0.20612491607666017,GLOBAL_VISION_POSITION_ESTIMATE,flight_controller_reference_only,299711,-13.423087120056152,22.728435516357422,20.612491607666016
1788312324468198297,1788312324468198297,-0.13417086601257325,0.2278664779663086,-0.2506589126586914,GLOBAL_VISION_POSITION_ESTIMATE,flight_controller_reference_only,299811,-13.417086601257324,22.78664779663086,25.06589126586914
1788312324575564477,1788312324575564477,-0.1327095127105713,0.22773147583007813,-0.25065849304199217,GLOBAL_VISION_POSITION_ESTIMATE,flight_controller_reference_only,299911,-13.270951271057129,22.773147583007812,25.06584930419922
1788312324673990191,1788312324673990191,-0.13810944557189941,0.22118711471557617,-0.288702449798584,GLOBAL_VISION_POSITION_ESTIMATE,flight_controller_reference_only,300011,-13.810944557189941,22.118711471557617,28.8702449798584
1788312324769652908,1788312324769652908,-0.16142478942871094,0.1943214988708496,-0.31288890838623046,GLOBAL_VISION_POSITION_ESTIMATE,flight_controller_reference_only,300111,-16.142478942871094,19.43214988708496,31.288890838623047
1788312324867997151,1788312324867997151,-0.1969305992126465,0.14209065437316895,-0.30124252319335937,GLOBAL_VISION_POSITION_ESTIMATE,flight_controller_reference_only,300211,-19.69305992126465,14.209065437316895,30.124252319335938
1788312324968397154,1788312324968397154,-0.20135393142700195,0.13548474311828612,-0.30124204635620117,GLOBAL_VISION_POSITION_ESTIMATE,flight_controller_reference_only,300311,-20.135393142700195,13.548474311828613,30.124204635620117
1788312325067774933,1788312325067774933,-0.20812963485717773,0.11796555519104004,-0.29793682098388674,GLOBAL_VISION_POSITION_ESTIMATE,flight_controller_reference_only,300411,-20.812963485717773,11.796555519104004,29.793682098388672
1788312325169893813,1788312325169893813,-0.2154114532470703,0.0886617660522461,-0.2772023582458496,GLOBAL_VISION_POSITION_ESTIMATE,flight_controller_reference_only,300511,-21.54114532470703,8.86617660522461,27.72023582458496
1788312325267801336,1788312325267801336,-0.2192697525024414,0.08305480003356934,-0.2726189422607422,GLOBAL_VISION_POSITION_ESTIMATE,flight_controller_reference_only,300611,-21.92697525024414,8.305480003356934,27.26189422607422
1788312325368131735,1788312325368131735,-0.22215944290161133,0.08119248390197754,-0.27261770248413086,GLOBAL_VISION_POSITION_ESTIMATE,flight_controller_reference_only,300711,-22.215944290161133,8.119248390197754,27.261770248413086
1788312325467763871,1788312325467763871,-0.22461336135864257,0.07643229961395263,-0.2676424598693848,GLOBAL_VISION_POSITION_ESTIMATE,flight_controller_reference_only,300811,-22.461336135864258,7.643229961395264,26.764245986938477
1788312325567828002,1788312325567828002,-0.224374942779541,0.0771468448638916,-0.2678817558288574,GLOBAL_VISION_POSITION_ESTIMATE,flight_controller_reference_only,300911,-22.4374942779541,7.71468448638916,26.788175582885742
1788312325673867855,1788312325673867855,-0.22377012252807618,0.07796844005584717,-0.27370246887207034,GLOBAL_VISION_POSITION_ESTIMATE,flight_controller_reference_only,301011,-22.377012252807617,7.796844005584717,27.37024688720703
1788312325771150040,1788312325771150040,-0.2232992172241211,0.07888520240783692,-0.2737015342712402,GLOBAL_VISION_POSITION_ESTIMATE,flight_controller_reference_only,301111,-22.32992172241211,7.888520240783691,27.370153427124023
1788312325867765306,1788312325867765306,-0.23127153396606445,0.06376121997833252,-0.29100425720214845,GLOBAL_VISION_POSITION_ESTIMATE,flight_controller_reference_only,301211,-23.127153396606445,6.376121997833252,29.100425720214844
1788312325973673520,1788312325973673520,-0.2575014305114746,0.020674057006835937,-0.2873448181152344,GLOBAL_VISION_POSITION_ESTIMATE,flight_controller_reference_only,301311,-25.75014305114746,2.0674057006835938,28.734481811523438
1788312326068069517,1788312326068069517,-0.28494911193847655,-0.03378833055496216,-0.2893116569519043,GLOBAL_VISION_POSITION_ESTIMATE,flight_controller_reference_only,301411,-28.494911193847656,-3.378833055496216,28.93116569519043
1788312326167714149,1788312326167714149,-0.2963722229003906,-0.06325058937072754,-0.2893086814880371,GLOBAL_VISION_POSITION_ESTIMATE,flight_controller_reference_only,301511,-29.637222290039062,-6.325058937072754,28.93086814880371
1788312326269604279,1788312326269604279,-0.3016421508789062,-0.08043702125549317,-0.2909005928039551,GLOBAL_VISION_POSITION_ESTIMATE,flight_controller_reference_only,301611,-30.164215087890625,-8.043702125549316,29.090059280395508
1788312326368993076,1788312326368993076,-0.30321521759033204,-0.08062823295593262,-0.27408933639526367,GLOBAL_VISION_POSITION_ESTIMATE,flight_controller_reference_only,301711,-30.321521759033203,-8.062823295593262,27.408933639526367
1788312326467618874,1788312326467618874,-0.30313695907592775,-0.07481341838836669,-0.14928948402404785,GLOBAL_VISION_POSITION_ESTIMATE,flight_controller_reference_only,301811,-30.313695907592773,-7.48134183883667,14.928948402404785
1788312326572962616,1788312326572962616,-0.3022463798522949,-0.07397680759429931,-0.1492881679534912,GLOBAL_VISION_POSITION_ESTIMATE,flight_controller_reference_only,301911,-30.224637985229492,-7.397680759429932,14.928816795349121
1788312326673343931,1788312326673343931,-0.3035685920715332,-0.07716564178466796,-0.0874017333984375,GLOBAL_VISION_POSITION_ESTIMATE,flight_controller_reference_only,302011,-30.35685920715332,-7.716564178466797,8.74017333984375
1788312326768584932,1788312326768584932,-0.3060683441162109,-0.08127642631530761,-0.04711642742156982,GLOBAL_VISION_POSITION_ESTIMATE,flight_controller_reference_only,302111,-30.606834411621094,-8.127642631530762,4.711642742156982
1788312326867463863,1788312326867463863,-0.306959228515625,-0.08416934013366699,-0.045385494232177734,GLOBAL_VISION_POSITION_ESTIMATE,flight_controller_reference_only,302211,-30.6959228515625,-8.4169340133667,4.538549423217773
1788312326967743467,1788312326967743467,-0.3096791458129883,-0.08704845428466797,-0.045382962226867676,GLOBAL_VISION_POSITION_ESTIMATE,flight_controller_reference_only,302311,-30.967914581298828,-8.704845428466797,4.538296222686768
1788312327067903568,1788312327067903568,-0.3105963706970215,-0.0869044017791748,-0.040113186836242674,GLOBAL_VISION_POSITION_ESTIMATE,flight_controller_reference_only,302411,-31.05963706970215,-8.69044017791748,4.011318683624268
1788312327168965389,1788312327168965389,-0.31019952774047854,-0.08873609542846679,-0.02714594841003418,GLOBAL_VISION_POSITION_ESTIMATE,flight_controller_reference_only,302511,-31.01995277404785,-8.87360954284668,2.714594841003418
1788312327267701753,1788312327267701753,-0.31170652389526365,-0.09080671310424805,-0.02522392988204956,GLOBAL_VISION_POSITION_ESTIMATE,flight_controller_reference_only,302611,-31.170652389526367,-9.080671310424805,2.522392988204956
1788312327367847044,1788312327367847044,-0.3123789405822754,-0.09202700614929199,-0.02522394895553589,GLOBAL_VISION_POSITION_ESTIMATE,flight_controller_reference_only,302711,-31.23789405822754,-9.2027006149292,2.522394895553589
1788312327468369522,1788312327468369522,-0.31261919021606444,-0.09249136924743652,-0.032293522357940675,GLOBAL_VISION_POSITION_ESTIMATE,flight_controller_reference_only,302811,-31.261919021606445,-9.249136924743652,3.2293522357940674
1788312327568434957,1788312327568434957,-0.31280033111572264,-0.09299177169799805,-0.030399506092071534,GLOBAL_VISION_POSITION_ESTIMATE,flight_controller_reference_only,302911,-31.280033111572266,-9.299177169799805,3.0399506092071533
1788312327676780261,1788312327676780261,-0.31296846389770505,-0.09347733497619629,-0.03128299474716187,GLOBAL_VISION_POSITION_ESTIMATE,flight_controller_reference_only,303011,-31.296846389770508,-9.347733497619629,3.1282994747161865
1788312327768370798,1788312327768370798,-0.3131464195251465,-0.09398100852966308,-0.031282980442047116,GLOBAL_VISION_POSITION_ESTIMATE,flight_controller_reference_only,303111,-31.31464195251465,-9.398100852966309,3.128298044204712
1788312327868141956,1788312327868141956,-0.3133586120605469,-0.0944831371307373,-0.022264721393585204,GLOBAL_VISION_POSITION_ESTIMATE,flight_controller_reference_only,303211,-31.335861206054688,-9.44831371307373,2.2264721393585205
1788312327968056259,1788312327968056259,-0.3135050582885742,-0.09473214149475098,-0.033205158710479736,GLOBAL_VISION_POSITION_ESTIMATE,flight_controller_reference_only,303311,-31.350505828857422,-9.473214149475098,3.3205158710479736
1788312328068271290,1788312328068271290,-0.3136397361755371,-0.09494688987731933,-0.025941765308380126,GLOBAL_VISION_POSITION_ESTIMATE,flight_controller_reference_only,303411,-31.36397361755371,-9.494688987731934,2.5941765308380127
1788312328167936928,1788312328167936928,-0.3137686347961426,-0.09513067245483399,-0.025941753387451173,GLOBAL_VISION_POSITION_ESTIMATE,flight_controller_reference_only,303511,-31.376863479614258,-9.513067245483398,2.594175338745117
1788312328268005820,1788312328268005820,-0.3138955307006836,-0.09526762962341309,-0.024825935363769532,GLOBAL_VISION_POSITION_ESTIMATE,flight_controller_reference_only,303611,-31.38955307006836,-9.526762962341309,2.482593536376953
1788312328367879895,1788312328367879895,-0.314014835357666,-0.09542734146118165,-0.02554910659790039,GLOBAL_VISION_POSITION_ESTIMATE,flight_controller_reference_only,303711,-31.4014835357666,-9.542734146118164,2.554910659790039
1788312328468331752,1788312328468331752,-0.3140863800048828,-0.09552277565002441,-0.025685365200042724,GLOBAL_VISION_POSITION_ESTIMATE,flight_controller_reference_only,303811,-31.40863800048828,-9.552277565002441,2.5685365200042725
1788312328569333218,1788312328569333218,-0.3141491889953613,-0.09559809684753418,-0.02568537473678589,GLOBAL_VISION_POSITION_ESTIMATE,flight_controller_reference_only,303911,-31.414918899536133,-9.559809684753418,2.568537473678589
1788312328687185347,1788312328687185347,-0.3142057418823242,-0.09564112663269043,-0.02434776782989502,GLOBAL_VISION_POSITION_ESTIMATE,flight_controller_reference_only,304011,-31.420574188232422,-9.564112663269043,2.434776782989502
1788312328772455102,1788312328772455102,-0.31427057266235353,-0.09567987442016601,-0.028091278076171875,GLOBAL_VISION_POSITION_ESTIMATE,flight_controller_reference_only,304111,-31.42705726623535,-9.567987442016602,2.8091278076171875
1788312328869410751,1788312328869410751,-0.3143231773376465,-0.09574049949645996,-0.026208016872406006,GLOBAL_VISION_POSITION_ESTIMATE,flight_controller_reference_only,304211,-31.43231773376465,-9.574049949645996,2.6208016872406006
1788312328968142920,1788312328968142920,-0.31436389923095703,-0.0957569408416748,-0.026208014488220216,GLOBAL_VISION_POSITION_ESTIMATE,flight_controller_reference_only,304311,-31.436389923095703,-9.57569408416748,2.6208014488220215
1788312329069977328,1788312329069977328,-0.3143897819519043,-0.09576448440551757,-0.028983240127563478,GLOBAL_VISION_POSITION_ESTIMATE,flight_controller_reference_only,304411,-31.43897819519043,-9.576448440551758,2.8983240127563477
1788312329169230599,1788312329169230599,-0.314418888092041,-0.09576799392700196,-0.02798563241958618,GLOBAL_VISION_POSITION_ESTIMATE,flight_controller_reference_only,304511,-31.4418888092041,-9.576799392700195,2.798563241958618
1788312329268448473,1788312329268448473,-0.31445796966552736,-0.09576603889465332,-0.03366343975067139,GLOBAL_VISION_POSITION_ESTIMATE,flight_controller_reference_only,304611,-31.445796966552734,-9.576603889465332,3.3663439750671387
1788312329368215485,1788312329368215485,-0.31450489044189456,-0.09578862190246581,-0.03366344690322876,GLOBAL_VISION_POSITION_ESTIMATE,flight_controller_reference_only,304711,-31.450489044189453,-9.578862190246582,3.366344690322876
1788312329469708422,1788312329469708422,-0.3145407485961914,-0.09581221580505371,-0.02692079305648804,GLOBAL_VISION_POSITION_ESTIMATE,flight_controller_reference_only,304811,-31.45407485961914,-9.581221580505371,2.6920793056488037
1788312329570743172,1788312329570743172,-0.3145892333984375,-0.09580602645874023,-0.02545764684677124,GLOBAL_VISION_POSITION_ESTIMATE,flight_controller_reference_only,304911,-31.45892333984375,-9.580602645874023,2.545764684677124
1788312329673036164,1788312329673036164,-0.3146369743347168,-0.0957981014251709,-0.025179800987243654,GLOBAL_VISION_POSITION_ESTIMATE,flight_controller_reference_only,305011,-31.46369743347168,-9.57981014251709,2.5179800987243652
1788312329775367695,1788312329775367695,-0.31467672348022463,-0.09579002380371093,-0.025179820060729982,GLOBAL_VISION_POSITION_ESTIMATE,flight_controller_reference_only,305111,-31.46767234802246,-9.579002380371094,2.517982006072998
1788312329868011722,1788312329868011722,-0.31470600128173826,-0.09578389167785645,-0.030976216793060302,GLOBAL_VISION_POSITION_ESTIMATE,flight_controller_reference_only,305211,-31.470600128173828,-9.578389167785645,3.0976216793060303
1788312329967874152,1788312329967874152,-0.31474843978881833,-0.09576568603515626,-0.027924880981445313,GLOBAL_VISION_POSITION_ESTIMATE,flight_controller_reference_only,305311,-31.474843978881836,-9.576568603515625,2.7924880981445312
1788312330067758396,1788312330067758396,-0.3147885513305664,-0.0957718276977539,-0.027151319980621338,GLOBAL_VISION_POSITION_ESTIMATE,flight_controller_reference_only,305411,-31.47885513305664,-9.57718276977539,2.715131998062134
1788312330167486259,1788312330167486259,-0.31483154296875,-0.09577948570251466,-0.027151308059692382,GLOBAL_VISION_POSITION_ESTIMATE,flight_controller_reference_only,305511,-31.483154296875,-9.577948570251465,2.7151308059692383
1788312330267774728,1788312330267774728,-0.3148728179931641,-0.09577710151672364,-0.025938737392425536,GLOBAL_VISION_POSITION_ESTIMATE,flight_controller_reference_only,305611,-31.487281799316406,-9.577710151672363,2.5938737392425537
1788312330368319227,1788312330368319227,-0.31491769790649415,-0.09574769020080566,-0.024383726119995116,GLOBAL_VISION_POSITION_ESTIMATE,flight_controller_reference_only,305711,-31.491769790649414,-9.574769020080566,2.4383726119995117
1788312330471124712,1788312330471124712,-0.31495887756347657,-0.09570923805236817,-0.02857255220413208,GLOBAL_VISION_POSITION_ESTIMATE,flight_controller_reference_only,305811,-31.495887756347656,-9.570923805236816,2.857255220413208
1788312330568116340,1788312330568116340,-0.31498998641967774,-0.09568503379821777,-0.028572542667388914,GLOBAL_VISION_POSITION_ESTIMATE,flight_controller_reference_only,305911,-31.498998641967773,-9.568503379821777,2.8572542667388916
1788312330673117855,1788312330673117855,-0.3150056076049805,-0.09568048477172851,-0.02954099178314209,GLOBAL_VISION_POSITION_ESTIMATE,flight_controller_reference_only,306011,-31.500560760498047,-9.568048477172852,2.954099178314209
1788312330787124632,1788312330787124632,-0.315020866394043,-0.09569421768188477,-0.03187758922576904,GLOBAL_VISION_POSITION_ESTIMATE,flight_controller_reference_only,306111,-31.502086639404297,-9.569421768188477,3.1877589225769043
1788312330867782100,1788312330867782100,-0.3150489807128906,-0.09570452690124512,-0.03187756776809692,GLOBAL_VISION_POSITION_ESTIMATE,flight_controller_reference_only,306211,-31.504898071289062,-9.570452690124512,3.1877567768096924
1788312330969047913,1788312330969047913,-0.31509965896606446,-0.09569458961486817,-0.030700981616973877,GLOBAL_VISION_POSITION_ESTIMATE,flight_controller_reference_only,306311,-31.509965896606445,-9.569458961486816,3.0700981616973877
1788312331068142373,1788312331068142373,-0.3151323890686035,-0.09567917823791504,-0.03048670768737793,GLOBAL_VISION_POSITION_ESTIMATE,flight_controller_reference_only,306411,-31.51323890686035,-9.567917823791504,3.048670768737793
1788312331168102030,1788312331168102030,-0.3151713371276855,-0.09566047668457031,-0.029734790325164795,GLOBAL_VISION_POSITION_ESTIMATE,flight_controller_reference_only,306511,-31.517133712768555,-9.566047668457031,2.9734790325164795
1788312331267897730,1788312331267897730,-0.3152167320251465,-0.09562932968139648,-0.029555871486663818,GLOBAL_VISION_POSITION_ESTIMATE,flight_controller_reference_only,306611,-31.52167320251465,-9.562932968139648,2.955587148666382
1788312331369023041,1788312331369023041,-0.31526430130004884,-0.09560860633850098,-0.02955587387084961,GLOBAL_VISION_POSITION_ESTIMATE,flight_controller_reference_only,306711,-31.526430130004883,-9.560860633850098,2.955587387084961
1788312331468664108,1788312331468664108,-0.3153116416931152,-0.09560335159301758,-0.030541741847991945,GLOBAL_VISION_POSITION_ESTIMATE,flight_controller_reference_only,306811,-31.531164169311523,-9.560335159301758,3.0541741847991943
1788312331568783376,1788312331568783376,-0.3153503227233887,-0.09560836791992187,-0.025561091899871827,GLOBAL_VISION_POSITION_ESTIMATE,flight_controller_reference_only,306911,-31.535032272338867,-9.560836791992188,2.5561091899871826
1788312331674366543,1788312331674366543,-0.3153882217407227,-0.09560332298278809,-0.03206086397171021,GLOBAL_VISION_POSITION_ESTIMATE,flight_controller_reference_only,307011,-31.538822174072266,-9.560332298278809,3.2060863971710205
1788312331769981757,1788312331769981757,-0.3154096984863281,-0.09561043739318847,-0.032060844898223875,GLOBAL_VISION_POSITION_ESTIMATE,flight_controller_reference_only,307111,-31.540969848632812,-9.561043739318848,3.2060844898223877
1788312331871182449,1788312331871182449,-0.3154245376586914,-0.0956279182434082,-0.027087526321411134,GLOBAL_VISION_POSITION_ESTIMATE,flight_controller_reference_only,307211,-31.54245376586914,-9.56279182434082,2.7087526321411133
1788312331974910508,1788312331974910508,-0.31546247482299805,-0.09563324928283691,-0.029551913738250734,GLOBAL_VISION_POSITION_ESTIMATE,flight_controller_reference_only,307311,-31.546247482299805,-9.563324928283691,2.9551913738250732
1788312332068022209,1788312332068022209,-0.31550958633422854,-0.09562055587768555,-0.02536994218826294,GLOBAL_VISION_POSITION_ESTIMATE,flight_controller_reference_only,307411,-31.55095863342285,-9.562055587768555,2.536994218826294
1788312332168321395,1788312332168321395,-0.315562858581543,-0.09562895774841308,-0.02536996841430664,GLOBAL_VISION_POSITION_ESTIMATE,flight_controller_reference_only,307511,-31.556285858154297,-9.562895774841309,2.536996841430664
1788312332268092872,1788312332268092872,-0.3155981063842773,-0.09563185691833496,-0.030316317081451417,GLOBAL_VISION_POSITION_ESTIMATE,flight_controller_reference_only,307611,-31.559810638427734,-9.563185691833496,3.0316317081451416
1788312332367896344,1788312332367896344,-0.31562467575073244,-0.0956095027923584,-0.028603498935699464,GLOBAL_VISION_POSITION_ESTIMATE,flight_controller_reference_only,307711,-31.562467575073242,-9.56095027923584,2.8603498935699463
1788312332469006939,1788312332469006939,-0.315644416809082,-0.0955887794494629,-0.023227975368499756,GLOBAL_VISION_POSITION_ESTIMATE,flight_controller_reference_only,307811,-31.564441680908203,-9.558877944946289,2.3227975368499756
1788312332569021816,1788312332569021816,-0.315683650970459,-0.09558588981628419,-0.02322800636291504,GLOBAL_VISION_POSITION_ESTIMATE,flight_controller_reference_only,307911,-31.5683650970459,-9.558588981628418,2.322800636291504
1788312332673184581,1788312332673184581,-0.3157088279724121,-0.09558878898620606,-0.029710519313812255,GLOBAL_VISION_POSITION_ESTIMATE,flight_controller_reference_only,308011,-31.57088279724121,-9.558878898620605,2.9710519313812256
1788312332770092026,1788312332770092026,-0.31570810317993164,-0.09557671546936035,-0.027876539230346678,GLOBAL_VISION_POSITION_ESTIMATE,flight_controller_reference_only,308111,-31.570810317993164,-9.557671546936035,2.787653923034668
1788312332867734797,1788312332867734797,-0.31570728302001955,-0.095537691116333,-0.02787656307220459,GLOBAL_VISION_POSITION_ESTIMATE,flight_controller_reference_only,308211,-31.570728302001953,-9.5537691116333,2.787656307220459
1788312332968998193,1788312332968998193,-0.315716495513916,-0.09549983978271484,-0.027806639671325684,GLOBAL_VISION_POSITION_ESTIMATE,flight_controller_reference_only,308311,-31.5716495513916,-9.549983978271484,2.7806639671325684
1788312333068066894,1788312333068066894,-0.31576152801513674,-0.09549606323242188,-0.032011470794677734,GLOBAL_VISION_POSITION_ESTIMATE,flight_controller_reference_only,308411,-31.576152801513672,-9.549606323242188,3.2011470794677734
1788312333169208908,1788312333169208908,-0.31582597732543943,-0.09550803184509277,-0.028123202323913573,GLOBAL_VISION_POSITION_ESTIMATE,flight_controller_reference_only,308511,-31.582597732543945,-9.550803184509277,2.8123202323913574
1788312333268571309,1788312333268571309,-0.3158787536621094,-0.09550814628601074,-0.028123228549957274,GLOBAL_VISION_POSITION_ESTIMATE,flight_controller_reference_only,308611,-31.587875366210938,-9.550814628601074,2.8123228549957275
1788312333370746406,1788312333370746406,-0.3159309196472168,-0.09549273490905762,-0.03266733646392822,GLOBAL_VISION_POSITION_ESTIMATE,flight_controller_reference_only,308711,-31.59309196472168,-9.549273490905762,3.2667336463928223
1788312333467996007,1788312333467996007,-0.3159914016723633,-0.09549668312072754,-0.027666046619415283,GLOBAL_VISION_POSITION_ESTIMATE,flight_controller_reference_only,308811,-31.599140167236328,-9.549668312072754,2.7666046619415283
1788312333567797105,1788312333567797105,-0.31606224060058596,-0.09550403594970704,-0.030852811336517336,GLOBAL_VISION_POSITION_ESTIMATE,flight_controller_reference_only,308911,-31.606224060058594,-9.550403594970703,3.0852811336517334
1788312333673441753,1788312333673441753,-0.31610912322998047,-0.09549816131591797,-0.030852811336517336,GLOBAL_VISION_POSITION_ESTIMATE,flight_controller_reference_only,309011,-31.610912322998047,-9.549816131591797,3.0852811336517334
1788312333768168734,1788312333768168734,-0.31616846084594724,-0.09550142288208008,-0.02010080575942993,GLOBAL_VISION_POSITION_ESTIMATE,flight_controller_reference_only,309111,-31.616846084594727,-9.550142288208008,2.010080575942993
1788312333867607914,1788312333867607914,-0.3162229347229004,-0.09551289558410644,-0.031065142154693602,GLOBAL_VISION_POSITION_ESTIMATE,flight_controller_reference_only,309211,-31.62229347229004,-9.551289558410645,3.1065142154693604
1788312333968077058,1788312333968077058,-0.3162616539001465,-0.09552803039550781,-0.02857792139053345,GLOBAL_VISION_POSITION_ESTIMATE,flight_controller_reference_only,309311,-31.62616539001465,-9.552803039550781,2.8577921390533447
1788312334067760832,1788312334067760832,-0.31629932403564454,-0.09553238868713379,-0.028577935695648194,GLOBAL_VISION_POSITION_ESTIMATE,flight_controller_reference_only,309411,-31.629932403564453,-9.553238868713379,2.8577935695648193
1788312334167496944,1788312334167496944,-0.31632089614868164,-0.09555110931396485,-0.03160290241241455,GLOBAL_VISION_POSITION_ESTIMATE,flight_controller_reference_only,309511,-31.632089614868164,-9.555110931396484,3.160290241241455
1788312334268060409,1788312334268060409,-0.3163683319091797,-0.09557104110717773,-0.029892480373382567,GLOBAL_VISION_POSITION_ESTIMATE,flight_controller_reference_only,309611,-31.63683319091797,-9.557104110717773,2.989248037338257
1788312334367830343,1788312334367830343,-0.3164032745361328,-0.09559123992919921,-0.02443612813949585,GLOBAL_VISION_POSITION_ESTIMATE,flight_controller_reference_only,309711,-31.64032745361328,-9.559123992919922,2.443612813949585
1788312334470955975,1788312334470955975,-0.31643875122070314,-0.09559292793273926,-0.02443614721298218,GLOBAL_VISION_POSITION_ESTIMATE,flight_controller_reference_only,309811,-31.643875122070312,-9.559292793273926,2.4436147212982178
1788312334569180139,1788312334569180139,-0.31650184631347655,-0.09559039115905761,-0.027812783718109132,GLOBAL_VISION_POSITION_ESTIMATE,flight_controller_reference_only,309911,-31.650184631347656,-9.559039115905762,2.781278371810913
1788312334673610220,1788312334673610220,-0.31658363342285156,-0.09558053016662597,-0.028834688663482665,GLOBAL_VISION_POSITION_ESTIMATE,flight_controller_reference_only,310011,-31.658363342285156,-9.558053016662598,2.8834688663482666
1788312334768367912,1788312334768367912,-0.3166445541381836,-0.09556964874267578,-0.028829381465911866,GLOBAL_VISION_POSITION_ESTIMATE,flight_controller_reference_only,310111,-31.66445541381836,-9.556964874267578,2.8829381465911865
1788312334868365665,1788312334868365665,-0.31669939041137696,-0.0955499267578125,-0.028829379081726073,GLOBAL_VISION_POSITION_ESTIMATE,flight_controller_reference_only,310211,-31.669939041137695,-9.55499267578125,2.8829379081726074
1788312334967518967,1788312334967518967,-0.31674766540527344,-0.09553469657897949,-0.02963372230529785,GLOBAL_VISION_POSITION_ESTIMATE,flight_controller_reference_only,310311,-31.674766540527344,-9.55346965789795,2.963372230529785
1788312335067767122,1788312335067767122,-0.31679311752319333,-0.09554851531982422,-0.029361932277679442,GLOBAL_VISION_POSITION_ESTIMATE,flight_controller_reference_only,310411,-31.679311752319336,-9.554851531982422,2.9361932277679443
1788312335167899737,1788312335167899737,-0.3168603515625,-0.09554843902587891,-0.029223852157592774,GLOBAL_VISION_POSITION_ESTIMATE,flight_controller_reference_only,310511,-31.68603515625,-9.55484390258789,2.9223852157592773
1788312335268089434,1788312335268089434,-0.31692808151245117,-0.09554084777832031,-0.029223835468292235,GLOBAL_VISION_POSITION_ESTIMATE,flight_controller_reference_only,310611,-31.692808151245117,-9.554084777832031,2.9223835468292236
1788312335367595050,1788312335367595050,-0.3169858932495117,-0.09552287101745606,-0.03365960597991943,GLOBAL_VISION_POSITION_ESTIMATE,flight_controller_reference_only,310711,-31.698589324951172,-9.552287101745605,3.3659605979919434
1788312335468487469,1788312335468487469,-0.31706043243408205,-0.09552406311035157,-0.026830856800079347,GLOBAL_VISION_POSITION_ESTIMATE,flight_controller_reference_only,310811,-31.706043243408203,-9.552406311035156,2.6830856800079346
1788312335567540629,1788312335567540629,-0.3171189498901367,-0.09554177284240722,-0.029726977348327636,GLOBAL_VISION_POSITION_ESTIMATE,flight_controller_reference_only,310911,-31.711894989013672,-9.554177284240723,2.9726977348327637
1788312335673028888,1788312335673028888,-0.31719820022583006,-0.09555424690246582,-0.02972698926925659,GLOBAL_VISION_POSITION_ESTIMATE,flight_controller_reference_only,311011,-31.719820022583008,-9.555424690246582,2.972698926925659
1788312335770636083,1788312335770636083,-0.31727912902832034,-0.09556145668029785,-0.033256425857543945,GLOBAL_VISION_POSITION_ESTIMATE,flight_controller_reference_only,311111,-31.72791290283203,-9.556145668029785,3.3256425857543945
1788312335867996344,1788312335867996344,-0.317350902557373,-0.0955571746826172,-0.02758800745010376,GLOBAL_VISION_POSITION_ESTIMATE,flight_controller_reference_only,311211,-31.735090255737305,-9.555717468261719,2.758800745010376
1788312335968121098,1788312335968121098,-0.31740482330322267,-0.09554624557495117,-0.030142178535461427,GLOBAL_VISION_POSITION_ESTIMATE,flight_controller_reference_only,311311,-31.740482330322266,-9.554624557495117,3.0142178535461426
1788312336067991503,1788312336067991503,-0.31743228912353516,-0.0955330753326416,-0.030142173767089844,GLOBAL_VISION_POSITION_ESTIMATE,flight_controller_reference_only,311411,-31.743228912353516,-9.55330753326416,3.0142173767089844
1788312336167944949,1788312336167944949,-0.31747583389282225,-0.09550660133361816,-0.022709126472473144,GLOBAL_VISION_POSITION_ESTIMATE,flight_controller_reference_only,311511,-31.747583389282227,-9.550660133361816,2.2709126472473145
1788312336269559057,1788312336269559057,-0.3175363540649414,-0.0954835319519043,-0.03200291633605957,GLOBAL_VISION_POSITION_ESTIMATE,flight_controller_reference_only,311611,-31.75363540649414,-9.54835319519043,3.200291633605957
1788312336367905734,1788312336367905734,-0.31758316040039064,-0.09544967651367188,-0.02888101100921631,GLOBAL_VISION_POSITION_ESTIMATE,flight_controller_reference_only,311711,-31.758316040039062,-9.544967651367188,2.888101100921631
1788312336468442255,1788312336468442255,-0.3176337432861328,-0.09542448043823243,-0.028881022930145262,GLOBAL_VISION_POSITION_ESTIMATE,flight_controller_reference_only,311811,-31.76337432861328,-9.542448043823242,2.8881022930145264
1788312336567530092,1788312336567530092,-0.3176906204223633,-0.09541665077209473,-0.02739152193069458,GLOBAL_VISION_POSITION_ESTIMATE,flight_controller_reference_only,311911,-31.769062042236328,-9.541665077209473,2.739152193069458
1788312336672935538,1788312336672935538,-0.3177798843383789,-0.09539690017700195,-0.02859276533126831,GLOBAL_VISION_POSITION_ESTIMATE,flight_controller_reference_only,312011,-31.77798843383789,-9.539690017700195,2.859276533126831
1788312336768112695,1788312336768112695,-0.3178536415100098,-0.09535717964172363,-0.028179633617401122,GLOBAL_VISION_POSITION_ESTIMATE,flight_controller_reference_only,312111,-31.785364151000977,-9.535717964172363,2.8179633617401123
1788312336871999320,1788312336871999320,-0.31791664123535157,-0.09532160758972168,-0.02817962646484375,GLOBAL_VISION_POSITION_ESTIMATE,flight_controller_reference_only,312211,-31.791664123535156,-9.532160758972168,2.817962646484375
1788312336969287390,1788312336969287390,-0.3179880523681641,-0.09528865814208984,-0.02474262475967407,GLOBAL_VISION_POSITION_ESTIMATE,flight_controller_reference_only,312311,-31.798805236816406,-9.528865814208984,2.4742624759674072
1788312337079619820,1788312337079619820,-0.31805442810058593,-0.09526578903198242,-0.02791673183441162,GLOBAL_VISION_POSITION_ESTIMATE,flight_controller_reference_only,312411,-31.805442810058594,-9.526578903198242,2.791673183441162
1788312337167277890,1788312337167277890,-0.3181264305114746,-0.09522418022155761,-0.031349048614501954,GLOBAL_VISION_POSITION_ESTIMATE,flight_controller_reference_only,312511,-31.81264305114746,-9.522418022155762,3.1349048614501953
1788312337268251359,1788312337268251359,-0.31817964553833006,-0.09519536018371583,-0.031349027156829835,GLOBAL_VISION_POSITION_ESTIMATE,flight_controller_reference_only,312611,-31.817964553833008,-9.519536018371582,3.1349027156829834
1788312337369914527,1788312337369914527,-0.3182437133789062,-0.09516408920288086,-0.024125423431396485,GLOBAL_VISION_POSITION_ESTIMATE,flight_controller_reference_only,312711,-31.824371337890625,-9.516408920288086,2.4125423431396484
1788312337468331554,1788312337468331554,-0.31829572677612306,-0.09512331008911133,-0.027649269104003907,GLOBAL_VISION_POSITION_ESTIMATE,flight_controller_reference_only,312811,-31.829572677612305,-9.512331008911133,2.7649269104003906
1788312337567406420,1788312337567406420,-0.3183370018005371,-0.09508164405822754,-0.027628929615020753,GLOBAL_VISION_POSITION_ESTIMATE,flight_controller_reference_only,312911,-31.83370018005371,-9.508164405822754,2.762892961502075
1788312337673714909,1788312337673714909,-0.3183743476867676,-0.09503610610961914,-0.027628958225250244,GLOBAL_VISION_POSITION_ESTIMATE,flight_controller_reference_only,313011,-31.837434768676758,-9.503610610961914,2.7628958225250244
1788312337767870170,1788312337767870170,-0.3184202766418457,-0.09500421524047852,-0.027809209823608398,GLOBAL_VISION_POSITION_ESTIMATE,flight_controller_reference_only,313111,-31.84202766418457,-9.500421524047852,2.78092098236084
1788312337867725095,1788312337867725095,-0.31845827102661134,-0.09498074531555176,-0.031278586387634276,GLOBAL_VISION_POSITION_ESTIMATE,flight_controller_reference_only,313211,-31.845827102661133,-9.498074531555176,3.1278586387634277
1788312337967719625,1788312337967719625,-0.31849481582641603,-0.0949772834777832,-0.03153791427612305,GLOBAL_VISION_POSITION_ESTIMATE,flight_controller_reference_only,313311,-31.8494815826416,-9.49772834777832,3.1537914276123047
1788312338067781129,1788312338067781129,-0.3185698890686035,-0.0949638843536377,-0.031537888050079343,GLOBAL_VISION_POSITION_ESTIMATE,flight_controller_reference_only,313411,-31.85698890686035,-9.49638843536377,3.1537888050079346
1788312338167427435,1788312338167427435,-0.31864999771118163,-0.09494462966918946,-0.0271943998336792,GLOBAL_VISION_POSITION_ESTIMATE,flight_controller_reference_only,313511,-31.864999771118164,-9.494462966918945,2.71943998336792
1788312338268852193,1788312338268852193,-0.31871427536010744,-0.09492317199707032,-0.03233954668045044,GLOBAL_VISION_POSITION_ESTIMATE,flight_controller_reference_only,313611,-31.871427536010742,-9.492317199707031,3.233954668045044
1788312338367913364,1788312338367913364,-0.31874765396118165,-0.09492898941040039,-0.026613070964813232,GLOBAL_VISION_POSITION_ESTIMATE,flight_controller_reference_only,313711,-31.874765396118164,-9.492898941040039,2.6613070964813232
1788312338467975710,1788312338467975710,-0.3187750244140625,-0.0949390983581543,-0.026613054275512697,GLOBAL_VISION_POSITION_ESTIMATE,flight_controller_reference_only,313811,-31.87750244140625,-9.49390983581543,2.6613054275512695
1788312338567444385,1788312338567444385,-0.3187955665588379,-0.09493884086608886,-0.020244636535644532,GLOBAL_VISION_POSITION_ESTIMATE,flight_controller_reference_only,313911,-31.87955665588379,-9.493884086608887,2.024463653564453
1788312338673184672,1788312338673184672,-0.3188438606262207,-0.09492980003356934,-0.02837247133255005,GLOBAL_VISION_POSITION_ESTIMATE,flight_controller_reference_only,314011,-31.88438606262207,-9.492980003356934,2.837247133255005
1788312338767753681,1788312338767753681,-0.31891664505004885,-0.09490301132202149,-0.033708393573760986,GLOBAL_VISION_POSITION_ESTIMATE,flight_controller_reference_only,314111,-31.891664505004883,-9.490301132202148,3.3708393573760986
1788312338867389475,1788312338867389475,-0.31900175094604494,-0.09489957809448242,-0.03370842456817627,GLOBAL_VISION_POSITION_ESTIMATE,flight_controller_reference_only,314211,-31.900175094604492,-9.489957809448242,3.370842456817627
1788312338968033317,1788312338968033317,-0.31907106399536134,-0.0948975944519043,-0.02901481866836548,GLOBAL_VISION_POSITION_ESTIMATE,flight_controller_reference_only,314311,-31.907106399536133,-9.48975944519043,2.901481866836548
1788312339068302542,1788312339068302542,-0.31911218643188477,-0.09490482330322265,-0.028943376541137697,GLOBAL_VISION_POSITION_ESTIMATE,flight_controller_reference_only,314411,-31.911218643188477,-9.490482330322266,2.8943376541137695
1788312339169435883,1788312339169435883,-0.31914682388305665,-0.0949031639099121,-0.02955228090286255,GLOBAL_VISION_POSITION_ESTIMATE,flight_controller_reference_only,314511,-31.914682388305664,-9.490316390991211,2.955228090286255
1788312339275442123,1788312339275442123,-0.31919059753417967,-0.09489048004150391,-0.029552295207977294,GLOBAL_VISION_POSITION_ESTIMATE,flight_controller_reference_only,314611,-31.91905975341797,-9.48904800415039,2.9552295207977295
1788312339367779279,1788312339367779279,-0.3192373466491699,-0.09488780021667481,-0.02994379997253418,GLOBAL_VISION_POSITION_ESTIMATE,flight_controller_reference_only,314711,-31.923734664916992,-9.48878002166748,2.994379997253418
1788312339471003402,1788312339471003402,-0.31930089950561524,-0.09489529609680175,-0.02969799757003784,GLOBAL_VISION_POSITION_ESTIMATE,flight_controller_reference_only,314811,-31.930089950561523,-9.489529609680176,2.969799757003784
1788312339567340728,1788312339567340728,-0.31934953689575196,-0.09485865592956542,-0.02991245746612549,GLOBAL_VISION_POSITION_ESTIMATE,flight_controller_reference_only,314911,-31.934953689575195,-9.485865592956543,2.991245746612549
1788312339673918904,1788312339673918904,-0.31941120147705077,-0.09481327056884765,-0.02991246700286865,GLOBAL_VISION_POSITION_ESTIMATE,flight_controller_reference_only,315011,-31.941120147705078,-9.481327056884766,2.9912467002868652
1788312339767344402,1788312339767344402,-0.3194950294494629,-0.09477975845336914,-0.02713769197463989,GLOBAL_VISION_POSITION_ESTIMATE,flight_controller_reference_only,315111,-31.94950294494629,-9.477975845336914,2.7137691974639893
1788312339867434729,1788312339867434729,-0.3195474052429199,-0.0947544002532959,-0.03310063362121582,GLOBAL_VISION_POSITION_ESTIMATE,flight_controller_reference_only,315211,-31.954740524291992,-9.47544002532959,3.310063362121582
1788312339967839315,1788312339967839315,-0.3195938491821289,-0.09471488952636718,-0.025312564373016357,GLOBAL_VISION_POSITION_ESTIMATE,flight_controller_reference_only,315311,-31.95938491821289,-9.471488952636719,2.5312564373016357
1788312340067526717,1788312340067526717,-0.31964836120605467,-0.09469297409057617,-0.025312559604644777,GLOBAL_VISION_POSITION_ESTIMATE,flight_controller_reference_only,315411,-31.96483612060547,-9.469297409057617,2.5312559604644775
1788312340167703496,1788312340167703496,-0.31969133377075193,-0.09468925476074219,-0.0294112229347229,GLOBAL_VISION_POSITION_ESTIMATE,flight_controller_reference_only,315511,-31.969133377075195,-9.468925476074219,2.94112229347229
1788312340267446452,1788312340267446452,-0.3197270393371582,-0.09467354774475098,-0.03199859857559204,GLOBAL_VISION_POSITION_ESTIMATE,flight_controller_reference_only,315611,-31.97270393371582,-9.467354774475098,3.199859857559204
1788312340368117462,1788312340368117462,-0.31978187561035154,-0.0946585750579834,-0.029817731380462648,GLOBAL_VISION_POSITION_ESTIMATE,flight_controller_reference_only,315711,-31.978187561035156,-9.46585750579834,2.9817731380462646
1788312340467340988,1788312340467340988,-0.31982229232788084,-0.09462573051452637,-0.02981776714324951,GLOBAL_VISION_POSITION_ESTIMATE,flight_controller_reference_only,315811,-31.982229232788086,-9.462573051452637,2.981776714324951
1788312340567778411,1788312340567778411,-0.31986772537231445,-0.09459928512573242,-0.02844153642654419,GLOBAL_VISION_POSITION_ESTIMATE,flight_controller_reference_only,315911,-31.986772537231445,-9.459928512573242,2.844153642654419
1788312340673209309,1788312340673209309,-0.31993057250976564,-0.09456235885620118,-0.030446650981903075,GLOBAL_VISION_POSITION_ESTIMATE,flight_controller_reference_only,316011,-31.993057250976562,-9.456235885620117,3.0446650981903076
1788312340774353346,1788312340774353346,-0.31999505996704103,-0.09457332611083985,-0.03054555892944336,GLOBAL_VISION_POSITION_ESTIMATE,flight_controller_reference_only,316111,-31.9995059967041,-9.457332611083984,3.054555892944336
1788312340867599363,1788312340867599363,-0.3200641632080078,-0.09459205627441407,-0.030545551776885987,GLOBAL_VISION_POSITION_ESTIMATE,flight_controller_reference_only,316211,-32.00641632080078,-9.459205627441406,3.0545551776885986
1788312340968146210,1788312340968146210,-0.3201005554199219,-0.09460627555847168,-0.035859277248382566,GLOBAL_VISION_POSITION_ESTIMATE,flight_controller_reference_only,316311,-32.01005554199219,-9.460627555847168,3.585927724838257
1788312341067281519,1788312341067281519,-0.3201442337036133,-0.09460813522338868,-0.032602276802062985,GLOBAL_VISION_POSITION_ESTIMATE,flight_controller_reference_only,316411,-32.01442337036133,-9.460813522338867,3.260227680206299
1788312341167612461,1788312341167612461,-0.320178337097168,-0.09461444854736328,-0.02514955997467041,GLOBAL_VISION_POSITION_ESTIMATE,flight_controller_reference_only,316511,-32.0178337097168,-9.461444854736328,2.514955997467041
1788312341267808427,1788312341267808427,-0.3202236175537109,-0.09460305213928223,-0.025149569511413575,GLOBAL_VISION_POSITION_ESTIMATE,flight_controller_reference_only,316611,-32.022361755371094,-9.460305213928223,2.5149569511413574
1788312341367315048,1788312341367315048,-0.32027381896972656,-0.09457165718078614,-0.030760791301727295,GLOBAL_VISION_POSITION_ESTIMATE,flight_controller_reference_only,316711,-32.027381896972656,-9.457165718078613,3.0760791301727295
1788312341467517302,1788312341467517302,-0.32032283782958987,-0.09454285621643066,-0.02964651346206665,GLOBAL_VISION_POSITION_ESTIMATE,flight_controller_reference_only,316811,-32.032283782958984,-9.454285621643066,2.964651346206665
