method,target_id,frame,truth_x_m,truth_y_m,truth_z_m,estimate_x_m,estimate_y_m,error_xy_m,visible
baseline,J01-NW-HIGH,1,0.0788,0.9669787234042552,0.22,0.05588784133113221,0.8948658429551681,0.07566527963030133,1
baseline,J01-NW-HIGH,2,0.0788,0.9669787234042552,0.22,-0.10899264556260112,0.8219086553742243,0.23730023675849654,1
baseline,J01-NW-HIGH,3,0.0788,0.9669787234042552,0.22,-0.03126282644929062,0.8218076349325841,0.18217703119234435,1
baseline,J01-NW-HIGH,4,0.0788,0.9669787234042552,0.22,-0.10005289743057338,0.8709712439090904,0.20299210585223673,1
baseline,J01-NW-HIGH,5,0.0788,0.9669787234042552,0.22,-0.04979237220571932,0.8493880520878142,0.17425143950666663,1
baseline,J01-NW-HIGH,6,0.0788,0.9669787234042552,0.22,-0.033101620569843684,0.8426925459481477,0.1672394289418865,1
baseline,J01-NW-HIGH,7,0.0788,0.9669787234042552,0.22,0.05106488072188278,0.772420180006355,0.19652547837490175,1
baseline,J01-NW-HIGH,8,0.0788,0.9669787234042552,0.22,-0.1057408105073255,0.8466388608821186,0.2203111283039224,1
baseline,J01-NW-HIGH,9,0.0788,0.9669787234042552,0.22,-0.009642393398584692,0.8433133148803437,0.15203680546320333,1
baseline,J01-NW-HIGH,10,0.0788,0.9669787234042552,0.22,-0.07789664387467626,0.8411407632925055,0.20097022268652986,1
baseline,J01-NW-HIGH,11,0.0788,0.9669787234042552,0.22,-0.018700956558671433,0.8700400521406277,0.1374901542519084,1
baseline,J01-NW-HIGH,12,0.0788,0.9669787234042552,0.22,-0.025308315275352874,0.8691747767823926,0.14284310723407137,1
baseline,J01-NW-HIGH,13,0.0788,0.9669787234042552,0.22,-0.03521088565694071,0.8459914997944521,0.16624196318946818,1
baseline,J01-NW-HIGH,14,0.0788,0.9669787234042552,0.22,-0.015821963348750634,0.7784679214558458,0.21092567031825393,1
baseline,J01-NW-HIGH,15,0.0788,0.9669787234042552,0.22,-0.06620758411041741,0.867209151554273,0.17601467812846897,1
baseline,J01-NW-HIGH,16,0.0788,0.9669787234042552,0.22,-0.020685363905012574,0.7700847761414031,0.22060046260164445,1
baseline,J01-NW-HIGH,17,0.0788,0.9669787234042552,0.22,-0.10632327378410358,0.8073737218204871,0.24442664140207548,1
baseline,J01-NW-HIGH,18,0.0788,0.9669787234042552,0.22,-0.02435310648599045,0.8196820930524404,0.17982452750030856,1
baseline,J01-NW-HIGH,19,0.0788,0.9669787234042552,0.22,-0.0240549919771764,0.8592706694962573,0.14893009854046696,0
baseline,J01-NW-HIGH,20,0.0788,0.9669787234042552,0.22,0.015711295121568943,0.8538073718625373,0.1295682811995932,1
baseline,J01-NW-HIGH,21,0.0788,0.9669787234042552,0.22,0.023623856883929963,0.8347088129314705,0.14331690753586443,0
baseline,J01-NW-HIGH,22,0.0788,0.9669787234042552,0.22,-0.06396886359836908,0.809289833874577,0.21271749879657942,1
baseline,J01-NW-HIGH,23,0.0788,0.9669787234042552,0.22,-0.04258923911866719,0.801065856692529,0.20557827393553035,1
baseline,J01-NW-HIGH,24,0.0788,0.9669787234042552,0.22,-0.12021334735287825,0.8781687038446523,0.21793010805938315,1
baseline,J01-NW-HIGH,25,0.0788,0.9669787234042552,0.22,-0.06936032561470117,0.7868289382760775,0.2332497098990326,1
baseline,J01-NW-HIGH,26,0.0788,0.9669787234042552,0.22,-0.0419094289324475,0.8755485629645456,0.15142734386902723,1
baseline,J01-NW-HIGH,27,0.0788,0.9669787234042552,0.22,0.008663235292234311,0.8651762123946517,0.12362409559439827,1
baseline,J01-NW-HIGH,28,0.0788,0.9669787234042552,0.22,-0.02496674328539599,0.8323049350274215,0.1700134297278466,1
baseline,J01-NW-HIGH,29,0.0788,0.9669787234042552,0.22,-0.07165622415636283,0.8989011892187888,0.16514123061235508,1
baseline,J01-NW-HIGH,30,0.0788,0.9669787234042552,0.22,-0.0795688693407107,0.8741102281057327,0.18358991310871844,0
baseline,J01-NW-HIGH,31,0.0788,0.9669787234042552,0.22,0.10605539860935859,0.7917806698927227,0.17730542774428773,1
baseline,J01-NW-HIGH,32,0.0788,0.9669787234042552,0.22,-0.0463275371371826,0.8874116631450453,0.14828289728862784,1
baseline,J01-NW-HIGH,33,0.0788,0.9669787234042552,0.22,-0.08522413852033733,0.7667437503160961,0.2588396462386599,1
baseline,J01-NW-HIGH,34,0.0788,0.9669787234042552,0.22,-0.02576153843685665,0.8564597923493577,0.15214318729998869,1
baseline,J01-NW-HIGH,35,0.0788,0.9669787234042552,0.22,0.02437485505992977,0.8274611802699338,0.14975727442760464,1
baseline,J01-NW-HIGH,36,0.0788,0.9669787234042552,0.22,-0.007943831200568973,0.8952952348392467,0.11253006169109882,1
baseline,J01-NW-HIGH,37,0.0788,0.9669787234042552,0.22,-0.019835813662081776,0.8447578114489213,0.1570572349685757,1
baseline,J01-NW-HIGH,38,0.0788,0.9669787234042552,0.22,-0.05888923793132157,0.7478173726968338,0.25882431084813,0
baseline,J01-NW-HIGH,39,0.0788,0.9669787234042552,0.22,-0.01210044212978293,0.8487165256938921,0.14916044310297225,0
baseline,J01-NW-HIGH,40,0.0788,0.9669787234042552,0.22,-0.05393530664488154,0.8374135559332052,0.18548798950851764,0
baseline,J01-NW-HIGH,41,0.0788,0.9669787234042552,0.22,-0.060728137958100684,0.786267396088199,0.228308311505266,0
baseline,J01-NW-HIGH,42,0.0788,0.9669787234042552,0.22,-0.018094987543794006,0.7823846604112517,0.20847927163959717,1
baseline,J01-NW-HIGH,43,0.0788,0.9669787234042552,0.22,0.01455004709715585,0.8401089036390836,0.14221113745155406,1
baseline,J01-NW-HIGH,44,0.0788,0.9669787234042552,0.22,0.07483914532997997,0.881210217780319,0.08585991455085534,1
baseline,J01-NW-HIGH,45,0.0788,0.9669787234042552,0.22,0.049527898330856315,0.805332122935265,0.16427562016108785,1
baseline,J01-NW-HIGH,46,0.0788,0.9669787234042552,0.22,-0.07407013965572817,0.8152531376047307,0.21538322354484968,0
baseline,J01-NW-HIGH,47,0.0788,0.9669787234042552,0.22,-0.08978487900590748,0.828984995489458,0.21786034603217613,1
baseline,J01-NW-HIGH,48,0.0788,0.9669787234042552,0.22,-0.03310213956026581,0.8817404242984408,0.14066860514207669,1
baseline,J01-NW-HIGH,49,0.0788,0.9669787234042552,0.22,-0.03303240799686884,0.8602316033110536,0.15460088979876707,1
baseline,J01-NW-HIGH,50,0.0788,0.9669787234042552,0.22,-0.02561139706551721,0.8364542724213034,0.16714775541889296,1
baseline,J01-NW-HIGH,51,0.0788,0.9669787234042552,0.22,-0.00869984037837308,0.7849707062383267,0.20194836067399433,1
baseline,J01-NW-HIGH,52,0.0788,0.9669787234042552,0.22,0.018645095139847336,0.8132327565572443,0.1650952297931597,1
baseline,J01-NW-HIGH,53,0.0788,0.9669787234042552,0.22,-0.05362739968930015,0.8657902342173076,0.1666617128569326,1
baseline,J01-NW-HIGH,54,0.0788,0.9669787234042552,0.22,-0.034186410079974625,0.7508502538881263,0.24387997908427095,0
baseline,J01-NW-HIGH,55,0.0788,0.9669787234042552,0.22,-0.11769110612151631,0.8772707725451214,0.21600062785140636,1
baseline,J01-NW-HIGH,56,0.0788,0.9669787234042552,0.22,-0.05217909097459246,0.7591416449728912,0.245665979418021,1
baseline,J01-NW-HIGH,57,0.0788,0.9669787234042552,0.22,-0.063380586374637,0.8827535914928308,0.1652549302965949,1
baseline,J01-NW-HIGH,58,0.0788,0.9669787234042552,0.22,-0.029585837766050053,0.8365021585740665,0.16962200269462374,1
baseline,J01-NW-HIGH,59,0.0788,0.9669787234042552,0.22,-0.02056957120281225,0.7493219103599268,0.2392672145231028,1
baseline,J01-NW-HIGH,60,0.0788,0.9669787234042552,0.22,-0.05608544419307905,0.7680400471417175,0.24035532024121084,0
baseline,J01-NE-HIGH,1,0.9062,0.9669787234042552,0.22,0.808454238064214,0.894435966780088,0.12172380833280112,1
baseline,J01-NE-HIGH,2,0.9062,0.9669787234042552,0.22,0.7343658434767298,0.8596097005253951,0.20262054294178783,1
baseline,J01-NE-HIGH,3,0.9062,0.9669787234042552,0.22,0.7265646564273007,0.7351456426339258,0.2932838795432572,1
baseline,J01-NE-HIGH,4,0.9062,0.9669787234042552,0.22,0.8048676451877844,0.9027042712012404,0.11999771388566692,0
baseline,J01-NE-HIGH,5,0.9062,0.9669787234042552,0.22,0.7874233939943768,0.8035181205011357,0.20205754337729231,1
baseline,J01-NE-HIGH,6,0.9062,0.9669787234042552,0.22,0.7688852289019682,0.8885850293932664,0.15811678475858723,1
baseline,J01-NE-HIGH,7,0.9062,0.9669787234042552,0.22,0.785827776113886,0.8117365261697831,0.19644238871861514,1
baseline,J01-NE-HIGH,8,0.9062,0.9669787234042552,0.22,0.7982682454416858,0.8105912796053146,0.19001656827761876,1
baseline,J01-NE-HIGH,9,0.9062,0.9669787234042552,0.22,0.7823670647913182,0.8026670269612254,0.20574967662279314,1
baseline,J01-NE-HIGH,10,0.9062,0.9669787234042552,0.22,0.7305806747828805,0.859001173383991,0.20615843106236295,1
baseline,J01-NE-HIGH,11,0.9062,0.9669787234042552,0.22,0.8257474007736879,0.86318564692691,0.13132259305580898,1
baseline,J01-NE-HIGH,12,0.9062,0.9669787234042552,0.22,0.8052289733671872,0.8401427794714597,0.16211879870208584,1
baseline,J01-NE-HIGH,13,0.9062,0.9669787234042552,0.22,0.7991436786079651,0.8743832001785631,0.14154499945753773,1
baseline,J01-NE-HIGH,14,0.9062,0.9669787234042552,0.22,0.7233298008970861,0.8343394220261293,0.22590859653854847,1
baseline,J01-NE-HIGH,15,0.9062,0.9669787234042552,0.22,0.7983710806121832,0.8133573569439979,0.18768750648208035,0
baseline,J01-NE-HIGH,16,0.9062,0.9669787234042552,0.22,0.8306735596546253,0.8671937985548095,0.12514501355808375,1
baseline,J01-NE-HIGH,17,0.9062,0.9669787234042552,0.22,0.8445146425900639,0.8362699576995264,0.14453326520509124,1
baseline,J01-NE-HIGH,18,0.9062,0.9669787234042552,0.22,0.8261519347431153,0.7886843810447052,0.19543941585257282,1
baseline,J01-NE-HIGH,19,0.9062,0.9669787234042552,0.22,0.8064893316579428,0.8164586232700178,0.18055059658068306,1
baseline,J01-NE-HIGH,20,0.9062,0.9669787234042552,0.22,0.7965881021170641,0.8641168096128318,0.1503174689327005,0
baseline,J01-NE-HIGH,21,0.9062,0.9669787234042552,0.22,0.866804156864281,0.8880551697424207,0.08820974877521554,1
baseline,J01-NE-HIGH,22,0.9062,0.9669787234042552,0.22,0.7486480584278901,0.8374940283057356,0.20393356898239712,1
baseline,J01-NE-HIGH,23,0.9062,0.9669787234042552,0.22,0.784296149497498,0.7903431571658341,0.21461750168079016,1
baseline,J01-NE-HIGH,24,0.9062,0.9669787234042552,0.22,0.84398316901236,0.8174486949025936,0.16195728906675447,0
baseline,J01-NE-HIGH,25,0.9062,0.9669787234042552,0.22,0.7227340752570905,0.8489139901155127,0.21817201192708657,1
baseline,J01-NE-HIGH,26,0.9062,0.9669787234042552,0.22,0.7665502176301011,0.8229227349614974,0.20063446743314095,1
baseline,J01-NE-HIGH,27,0.9062,0.9669787234042552,0.22,0.7236060126589133,0.8084025861828936,0.24184076477956526,1
baseline,J01-NE-HIGH,28,0.9062,0.9669787234042552,0.22,0.7605547271189761,0.8432841360148209,0.1910834803483292,1
baseline,J01-NE-HIGH,29,0.9062,0.9669787234042552,0.22,0.7960161215191182,0.7419900928842793,0.25052020066322783,1
baseline,J01-NE-HIGH,30,0.9062,0.9669787234042552,0.22,0.8177835512451344,0.9150234813657165,0.10255152649134441,1
baseline,J01-NE-HIGH,31,0.9062,0.9669787234042552,0.22,0.7932452994180407,0.910940830295652,0.12609127585844834,1
baseline,J01-NE-HIGH,32,0.9062,0.9669787234042552,0.22,0.787504910710892,0.8458818646533826,0.16956701749066094,1
baseline,J01-NE-HIGH,33,0.9062,0.9669787234042552,0.22,0.7691119953204979,0.7800475916301615,0.23181106326780604,1
baseline,J01-NE-HIGH,34,0.9062,0.9669787234042552,0.22,0.8720407846684644,0.9181523898797709,0.059589116770685555,1
baseline,J01-NE-HIGH,35,0.9062,0.9669787234042552,0.22,0.8456132040047142,0.8196096235604184,0.1593374138040313,1
baseline,J01-NE-HIGH,36,0.9062,0.9669787234042552,0.22,0.7821742197853071,0.7642103805727612,0.23769180678452836,1
baseline,J01-NE-HIGH,37,0.9062,0.9669787234042552,0.22,0.8261366764514293,0.8095080854119538,0.17665542054334343,1
baseline,J01-NE-HIGH,38,0.9062,0.9669787234042552,0.22,0.7462984206778496,0.8554305459602395,0.19496540965207027,0
baseline,J01-NE-HIGH,39,0.9062,0.9669787234042552,0.22,0.8103028285984523,0.8090396976003039,0.1847728425789867,1
baseline,J01-NE-HIGH,40,0.9062,0.9669787234042552,0.22,0.8307369983519093,0.8515173871532834,0.1379347120437771,1
baseline,J01-NE-HIGH,41,0.9062,0.9669787234042552,0.22,0.752803556260951,0.7955040879319797,0.2300739436836275,1
baseline,J01-NE-HIGH,42,0.9062,0.9669787234042552,0.22,0.7794595875187922,0.8183758778174145,0.19530985093541264,1
baseline,J01-NE-HIGH,43,0.9062,0.9669787234042552,0.22,0.8036104524322852,0.803589866658155,0.192926239218376,1
baseline,J01-NE-HIGH,44,0.9062,0.9669787234042552,0.22,0.7492738181725855,0.9069063195505179,0.16803130734389127,0
baseline,J01-NE-HIGH,45,0.9062,0.9669787234042552,0.22,0.7080901046379622,0.82643188498387,0.2429011001010976,1
baseline,J01-NE-HIGH,46,0.9062,0.9669787234042552,0.22,0.8012307039320039,0.845239815745645,0.16074487473920354,1
baseline,J01-NE-HIGH,47,0.9062,0.9669787234042552,0.22,0.8219452245840901,0.7481690924787416,0.234470726885351,0
baseline,J01-NE-HIGH,48,0.9062,0.9669787234042552,0.22,0.7725980026073718,0.9015794168812601,0.148750001683995,1
baseline,J01-NE-HIGH,49,0.9062,0.9669787234042552,0.22,0.8386260104735861,0.8468761155373377,0.1378074035636346,1
baseline,J01-NE-HIGH,50,0.9062,0.9669787234042552,0.22,0.679128918418775,0.8673575492435222,0.24796301020843906,1
baseline,J01-NE-HIGH,51,0.9062,0.9669787234042552,0.22,0.825351297525006,0.7887802231333468,0.1956814201468576,1
baseline,J01-NE-HIGH,52,0.9062,0.9669787234042552,0.22,0.8042421459787503,0.8301292874809808,0.1706551262316396,1
baseline,J01-NE-HIGH,53,0.9062,0.9669787234042552,0.22,0.7629453468032013,0.8343797872025046,0.19520341581122755,1
baseline,J01-NE-HIGH,54,0.9062,0.9669787234042552,0.22,0.7769973520866055,0.8266671042167122,0.19073718753002172,1
baseline,J01-NE-HIGH,55,0.9062,0.9669787234042552,0.22,0.7929834701211382,0.7879904984016213,0.21178944101962377,1
baseline,J01-NE-HIGH,56,0.9062,0.9669787234042552,0.22,0.8065121136455036,0.8237389460240165,0.1745144936954158,1
baseline,J01-NE-HIGH,57,0.9062,0.9669787234042552,0.22,0.8384246879075402,0.8602501163672813,0.12642977690909332,1
baseline,J01-NE-HIGH,58,0.9062,0.9669787234042552,0.22,0.7258642738445226,0.8883748362845622,0.19672199978230392,1
baseline,J01-NE-HIGH,59,0.9062,0.9669787234042552,0.22,0.7316545022208768,0.8162183922314368,0.23063999707401095,1
baseline,J01-NE-HIGH,60,0.9062,0.9669787234042552,0.22,0.7626917395210016,0.8559513542907946,0.18144337275845784,0
baseline,J01-SE-HIGH,1,0.9062,0.08408510638297871,0.22,0.7728981746023125,-0.07632459449193614,0.20856809149324648,1
baseline,J01-SE-HIGH,2,0.9062,0.08408510638297871,0.22,0.8334279118078352,-0.09327827272131356,0.19171214115736418,1
baseline,J01-SE-HIGH,3,0.9062,0.08408510638297871,0.22,0.8019894170187035,0.008748396268083998,0.12859030094154597,1
baseline,J01-SE-HIGH,4,0.9062,0.08408510638297871,0.22,0.8031373562086958,-0.011875482090458314,0.1408202509776971,1
baseline,J01-SE-HIGH,5,0.9062,0.08408510638297871,0.22,0.8486233437225699,-0.0713657362836063,0.16577103436318633,1
baseline,J01-SE-HIGH,6,0.9062,0.08408510638297871,0.22,0.8543079253791545,-0.06554485632097598,0.15837270328955766,1
baseline,J01-SE-HIGH,7,0.9062,0.08408510638297871,0.22,0.7986454433207499,-0.04463000721221708,0.16773658852586149,1
baseline,J01-SE-HIGH,8,0.9062,0.08408510638297871,0.22,0.8135872229348604,-0.03742658483300504,0.15278160091413437,1
baseline,J01-SE-HIGH,9,0.9062,0.08408510638297871,0.22,0.7857432381807096,-0.026158227209930156,0.16328938749859603,1
baseline,J01-SE-HIGH,10,0.9062,0.08408510638297871,0.22,0.781297347426875,-0.04260397423277099,0.1779067052335766,1
baseline,J01-SE-HIGH,11,0.9062,0.08408510638297871,0.22,0.7959229506958221,-0.0907681111894661,0.20672366893675434,1
baseline,J01-SE-HIGH,12,0.9062,0.08408510638297871,0.22,0.8138541727767684,-0.0660845751633488,0.17629147756278055,1
baseline,J01-SE-HIGH,13,0.9062,0.08408510638297871,0.22,0.8629828688470843,0.07440950087430673,0.04428699320396182,1
baseline,J01-SE-HIGH,14,0.9062,0.08408510638297871,0.22,0.7949630723825688,-0.06825256815059436,0.18862773165169128,1
baseline,J01-SE-HIGH,15,0.9062,0.08408510638297871,0.22,0.712269764672983,-0.12373250280968477,0.28424829790967404,1
baseline,J01-SE-HIGH,16,0.9062,0.08408510638297871,0.22,0.7293825779162787,-0.11258597669501094,0.2644691204496328,1
baseline,J01-SE-HIGH,17,0.9062,0.08408510638297871,0.22,0.7359746551591381,-0.03633828036066743,0.20851489179672547,1
baseline,J01-SE-HIGH,18,0.9062,0.08408510638297871,0.22,0.839600079567557,-0.010723493622078098,0.11586293642285525,1
baseline,J01-SE-HIGH,19,0.9062,0.08408510638297871,0.22,0.7756162325005368,-0.12328065988955275,0.24505648605198763,1
baseline,J01-SE-HIGH,20,0.9062,0.08408510638297871,0.22,0.7655533566964097,-0.07906336835185551,0.2154040461107224,1
baseline,J01-SE-HIGH,21,0.9062,0.08408510638297871,0.22,0.8353499292539502,-0.05639391138313485,0.15733431589215463,1
baseline,J01-SE-HIGH,22,0.9062,0.08408510638297871,0.22,0.7757688258912941,-0.10593497712058442,0.23047759829119327,1
baseline,J01-SE-HIGH,23,0.9062,0.08408510638297871,0.22,0.8262968572729104,0.005613288711913321,0.11199258183588139,1
baseline,J01-SE-HIGH,24,0.9062,0.08408510638297871,0.22,0.8389056573265617,-0.10411207126827346,0.19986672117125226,1
baseline,J01-SE-HIGH,25,0.9062,0.08408510638297871,0.22,0.7468939108365213,-0.014492281345150113,0.18733908138950628,1
baseline,J01-SE-HIGH,26,0.9062,0.08408510638297871,0.22,0.8228754282730166,-0.030469890430342945,0.1416539146948835,1
baseline,J01-SE-HIGH,27,0.9062,0.08408510638297871,0.22,0.8005889375570026,-0.03207305327988516,0.1569917659197516,1
baseline,J01-SE-HIGH,28,0.9062,0.08408510638297871,0.22,0.8296047760632264,-0.04441974316385503,0.14960055042338208,1
baseline,J01-SE-HIGH,29,0.9062,0.08408510638297871,0.22,0.7669859400467754,0.01707088107878732,0.15450391866156965,1
baseline,J01-SE-HIGH,30,0.9062,0.08408510638297871,0.22,0.7464498516337695,-0.06222193116277289,0.21662377325318338,1
baseline,J01-SE-HIGH,31,0.9062,0.08408510638297871,0.22,0.8400939099947936,-0.07157081352356981,0.16911173979866181,1
baseline,J01-SE-HIGH,32,0.9062,0.08408510638297871,0.22,0.8400802058079209,-0.10088709032612629,0.19643457114111745,1
baseline,J01-SE-HIGH,33,0.9062,0.08408510638297871,0.22,0.7794097609627753,0.004527682846637994,0.14968349392921482,1
baseline,J01-SE-HIGH,34,0.9062,0.08408510638297871,0.22,0.7894039305617947,-0.045598949935633126,0.17452586140587578,1
baseline,J01-SE-HIGH,35,0.9062,0.08408510638297871,0.22,0.8145941547298912,-0.05161711168496703,0.16372758740118118,1
baseline,J01-SE-HIGH,36,0.9062,0.08408510638297871,0.22,0.7925344206807232,-0.06596155978246589,0.18823885345313593,1
baseline,J01-SE-HIGH,37,0.9062,0.08408510638297871,0.22,0.7545937870232751,-0.07585852887474202,0.22037788063369448,1
baseline,J01-SE-HIGH,38,0.9062,0.08408510638297871,0.22,0.8193012529349541,-0.10553773250349996,0.20858622502179347,1
baseline,J01-SE-HIGH,39,0.9062,0.08408510638297871,0.22,0.7553667934187002,-0.022581267018472607,0.18473865708674758,1
baseline,J01-SE-HIGH,40,0.9062,0.08408510638297871,0.22,0.8202060359935582,-0.06728937452636537,0.1740953627070939,1
baseline,J01-SE-HIGH,41,0.9062,0.08408510638297871,0.22,0.755194088804861,-0.057798073479419614,0.20720430001266832,1
baseline,J01-SE-HIGH,42,0.9062,0.08408510638297871,0.22,0.7227012163823588,-0.003452435638329504,0.20330918536132644,1
baseline,J01-SE-HIGH,43,0.9062,0.08408510638297871,0.22,0.7913859205846374,-0.07838055629438126,0.19894060515940656,1
baseline,J01-SE-HIGH,44,0.9062,0.08408510638297871,0.22,0.7215334274590515,-0.03229314429064285,0.21827881308975844,1
baseline,J01-SE-HIGH,45,0.9062,0.08408510638297871,0.22,0.8511470792974396,-0.039805352012093544,0.13557164068942862,1
baseline,J01-SE-HIGH,46,0.9062,0.08408510638297871,0.22,0.8060990566043814,-0.03438792830497167,0.1551001573721482,0
baseline,J01-SE-HIGH,47,0.9062,0.08408510638297871,0.22,0.8086398920678162,-0.09598894489469534,0.20480390280288543,0
baseline,J01-SE-HIGH,48,0.9062,0.08408510638297871,0.22,0.7718717628858119,-0.1260215216901194,0.24937696454655292,1
baseline,J01-SE-HIGH,49,0.9062,0.08408510638297871,0.22,0.6869777282202255,-0.051971836230948275,0.25801142625421597,1
baseline,J01-SE-HIGH,50,0.9062,0.08408510638297871,0.22,0.7935614534218948,-0.023663349044860997,0.15587550103307812,1
baseline,J01-SE-HIGH,51,0.9062,0.08408510638297871,0.22,0.697189364509995,-0.11068642548696644,0.2856945840839493,1
baseline,J01-SE-HIGH,52,0.9062,0.08408510638297871,0.22,0.8193237664238074,-0.08411128509857625,0.18930796620269752,0
baseline,J01-SE-HIGH,53,0.9062,0.08408510638297871,0.22,0.8346730694975643,-0.07784580227669598,0.17702463378425098,0
baseline,J01-SE-HIGH,54,0.9062,0.08408510638297871,0.22,0.8369218195491588,-0.056501497325984466,0.15672925517911573,1
baseline,J01-SE-HIGH,55,0.9062,0.08408510638297871,0.22,0.8248266726015194,-0.09475408525598056,0.19648174184380776,1
baseline,J01-SE-HIGH,56,0.9062,0.08408510638297871,0.22,0.7612074415913427,-0.04905168939024059,0.1968457476874921,0
baseline,J01-SE-HIGH,57,0.9062,0.08408510638297871,0.22,0.7793328765948282,-0.07964392551212887,0.2071290971505748,1
baseline,J01-SE-HIGH,58,0.9062,0.08408510638297871,0.22,0.798744567545469,-0.12370873506528136,0.23393364552328708,1
baseline,J01-SE-HIGH,59,0.9062,0.08408510638297871,0.22,0.7896905309882761,-0.03166965649723313,0.1642364804142122,0
baseline,J01-SE-HIGH,60,0.9062,0.08408510638297871,0.22,0.8302093504112394,-0.04601080706103679,0.15066361710696635,1
baseline,J01-SW-HIGH,1,0.0788,0.08408510638297871,0.22,-0.014438012077902535,-0.058666009308027546,0.1705028091477268,1
baseline,J01-SW-HIGH,2,0.0788,0.08408510638297871,0.22,-0.041852333896487987,-0.0652132820044566,0.19195570960446867,1
baseline,J01-SW-HIGH,3,0.0788,0.08408510638297871,0.22,-0.07904818750525351,-0.014035629146097475,0.18585943354982168,0
baseline,J01-SW-HIGH,4,0.0788,0.08408510638297871,0.22,0.0284799055816648,0.0228768469064769,0.07923738341473009,1
baseline,J01-SW-HIGH,5,0.0788,0.08408510638297871,0.22,-0.007542435951988932,-0.05639265194772461,0.16489092404296482,1
baseline,J01-SW-HIGH,6,0.0788,0.08408510638297871,0.22,0.008584182782206705,-0.009855893794147502,0.11728244754370273,1
baseline,J01-SW-HIGH,7,0.0788,0.08408510638297871,0.22,-0.03759868581375678,-0.046877943734801406,0.17521408206911296,1
baseline,J01-SW-HIGH,8,0.0788,0.08408510638297871,0.22,0.013614990386209315,0.002978461313551277,0.10405466521385795,1
baseline,J01-SW-HIGH,9,0.0788,0.08408510638297871,0.22,-0.0005952779268797448,-0.04142176537266305,0.14851122858212973,1
baseline,J01-SW-HIGH,10,0.0788,0.08408510638297871,0.22,-0.08774355091384642,-0.07172451230713299,0.22806444621499197,1
baseline,J01-SW-HIGH,11,0.0788,0.08408510638297871,0.22,-0.02308908029868525,-0.02942174012104997,0.15252930501186013,0
baseline,J01-SW-HIGH,12,0.0788,0.08408510638297871,0.22,-0.11318276626144205,-0.04907365119801951,0.23364211363089177,0
baseline,J01-SW-HIGH,13,0.0788,0.08408510638297871,0.22,-0.03252441958960869,-0.06947348939613308,0.1896664670800189,1
baseline,J01-SW-HIGH,14,0.0788,0.08408510638297871,0.22,-0.034688009132497206,-0.09002684695664162,0.20783286677663831,1
baseline,J01-SW-HIGH,15,0.0788,0.08408510638297871,0.22,-0.056896707981933435,-0.002015847914431504,0.160707718819162,1
baseline,J01-SW-HIGH,16,0.0788,0.08408510638297871,0.22,-0.06675498745819583,-0.02848430529072938,0.1840057793073911,1
baseline,J01-SW-HIGH,17,0.0788,0.08408510638297871,0.22,0.02716252671714546,-0.04235945868129686,0.13658205109505178,0
baseline,J01-SW-HIGH,18,0.0788,0.08408510638297871,0.22,-0.04030648558447653,-0.024362050856476962,0.1610811622183188,1
baseline,J01-SW-HIGH,19,0.0788,0.08408510638297871,0.22,0.011688586237196465,-0.023121971388744823,0.1264804308246718,1
baseline,J01-SW-HIGH,20,0.0788,0.08408510638297871,0.22,-0.1405469278136499,-0.07174540942976512,0.2690654648960961,1
baseline,J01-SW-HIGH,21,0.0788,0.08408510638297871,0.22,-0.008970064851648998,-0.08610020111547625,0.19148530798055066,1
baseline,J01-SW-HIGH,22,0.0788,0.08408510638297871,0.22,-0.08529072747514313,-0.02392718240051082,0.19644953899556403,1
baseline,J01-SW-HIGH,23,0.0788,0.08408510638297871,0.22,-0.07474161112122246,-0.07846275473100284,0.22359971712511387,1
baseline,J01-SW-HIGH,24,0.0788,0.08408510638297871,0.22,-0.04677089838957997,-0.030420413473012792,0.16993988525315967,0
baseline,J01-SW-HIGH,25,0.0788,0.08408510638297871,0.22,-0.03406862717540604,-0.09329096412971236,0.21024175938900425,1
baseline,J01-SW-HIGH,26,0.0788,0.08408510638297871,0.22,-0.06248712851709036,-0.08176671191548103,0.21787353744204485,1
baseline,J01-SW-HIGH,27,0.0788,0.08408510638297871,0.22,0.05704115849467582,0.026758594872484498,0.06131701318244916,1
baseline,J01-SW-HIGH,28,0.0788,0.08408510638297871,0.22,0.004751147002881435,-0.14463050124647409,0.2404039554655844,1
baseline,J01-SW-HIGH,29,0.0788,0.08408510638297871,0.22,-0.016830889871450885,-0.022814301422174242,0.14343204135303228,1
baseline,J01-SW-HIGH,30,0.0788,0.08408510638297871,0.22,-0.04540885928038188,-0.057803600787679835,0.18857424518288438,1
baseline,J01-SW-HIGH,31,0.0788,0.08408510638297871,0.22,-0.026133420077540485,-0.02042250267187246,0.14809747803231216,1
baseline,J01-SW-HIGH,32,0.0788,0.08408510638297871,0.22,-0.037328682663103185,-0.006546067947937148,0.14730879368750727,1
baseline,J01-SW-HIGH,33,0.0788,0.08408510638297871,0.22,0.0505012297601677,-0.02049535562219164,0.10834155910961267,1
baseline,J01-SW-HIGH,34,0.0788,0.08408510638297871,0.22,-0.05928932796198609,-0.055322484714117014,0.19622216733205247,1
baseline,J01-SW-HIGH,35,0.0788,0.08408510638297871,0.22,-0.026161995540512305,-0.08442680405763629,0.19852779268453163,1
baseline,J01-SW-HIGH,36,0.0788,0.08408510638297871,0.22,-0.024435978302709133,-0.07272869658572464,0.18774513580283445,1
baseline,J01-SW-HIGH,37,0.0788,0.08408510638297871,0.22,-0.05350388030939912,-0.051796443502546925,0.1896526096425156,1
baseline,J01-SW-HIGH,38,0.0788,0.08408510638297871,0.22,-0.08428890776357283,-0.07290604949828529,0.22637185085705885,1
baseline,J01-SW-HIGH,39,0.0788,0.08408510638297871,0.22,0.019788662283648548,0.006224405833044122,0.09769660520816406,1
baseline,J01-SW-HIGH,40,0.0788,0.08408510638297871,0.22,-0.02475704304040461,0.01714190494642248,0.12331039445986522,1
baseline,J01-SW-HIGH,41,0.0788,0.08408510638297871,0.22,-0.05473252092636177,-0.0027358175098785437,0.159275883204453,1
baseline,J01-SW-HIGH,42,0.0788,0.08408510638297871,0.22,-0.0852477253400507,-0.03084050930445734,0.20029866033096916,1
baseline,J01-SW-HIGH,43,0.0788,0.08408510638297871,0.22,-0.05684930742936366,-0.06759250909618687,0.20348669156362933,1
baseline,J01-SW-HIGH,44,0.0788,0.08408510638297871,0.22,-0.03697491764187159,-0.021206492557914906,0.15649329813928817,0
baseline,J01-SW-HIGH,45,0.0788,0.08408510638297871,0.22,-0.028220129186362262,-0.0777687672305997,0.19403603906178324,0
baseline,J01-SW-HIGH,46,0.0788,0.08408510638297871,0.22,-0.01609852005883868,-0.03705836573772522,0.15388784860026333,1
baseline,J01-SW-HIGH,47,0.0788,0.08408510638297871,0.22,-0.019613451238747366,-0.0784266028652563,0.18998753387394704,1
baseline,J01-SW-HIGH,48,0.0788,0.08408510638297871,0.22,-0.055610188704039706,-0.04510788529629335,0.18643210004314176,1
baseline,J01-SW-HIGH,49,0.0788,0.08408510638297871,0.22,-0.01113987204080643,-0.04460421444527768,0.15700357281907484,1
baseline,J01-SW-HIGH,50,0.0788,0.08408510638297871,0.22,-0.040926609761977116,-0.003072800110320982,0.14809105897856062,1
baseline,J01-SW-HIGH,51,0.0788,0.08408510638297871,0.22,-0.03835489763013598,-0.055550967969129686,0.18227315572841543,1
baseline,J01-SW-HIGH,52,0.0788,0.08408510638297871,0.22,-0.06801001610217561,-0.01842951587576079,0.1790598464334567,1
baseline,J01-SW-HIGH,53,0.0788,0.08408510638297871,0.22,-0.025222501417000803,-0.04584027891810386,0.16643703478097865,1
baseline,J01-SW-HIGH,54,0.0788,0.08408510638297871,0.22,-0.06505257245555039,-0.024264104825241276,0.1800919603189516,1
baseline,J01-SW-HIGH,55,0.0788,0.08408510638297871,0.22,-0.03684320183604865,-0.07563873632408842,0.19719294120227784,0
baseline,J01-SW-HIGH,56,0.0788,0.08408510638297871,0.22,-0.061485639009223436,-0.12103691869946741,0.24850574578095735,0
baseline,J01-SW-HIGH,57,0.0788,0.08408510638297871,0.22,-0.011096689543365644,-0.04795200834668068,0.15973482543574993,1
baseline,J01-SW-HIGH,58,0.0788,0.08408510638297871,0.22,-0.03195301192888637,-0.03068270919000578,0.15949257394222036,0
baseline,J01-SW-HIGH,59,0.0788,0.08408510638297871,0.22,0.01907938069415146,-0.015006778067700295,0.11569681903259402,1
baseline,J01-SW-HIGH,60,0.0788,0.08408510638297871,0.22,-0.04524213399507941,-0.07560206089473075,0.20220396237272997,1
baseline,J02-NW-HIGH,1,0.0788,2.9114468085106378,0.22,-0.06740431045755388,2.7776553754961997,0.1981813511519832,1
baseline,J02-NW-HIGH,2,0.0788,2.9114468085106378,0.22,-0.047155795892698145,2.809335714279988,0.16214665609855688,0
baseline,J02-NW-HIGH,3,0.0788,2.9114468085106378,0.22,-0.03428332097018205,2.721893213265417,0.220722456836712,1
baseline,J02-NW-HIGH,4,0.0788,2.9114468085106378,0.22,-0.07310098901957356,2.7496475749709277,0.22192994939656574,1
baseline,J02-NW-HIGH,5,0.0788,2.9114468085106378,0.22,-0.003980873820231781,2.7569263496481438,0.175297590620969,1
baseline,J02-NW-HIGH,6,0.0788,2.9114468085106378,0.22,-0.008478375637248365,2.6920980963352252,0.236074929602634,1
baseline,J02-NW-HIGH,7,0.0788,2.9114468085106378,0.22,-0.022295816789846098,2.7869189263047307,0.1603981222430437,1
baseline,J02-NW-HIGH,8,0.0788,2.9114468085106378,0.22,0.04841209614485806,2.7773800251042013,0.13746754931131086,1
baseline,J02-NW-HIGH,9,0.0788,2.9114468085106378,0.22,-0.06504611413354067,2.775693715395121,0.19778929910829302,1
baseline,J02-NW-HIGH,10,0.0788,2.9114468085106378,0.22,-0.07674392392931267,2.7861997708666073,0.19970160918213198,1
baseline,J02-NW-HIGH,11,0.0788,2.9114468085106378,0.22,-0.056526560470505374,2.755433757689947,0.2065268747527954,1
baseline,J02-NW-HIGH,12,0.0788,2.9114468085106378,0.22,-0.04985044340367535,2.8161135911639508,0.16012294937838528,1
baseline,J02-NW-HIGH,13,0.0788,2.9114468085106378,0.22,-0.04282749206005228,2.775331241156516,0.18253956968545892,1
baseline,J02-NW-HIGH,14,0.0788,2.9114468085106378,0.22,0.010078729270215747,2.808173481672179,0.12404834979555114,1
baseline,J02-NW-HIGH,15,0.0788,2.9114468085106378,0.22,-0.034144687987183286,2.7711538381470775,0.18010724604510775,1
baseline,J02-NW-HIGH,16,0.0788,2.9114468085106378,0.22,-0.04528893911739994,2.7284322114781596,0.22111627605909553,1
baseline,J02-NW-HIGH,17,0.0788,2.9114468085106378,0.22,-0.040590165552189625,2.7861730401012434,0.17305354281860225,0
baseline,J02-NW-HIGH,18,0.0788,2.9114468085106378,0.22,-0.08662361626232146,2.8792978235124957,0.1685186341438671,0
baseline,J02-NW-HIGH,19,0.0788,2.9114468085106378,0.22,-0.055529669196108855,2.800343013491212,0.17432301424096194,1
baseline,J02-NW-HIGH,20,0.0788,2.9114468085106378,0.22,-0.07314284112263265,2.798134159605051,0.18954256347960038,1
baseline,J02-NW-HIGH,21,0.0788,2.9114468085106378,0.22,-0.011202717744527146,2.7769090603847606,0.16186690480818797,1
baseline,J02-NW-HIGH,22,0.0788,2.9114468085106378,0.22,-0.09067847521029561,2.748435899661713,0.23514997334330973,1
baseline,J02-NW-HIGH,23,0.0788,2.9114468085106378,0.22,-0.05029826942820398,2.828473308547449,0.1534632362016988,1
baseline,J02-NW-HIGH,24,0.0788,2.9114468085106378,0.22,0.01747598021053949,2.753460804394137,0.169470389448532,1
baseline,J02-NW-HIGH,25,0.0788,2.9114468085106378,0.22,-0.0745525476363818,2.8346556179460243,0.17150478365019306,1
baseline,J02-NW-HIGH,26,0.0788,2.9114468085106378,0.22,0.0023102317461675542,2.761663888756073,0.1681832562942201,1
baseline,J02-NW-HIGH,27,0.0788,2.9114468085106378,0.22,-0.0723066126852524,2.755537123194549,0.2171198709758567,1
baseline,J02-NW-HIGH,28,0.0788,2.9114468085106378,0.22,-0.05651661660864311,2.767016550711348,0.1979158561065278,1
baseline,J02-NW-HIGH,29,0.0788,2.9114468085106378,0.22,0.010171739566272958,2.7869283493846266,0.1421783555724132,1
baseline,J02-NW-HIGH,30,0.0788,2.9114468085106378,0.22,-0.10768287565178085,2.7472692921371693,0.24845546843230892,0
baseline,J02-NW-HIGH,31,0.0788,2.9114468085106378,0.22,-0.022978457519821756,2.818170549675979,0.1380554775345928,1
baseline,J02-NW-HIGH,32,0.0788,2.9114468085106378,0.22,-0.0803904616549033,2.7493203894149207,0.22721482973323134,0
baseline,J02-NW-HIGH,33,0.0788,2.9114468085106378,0.22,-0.07372541855377948,2.8030587989378364,0.18711484153898456,0
baseline,J02-NW-HIGH,34,0.0788,2.9114468085106378,0.22,-0.054296161125157436,2.787124044517177,0.1821283551598367,1
baseline,J02-NW-HIGH,35,0.0788,2.9114468085106378,0.22,-0.05682505225251702,2.7420989850205144,0.21696276205685608,1
baseline,J02-NW-HIGH,36,0.0788,2.9114468085106378,0.22,-0.034923219441065245,2.858410459510784,0.12548236910130023,1
baseline,J02-NW-HIGH,37,0.0788,2.9114468085106378,0.22,-0.061772357170621246,2.8648234356606213,0.14810241894181325,1
baseline,J02-NW-HIGH,38,0.0788,2.9114468085106378,0.22,-0.10152144841310386,2.767359470574379,0.23081807925584452,1
baseline,J02-NW-HIGH,39,0.0788,2.9114468085106378,0.22,-0.03774008743456274,2.784669504777223,0.17220359090672288,1
baseline,J02-NW-HIGH,40,0.0788,2.9114468085106378,0.22,-0.07872782413341299,2.8220910470983576,0.1811062325646907,1
baseline,J02-NW-HIGH,41,0.0788,2.9114468085106378,0.22,-0.031232367643934403,2.7972173652483474,0.1586048159336366,0
baseline,J02-NW-HIGH,42,0.0788,2.9114468085106378,0.22,-0.07693621316951248,2.71940743074696,0.2472506637083922,1
baseline,J02-NW-HIGH,43,0.0788,2.9114468085106378,0.22,-0.034991952315991996,2.7243867332201646,0.21895223264347521,1
baseline,J02-NW-HIGH,44,0.0788,2.9114468085106378,0.22,-0.06384205820595944,2.810304958919548,0.1748611749587052,0
baseline,J02-NW-HIGH,45,0.0788,2.9114468085106378,0.22,-0.045253080002216506,2.8385322475742405,0.1438947526999644,1
baseline,J02-NW-HIGH,46,0.0788,2.9114468085106378,0.22,-0.0011818170622674429,2.728277852200648,0.19986985169422852,1
baseline,J02-NW-HIGH,47,0.0788,2.9114468085106378,0.22,-0.06189063510038619,2.707600672742622,0.2476834711330217,1
baseline,J02-NW-HIGH,48,0.0788,2.9114468085106378,0.22,-0.03514429193271078,2.8708619595031766,0.12095632117837099,0
baseline,J02-NW-HIGH,49,0.0788,2.9114468085106378,0.22,-0.04155763689650037,2.7835944940165995,0.17559093108925725,1
baseline,J02-NW-HIGH,50,0.0788,2.9114468085106378,0.22,-0.0016268032308694794,2.765781415768764,0.16639374183117991,1
baseline,J02-NW-HIGH,51,0.0788,2.9114468085106378,0.22,-0.04713279154822592,2.8594482664521603,0.13624579392897299,1
baseline,J02-NW-HIGH,52,0.0788,2.9114468085106378,0.22,-0.07664309437799346,2.7931069356291696,0.1953634589768717,1
baseline,J02-NW-HIGH,53,0.0788,2.9114468085106378,0.22,-0.10442194675388496,2.770450405529915,0.23119313879478748,1
baseline,J02-NW-HIGH,54,0.0788,2.9114468085106378,0.22,-0.030579373857596855,2.774132414801196,0.17555366742187858,0
baseline,J02-NW-HIGH,55,0.0788,2.9114468085106378,0.22,-0.04711051872590695,2.7991011521019096,0.16874538583242793,1
baseline,J02-NW-HIGH,56,0.0788,2.9114468085106378,0.22,-0.02516004163856641,2.776877172807279,0.17004904325172535,1
baseline,J02-NW-HIGH,57,0.0788,2.9114468085106378,0.22,-0.09285625322543029,2.7574930051810385,0.2305810981651401,1
baseline,J02-NW-HIGH,58,0.0788,2.9114468085106378,0.22,-0.11015351145625511,2.7794779840401067,0.2304760293908739,0
baseline,J02-NW-HIGH,59,0.0788,2.9114468085106378,0.22,-0.09975035225445485,2.717844532621973,0.2633667965394661,1
baseline,J02-NW-HIGH,60,0.0788,2.9114468085106378,0.22,-0.06228987994150589,2.783594624254961,0.19040098539885783,1
baseline,J02-NE-HIGH,1,0.9062,2.9114468085106378,0.22,0.7606604685569155,2.828062620603955,0.16773395006834355,1
baseline,J02-NE-HIGH,2,0.9062,2.9114468085106378,0.22,0.8093011187745981,2.8532153319833258,0.11304998027989847,1
baseline,J02-NE-HIGH,3,0.9062,2.9114468085106378,0.22,0.8971106715494456,2.872886400136671,0.03961718043537588,1
baseline,J02-NE-HIGH,4,0.9062,2.9114468085106378,0.22,0.7509463287557924,2.792742187853555,0.19543410500766345,1
baseline,J02-NE-HIGH,5,0.9062,2.9114468085106378,0.22,0.8618920642900602,2.711683779902694,0.20461784078006098,1
baseline,J02-NE-HIGH,6,0.9062,2.9114468085106378,0.22,0.8116508855073223,2.768774405339172,0.1711576749026193,1
baseline,J02-NE-HIGH,7,0.9062,2.9114468085106378,0.22,0.7620196381335343,2.852646775711998,0.1557094107787518,1
baseline,J02-NE-HIGH,8,0.9062,2.9114468085106378,0.22,0.7989806053899806,2.7622489460269315,0.18372806195637612,1
baseline,J02-NE-HIGH,9,0.9062,2.9114468085106378,0.22,0.8061390998125089,2.7958089767881753,0.15291923316510453,1
baseline,J02-NE-HIGH,10,0.9062,2.9114468085106378,0.22,0.6879133214741033,2.7754895917314646,0.2571642253817728,1
baseline,J02-NE-HIGH,11,0.9062,2.9114468085106378,0.22,0.8436360530857826,2.739085058828282,0.18336526445062618,1
baseline,J02-NE-HIGH,12,0.9062,2.9114468085106378,0.22,0.733273281612956,2.7622355042800506,0.22840241514113824,1
baseline,J02-NE-HIGH,13,0.9062,2.9114468085106378,0.22,0.7909477794395943,2.818935904963392,0.14778816467915223,1
baseline,J02-NE-HIGH,14,0.9062,2.9114468085106378,0.22,0.8536314146067014,2.778011580358203,0.14341693164457545,1
baseline,J02-NE-HIGH,15,0.9062,2.9114468085106378,0.22,0.6994501459097286,2.839612467459418,0.21887365012858775,1
baseline,J02-NE-HIGH,16,0.9062,2.9114468085106378,0.22,0.8110663093151934,2.774808209185315,0.16649482252880582,1
baseline,J02-NE-HIGH,17,0.9062,2.9114468085106378,0.22,0.8104326213044774,2.725277293909431,0.20935729982272056,1
baseline,J02-NE-HIGH,18,0.9062,2.9114468085106378,0.22,0.8327703907362347,2.8084506964674136,0.1264915278295334,1
baseline,J02-NE-HIGH,19,0.9062,2.9114468085106378,0.22,0.8219991472226161,2.7604964182459573,0.17284618575339758,1
baseline,J02-NE-HIGH,20,0.9062,2.9114468085106378,0.22,0.7590171087444243,2.8419124347812965,0.1627815487341312,0
baseline,J02-NE-HIGH,21,0.9062,2.9114468085106378,0.22,0.8359106267175046,2.736654135712396,0.1883960574438837,1
baseline,J02-NE-HIGH,22,0.9062,2.9114468085106378,0.22,0.7818885869833018,2.6926442979039575,0.25165028522533917,1
baseline,J02-NE-HIGH,23,0.9062,2.9114468085106378,0.22,0.8597496555426847,2.700819748642211,0.21568818430554115,1
baseline,J02-NE-HIGH,24,0.9062,2.9114468085106378,0.22,0.8076655896968746,2.84155369968615,0.12080594635586582,1
baseline,J02-NE-HIGH,25,0.9062,2.9114468085106378,0.22,0.8003664492695656,2.763500006855639,0.18190381134037584,1
baseline,J02-NE-HIGH,26,0.9062,2.9114468085106378,0.22,0.7651431905835651,2.797540283393198,0.18130559822320544,1
baseline,J02-NE-HIGH,27,0.9062,2.9114468085106378,0.22,0.8154410275309766,2.796236043665352,0.14666530407655604,1
baseline,J02-NE-HIGH,28,0.9062,2.9114468085106378,0.22,0.8467575987452326,2.8449673777790294,0.08917911065564336,1
baseline,J02-NE-HIGH,29,0.9062,2.9114468085106378,0.22,0.8613378929386684,2.756748783583475,0.16107168455798634,1
baseline,J02-NE-HIGH,30,0.9062,2.9114468085106378,0.22,0.8044834706241593,2.8044560316336007,0.14762546760304673,1
baseline,J02-NE-HIGH,31,0.9062,2.9114468085106378,0.22,0.8384967613614042,2.806185452461301,0.12515463075531763,1
baseline,J02-NE-HIGH,32,0.9062,2.9114468085106378,0.22,0.8182500401590334,2.752717032748297,0.18146717926278186,0
baseline,J02-NE-HIGH,33,0.9062,2.9114468085106378,0.22,0.8812648261652208,2.8261867669627363,0.08883151230796725,1
baseline,J02-NE-HIGH,34,0.9062,2.9114468085106378,0.22,0.7268767658320183,2.7966125190898565,0.21294068737383315,1
baseline,J02-NE-HIGH,35,0.9062,2.9114468085106378,0.22,0.8130491237612666,2.7488466502745466,0.18739236164381334,1
baseline,J02-NE-HIGH,36,0.9062,2.9114468085106378,0.22,0.8606631065646179,2.7384698991341883,0.1788703995667639,1
baseline,J02-NE-HIGH,37,0.9062,2.9114468085106378,0.22,0.7529455243952854,2.8270911849149587,0.17493657572129379,1
baseline,J02-NE-HIGH,38,0.9062,2.9114468085106378,0.22,0.8112042878397786,2.7538656425717827,0.18400002496596737,1
baseline,J02-NE-HIGH,39,0.9062,2.9114468085106378,0.22,0.7446604175846936,2.8157092551855585,0.18777836883833018,1
baseline,J02-NE-HIGH,40,0.9062,2.9114468085106378,0.22,0.8220486617700702,2.74929200403691,0.18268997876129092,1
baseline,J02-NE-HIGH,41,0.9062,2.9114468085106378,0.22,0.7904131763246477,2.8137862970085146,0.15147331132474612,1
baseline,J02-NE-HIGH,42,0.9062,2.9114468085106378,0.22,0.7996627348876724,2.7736158274209166,0.17420553437181452,1
baseline,J02-NE-HIGH,43,0.9062,2.9114468085106378,0.22,0.7880775563126577,2.7928910943814484,0.16735701077442616,0
baseline,J02-NE-HIGH,44,0.9062,2.9114468085106378,0.22,0.7655025877903573,2.743318345783209,0.21923262024976684,0
baseline,J02-NE-HIGH,45,0.9062,2.9114468085106378,0.22,0.8374487043710759,2.723339706785598,0.20027736359871093,1
baseline,J02-NE-HIGH,46,0.9062,2.9114468085106378,0.22,0.8080774851963369,2.828242843712637,0.12865040874207134,1
baseline,J02-NE-HIGH,47,0.9062,2.9114468085106378,0.22,0.7718557924957667,2.7360755236512597,0.22091503715946906,1
baseline,J02-NE-HIGH,48,0.9062,2.9114468085106378,0.22,0.8185088501842309,2.7779013539754405,0.15976271837642256,0
baseline,J02-NE-HIGH,49,0.9062,2.9114468085106378,0.22,0.7418389168059749,2.713318412900258,0.25742848874174035,1
baseline,J02-NE-HIGH,50,0.9062,2.9114468085106378,0.22,0.8102386054226131,2.7471211715658588,0.1902932058864537,1
baseline,J02-NE-HIGH,51,0.9062,2.9114468085106378,0.22,0.7843059003095842,2.8102001797083305,0.15845835851468743,1
baseline,J02-NE-HIGH,52,0.9062,2.9114468085106378,0.22,0.8290536557885558,2.7580008377849654,0.17174755997432545,1
baseline,J02-NE-HIGH,53,0.9062,2.9114468085106378,0.22,0.764248370064189,2.6866418281259534,0.26587129301071927,1
baseline,J02-NE-HIGH,54,0.9062,2.9114468085106378,0.22,0.7935849923832468,2.786251079832151,0.16839272674275046,0
baseline,J02-NE-HIGH,55,0.9062,2.9114468085106378,0.22,0.7864670704179809,2.8248673540216487,0.147756476561617,1
baseline,J02-NE-HIGH,56,0.9062,2.9114468085106378,0.22,0.7855662237949823,2.7890721485067793,0.17183732240855665,1
baseline,J02-NE-HIGH,57,0.9062,2.9114468085106378,0.22,0.7557960457503818,2.769958236945394,0.20649543660210598,0
baseline,J02-NE-HIGH,58,0.9062,2.9114468085106378,0.22,0.7378950650176568,2.8063570526270203,0.19841977706642322,1
baseline,J02-NE-HIGH,59,0.9062,2.9114468085106378,0.22,0.8415651252359053,2.7501726995897324,0.1737440797379935,1
baseline,J02-NE-HIGH,60,0.9062,2.9114468085106378,0.22,0.7344713306439289,2.819927121131043,0.1945933941758188,1
baseline,J02-SE-HIGH,1,0.9062,2.0285531914893613,0.22,0.7910848755269959,1.9325811058725078,0.1498737238480578,1
baseline,J02-SE-HIGH,2,0.9062,2.0285531914893613,0.22,0.7308669071939039,1.8917622431198202,0.22238133237479615,1
baseline,J02-SE-HIGH,3,0.9062,2.0285531914893613,0.22,0.7958332269431873,1.894793120607319,0.17341447793463785,1
baseline,J02-SE-HIGH,4,0.9062,2.0285531914893613,0.22,0.8019440177167616,1.8781074893173233,0.18303884599690984,1
baseline,J02-SE-HIGH,5,0.9062,2.0285531914893613,0.22,0.8461295072232975,1.8761574407276187,0.1638075973594358,1
baseline,J02-SE-HIGH,6,0.9062,2.0285531914893613,0.22,0.7688845851522945,1.8679431417336045,0.21130809553196042,1
baseline,J02-SE-HIGH,7,0.9062,2.0285531914893613,0.22,0.9473704755526196,1.7957220392874107,0.23644312951091798,1
baseline,J02-SE-HIGH,8,0.9062,2.0285531914893613,0.22,0.8448423123551806,1.9064653874929287,0.13663893192567983,1
baseline,J02-SE-HIGH,9,0.9062,2.0285531914893613,0.22,0.7958234418692771,1.9083618015287485,0.16318380681136518,1
baseline,J02-SE-HIGH,10,0.9062,2.0285531914893613,0.22,0.7180514043546052,1.8751658419754202,0.24275002169772544,1
baseline,J02-SE-HIGH,11,0.9062,2.0285531914893613,0.22,0.7608561709297439,1.9156681232535278,0.1840322452164637,1
baseline,J02-SE-HIGH,12,0.9062,2.0285531914893613,0.22,0.8280547144371199,1.866726409562159,0.1797069642629867,1
baseline,J02-SE-HIGH,13,0.9062,2.0285531914893613,0.22,0.8320589203715514,1.9500924266306277,0.10794902181441689,1
baseline,J02-SE-HIGH,14,0.9062,2.0285531914893613,0.22,0.7276603337574737,1.8442935603848396,0.25656972556552166,1
baseline,J02-SE-HIGH,15,0.9062,2.0285531914893613,0.22,0.7960325759778147,1.8526673298583503,0.20753962907687565,1
baseline,J02-SE-HIGH,16,0.9062,2.0285531914893613,0.22,0.7984529483590045,1.8946508505218755,0.17186990444490324,0
baseline,J02-SE-HIGH,17,0.9062,2.0285531914893613,0.22,0.8342554146927936,1.8642478913645848,0.17936625938040515,0
baseline,J02-SE-HIGH,18,0.9062,2.0285531914893613,0.22,0.7789246862281085,1.8784772184813574,0.1967785637970573,1
baseline,J02-SE-HIGH,19,0.9062,2.0285531914893613,0.22,0.7581182188529028,1.945974794101018,0.1695505990049105,1
baseline,J02-SE-HIGH,20,0.9062,2.0285531914893613,0.22,0.7466065084444319,1.8299285974373565,0.2547975900773414,1
baseline,J02-SE-HIGH,21,0.9062,2.0285531914893613,0.22,0.7192829591341189,1.9133359827171537,0.2195745553640402,1
baseline,J02-SE-HIGH,22,0.9062,2.0285531914893613,0.22,0.7412325159355897,1.8455140239933778,0.2464094308993959,1
baseline,J02-SE-HIGH,23,0.9062,2.0285531914893613,0.22,0.7942381409655247,1.886060792133735,0.18121683628343985,1
baseline,J02-SE-HIGH,24,0.9062,2.0285531914893613,0.22,0.8129201913786124,1.8968906241560897,0.16135722584759254,1
baseline,J02-SE-HIGH,25,0.9062,2.0285531914893613,0.22,0.814543002971447,1.9318421311810752,0.13324426550604396,0
baseline,J02-SE-HIGH,26,0.9062,2.0285531914893613,0.22,0.709698467169285,1.8871227509617938,0.24210622030968634,0
baseline,J02-SE-HIGH,27,0.9062,2.0285531914893613,0.22,0.7871692019803687,1.9241821546439322,0.1583086990957231,1
baseline,J02-SE-HIGH,28,0.9062,2.0285531914893613,0.22,0.7988049637100181,1.8911486568438467,0.1743952406485824,1
baseline,J02-SE-HIGH,29,0.9062,2.0285531914893613,0.22,0.7644548290404268,1.8735205351382818,0.21006384273746528,1
baseline,J02-SE-HIGH,30,0.9062,2.0285531914893613,0.22,0.8389326937123188,1.9385153900710255,0.11239081892863131,1
baseline,J02-SE-HIGH,31,0.9062,2.0285531914893613,0.22,0.8660394753708404,1.8786221077147256,0.15521661515548574,1
baseline,J02-SE-HIGH,32,0.9062,2.0285531914893613,0.22,0.7563259410069791,1.84283553993855,0.2386488626760916,0
baseline,J02-SE-HIGH,33,0.9062,2.0285531914893613,0.22,0.8181912489320561,1.87416199691885,0.17771376205980438,1
baseline,J02-SE-HIGH,34,0.9062,2.0285531914893613,0.22,0.749511755173404,1.9849039773756483,0.16265441881358178,1
baseline,J02-SE-HIGH,35,0.9062,2.0285531914893613,0.22,0.8457710168721707,1.8918234813561856,0.14948804512390187,1
baseline,J02-SE-HIGH,36,0.9062,2.0285531914893613,0.22,0.8375147210597351,1.80625264519876,0.23266972390966942,1
baseline,J02-SE-HIGH,37,0.9062,2.0285531914893613,0.22,0.7486783642170547,1.8937522876765465,0.20732667317180065,1
baseline,J02-SE-HIGH,38,0.9062,2.0285531914893613,0.22,0.7974420469309259,1.9317841071350603,0.14557660540947073,1
baseline,J02-SE-HIGH,39,0.9062,2.0285531914893613,0.22,0.8022068463244099,1.8912944152251796,0.17220495832854407,1
baseline,J02-SE-HIGH,40,0.9062,2.0285531914893613,0.22,0.7454148264690129,1.906983727128304,0.20157134392671985,1
baseline,J02-SE-HIGH,41,0.9062,2.0285531914893613,0.22,0.7047398134567772,1.9620788225826529,0.21214393341214194,1
baseline,J02-SE-HIGH,42,0.9062,2.0285531914893613,0.22,0.7686250170734553,1.9283164230722445,0.17021834704269034,0
baseline,J02-SE-HIGH,43,0.9062,2.0285531914893613,0.22,0.7105432607832294,1.9348625939450945,0.21693198857969553,1
baseline,J02-SE-HIGH,44,0.9062,2.0285531914893613,0.22,0.8263032127100653,1.9553805411066172,0.10834082048465558,1
baseline,J02-SE-HIGH,45,0.9062,2.0285531914893613,0.22,0.7961586270860497,1.9278760943568969,0.1491475163715667,1
baseline,J02-SE-HIGH,46,0.9062,2.0285531914893613,0.22,0.8327921934954289,1.901139454591882,0.14704749710890228,0
baseline,J02-SE-HIGH,47,0.9062,2.0285531914893613,0.22,0.8189194453093134,1.9069581074640438,0.14967718492221171,1
baseline,J02-SE-HIGH,48,0.9062,2.0285531914893613,0.22,0.8094462978264684,1.8992951501862942,0.16145872576540993,1
baseline,J02-SE-HIGH,49,0.9062,2.0285531914893613,0.22,0.7760385182000712,1.8575179748230308,0.21493035310177064,1
baseline,J02-SE-HIGH,50,0.9062,2.0285531914893613,0.22,0.7735422421447185,1.9507390661252941,0.15379570483392987,0
baseline,J02-SE-HIGH,51,0.9062,2.0285531914893613,0.22,0.8512170503203212,1.8588190603941621,0.17841748797166815,1
baseline,J02-SE-HIGH,52,0.9062,2.0285531914893613,0.22,0.7610092708139587,1.89181266566487,0.19944502812638062,1
baseline,J02-SE-HIGH,53,0.9062,2.0285531914893613,0.22,0.783652059601033,1.8213834817157442,0.24070165421889714,1
baseline,J02-SE-HIGH,54,0.9062,2.0285531914893613,0.22,0.7627711340827958,1.9319927829585344,0.17290388102623816,1
baseline,J02-SE-HIGH,55,0.9062,2.0285531914893613,0.22,0.7545091670246065,1.9270606657149636,0.1825125792838278,1
baseline,J02-SE-HIGH,56,0.9062,2.0285531914893613,0.22,0.7492290204504033,1.9294867236739288,0.18561803109123326,1
baseline,J02-SE-HIGH,57,0.9062,2.0285531914893613,0.22,0.7528599647126611,1.9417828864125637,0.17618811612887758,1
baseline,J02-SE-HIGH,58,0.9062,2.0285531914893613,0.22,0.8076666056111274,1.9554563532883495,0.12268650115142257,1
baseline,J02-SE-HIGH,59,0.9062,2.0285531914893613,0.22,0.7072333455641984,1.8790678780933607,0.24886459872484118,1
baseline,J02-SE-HIGH,60,0.9062,2.0285531914893613,0.22,0.7470876869483061,1.8567671425040713,0.2341520334966936,1
baseline,J02-SW-HIGH,1,0.0788,2.0285531914893613,0.22,-0.025859695679555185,1.8899310488768795,0.1736944164969397,1
baseline,J02-SW-HIGH,2,0.0788,2.0285531914893613,0.22,0.005571585792224262,1.9102762087534122,0.13911091004125298,1
baseline,J02-SW-HIGH,3,0.0788,2.0285531914893613,0.22,0.013704690339803295,1.9516224939164777,0.1007756496818918,1
baseline,J02-SW-HIGH,4,0.0788,2.0285531914893613,0.22,-0.03237299637149406,1.9048628379300854,0.166309165970595,1
baseline,J02-SW-HIGH,5,0.0788,2.0285531914893613,0.22,-0.07422886868327765,1.9470181800560948,0.17339490401942823,1
baseline,J02-SW-HIGH,6,0.0788,2.0285531914893613,0.22,0.13149578101635234,1.8837679680601085,0.15407662463976168,1
baseline,J02-SW-HIGH,7,0.0788,2.0285531914893613,0.22,-0.0038362011412850297,1.9073205728147635,0.14671772070804315,1
baseline,J02-SW-HIGH,8,0.0788,2.0285531914893613,0.22,-0.021658814751272834,1.956046113878509,0.12389208919417215,0
baseline,J02-SW-HIGH,9,0.0788,2.0285531914893613,0.22,-0.026049532119569077,1.9217034480196566,0.14970067489906064,0
baseline,J02-SW-HIGH,10,0.0788,2.0285531914893613,0.22,-0.009796695050547123,1.8811998044888762,0.17193718339671138,0
baseline,J02-SW-HIGH,11,0.0788,2.0285531914893613,0.22,-0.024949097158271344,1.8716850071081133,0.1880731305429504,0
baseline,J02-SW-HIGH,12,0.0788,2.0285531914893613,0.22,0.04576249094116154,1.8993640814931787,0.13334655281040678,1
baseline,J02-SW-HIGH,13,0.0788,2.0285531914893613,0.22,-0.012571877621382677,1.9465825007864874,0.12275183971885369,1
baseline,J02-SW-HIGH,14,0.0788,2.0285531914893613,0.22,0.03571051660818178,1.8379262845076443,0.19543623319228698,1
baseline,J02-SW-HIGH,15,0.0788,2.0285531914893613,0.22,-0.08299434726941818,1.8740295051247267,0.22372970400921968,1
baseline,J02-SW-HIGH,16,0.0788,2.0285531914893613,0.22,-0.007038965769197155,1.923928628931009,0.13533154523189334,1
baseline,J02-SW-HIGH,17,0.0788,2.0285531914893613,0.22,-0.00744371452349641,1.932546458617206,0.12905530229942402,1
baseline,J02-SW-HIGH,18,0.0788,2.0285531914893613,0.22,-0.08558924728721057,1.8807690571369529,0.22105197350384903,1
baseline,J02-SW-HIGH,19,0.0788,2.0285531914893613,0.22,-0.009083711375471499,1.9582838853046924,0.11252254048323794,1
baseline,J02-SW-HIGH,20,0.0788,2.0285531914893613,0.22,-0.0034667483054706544,1.917837857547238,0.1379336907599864,1
baseline,J02-SW-HIGH,21,0.0788,2.0285531914893613,0.22,-0.024486507633498765,1.880656177471889,0.18039298604549228,0
baseline,J02-SW-HIGH,22,0.0788,2.0285531914893613,0.22,0.007233926970847571,1.9672275440545857,0.094247216627911,1
baseline,J02-SW-HIGH,23,0.0788,2.0285531914893613,0.22,-0.08253768468504952,1.8905739925498544,0.2122925053776522,1
baseline,J02-SW-HIGH,24,0.0788,2.0285531914893613,0.22,-0.028554673216944403,1.8158990656992056,0.23821587494768753,1
baseline,J02-SW-HIGH,25,0.0788,2.0285531914893613,0.22,-0.005957251156787014,1.9946228525911989,0.09129654714937925,1
baseline,J02-SW-HIGH,26,0.0788,2.0285531914893613,0.22,0.0036966031338591665,1.9545224266035897,0.10545650463771997,1
baseline,J02-SW-HIGH,27,0.0788,2.0285531914893613,0.22,0.0389452475858038,1.8692206814383794,0.16424143828261836,1
baseline,J02-SW-HIGH,28,0.0788,2.0285531914893613,0.22,-0.013795693005349583,1.9268131390899106,0.13756816719497256,1
baseline,J02-SW-HIGH,29,0.0788,2.0285531914893613,0.22,-0.031256328941300975,1.8582008591745198,0.20281102698113343,0
baseline,J02-SW-HIGH,30,0.0788,2.0285531914893613,0.22,-0.051863108624826106,1.948513671642302,0.15322915092387257,1
baseline,J02-SW-HIGH,31,0.0788,2.0285531914893613,0.22,-0.002501713168257237,1.8595657009613553,0.18752797263087576,1
baseline,J02-SW-HIGH,32,0.0788,2.0285531914893613,0.22,-0.14358498313415302,1.8670953911969912,0.2748157600990678,1
baseline,J02-SW-HIGH,33,0.0788,2.0285531914893613,0.22,-0.0026660340050128767,1.8128704595508447,0.23055531994072037,0
baseline,J02-SW-HIGH,34,0.0788,2.0285531914893613,0.22,-0.007772478997520874,1.9388481012729495,0.12466674508669413,1
baseline,J02-SW-HIGH,35,0.0788,2.0285531914893613,0.22,-0.061379266423344375,1.9045581537711682,0.18714966233932429,1
baseline,J02-SW-HIGH,36,0.0788,2.0285531914893613,0.22,-0.004103353191947046,1.9132290179090379,0.1420303875318704,1
baseline,J02-SW-HIGH,37,0.0788,2.0285531914893613,0.22,-0.04548619020793657,1.9317592853618382,0.15753132177388454,1
baseline,J02-SW-HIGH,38,0.0788,2.0285531914893613,0.22,-0.01131368007696348,1.927120337110872,0.13568013592409586,1
baseline,J02-SW-HIGH,39,0.0788,2.0285531914893613,0.22,-0.0802632590158339,1.843460395364582,0.2440501250686575,0
baseline,J02-SW-HIGH,40,0.0788,2.0285531914893613,0.22,-0.014269989343490046,1.8933821626751084,0.1641134666841845,1
baseline,J02-SW-HIGH,41,0.0788,2.0285531914893613,0.22,-0.07252835669669311,1.890802989984441,0.20463477112936534,1
baseline,J02-SW-HIGH,42,0.0788,2.0285531914893613,0.22,0.011889234344195213,1.918865925496573,0.12848481187135982,1
baseline,J02-SW-HIGH,43,0.0788,2.0285531914893613,0.22,-0.018970427339071217,1.8940902933967354,0.16625079676660953,1
baseline,J02-SW-HIGH,44,0.0788,2.0285531914893613,0.22,-0.03440579772993024,1.8788874625508376,0.18765762190321375,1
baseline,J02-SW-HIGH,45,0.0788,2.0285531914893613,0.22,0.012763428847656973,1.86666053596512,0.1748429599447719,0
baseline,J02-SW-HIGH,46,0.0788,2.0285531914893613,0.22,-0.002156989905476865,1.9071308646313156,0.1459363411703115,0
baseline,J02-SW-HIGH,47,0.0788,2.0285531914893613,0.22,-0.0636833042801895,1.878006404067267,0.20728199922259122,1
baseline,J02-SW-HIGH,48,0.0788,2.0285531914893613,0.22,0.015664140185057733,1.8999121520254572,0.143299175953408,1
baseline,J02-SW-HIGH,49,0.0788,2.0285531914893613,0.22,-0.022519816207773886,1.8739233324898918,0.18486778640577944,1
baseline,J02-SW-HIGH,50,0.0788,2.0285531914893613,0.22,-0.04936464771446041,1.8588183958393076,0.2126877471274197,1
baseline,J02-SW-HIGH,51,0.0788,2.0285531914893613,0.22,-0.04522944918557373,1.9087156323509604,0.1724654888536444,1
baseline,J02-SW-HIGH,52,0.0788,2.0285531914893613,0.22,-0.05256053434376347,1.911401885161964,0.1760114159857102,1
baseline,J02-SW-HIGH,53,0.0788,2.0285531914893613,0.22,-0.07763532780530033,1.9670256501844945,0.16810011934729216,1
baseline,J02-SW-HIGH,54,0.0788,2.0285531914893613,0.22,-0.07358986467438408,1.8860357167066135,0.20864779288055804,1
baseline,J02-SW-HIGH,55,0.0788,2.0285531914893613,0.22,-0.060300789086824805,1.8789721400182624,0.2042633606004191,1
baseline,J02-SW-HIGH,56,0.0788,2.0285531914893613,0.22,-0.042843493013017556,1.9090580087719466,0.17051755946258546,1
baseline,J02-SW-HIGH,57,0.0788,2.0285531914893613,0.22,-0.045006895684923096,1.947314283872166,0.1480807466552375,1
baseline,J02-SW-HIGH,58,0.0788,2.0285531914893613,0.22,-0.021252555982849995,1.9174572502604175,0.14950860214799105,1
baseline,J02-SW-HIGH,59,0.0788,2.0285531914893613,0.22,-0.09551204823275158,1.8521504215896032,0.24799723262045512,1
baseline,J02-SW-HIGH,60,0.0788,2.0285531914893613,0.22,-0.01801057739591066,1.920865863875521,0.14480624442454199,1
baseline,J03-NW-HIGH,1,3.0338,0.9669787234042552,0.22,2.8909187550097757,0.8725085699513047,0.1712882367921991,1
baseline,J03-NW-HIGH,2,3.0338,0.9669787234042552,0.22,2.870359954094834,0.7922871614433804,0.2392274867690017,1
baseline,J03-NW-HIGH,3,3.0338,0.9669787234042552,0.22,2.9039179533409927,0.8178779883709849,0.19773814814494944,1
baseline,J03-NW-HIGH,4,3.0338,0.9669787234042552,0.22,2.8578550216283753,0.8649636841659628,0.20338068650926944,1
baseline,J03-NW-HIGH,5,3.0338,0.9669787234042552,0.22,2.8689792099861164,0.8695355114856071,0.19147081336282873,1
baseline,J03-NW-HIGH,6,3.0338,0.9669787234042552,0.22,2.9622913659359527,0.7936455045946366,0.18750437191865402,1
baseline,J03-NW-HIGH,7,3.0338,0.9669787234042552,0.22,2.930319427701095,0.8251634762521285,0.17555566971228148,1
baseline,J03-NW-HIGH,8,3.0338,0.9669787234042552,0.22,2.9056193259015632,0.8565894389160116,0.16916287814457398,1
baseline,J03-NW-HIGH,9,3.0338,0.9669787234042552,0.22,2.972592583638379,0.8346657404732833,0.14578433821833003,1
baseline,J03-NW-HIGH,10,3.0338,0.9669787234042552,0.22,2.8683342293340264,0.8711088052948192,0.19123274421603245,1
baseline,J03-NW-HIGH,11,3.0338,0.9669787234042552,0.22,2.9882736342205907,0.8559192101159973,0.12002860272828846,1
baseline,J03-NW-HIGH,12,3.0338,0.9669787234042552,0.22,2.956661502390583,0.8355580786672809,0.15238678970475103,1
baseline,J03-NW-HIGH,13,3.0338,0.9669787234042552,0.22,2.9629636351619393,0.7500272136778621,0.22822302284395424,1
baseline,J03-NW-HIGH,14,3.0338,0.9669787234042552,0.22,2.967622197949635,0.9162523257666394,0.08338266547374698,1
baseline,J03-NW-HIGH,15,3.0338,0.9669787234042552,0.22,2.8908482293524473,0.8697123284047433,0.17290448324861768,1
baseline,J03-NW-HIGH,16,3.0338,0.9669787234042552,0.22,2.923874403866024,0.841097670226199,0.16712174075992212,1
baseline,J03-NW-HIGH,17,3.0338,0.9669787234042552,0.22,2.8827325389587877,0.77359382760321,0.24539579399292732,1
baseline,J03-NW-HIGH,18,3.0338,0.9669787234042552,0.22,3.0004869362416,0.783884964418377,0.18609966361213576,1
baseline,J03-NW-HIGH,19,3.0338,0.9669787234042552,0.22,2.8651188070276,0.8266885681258818,0.2193961543204941,1
baseline,J03-NW-HIGH,20,3.0338,0.9669787234042552,0.22,2.948397285333259,0.7981517689511561,0.1891987426553292,0
baseline,J03-NW-HIGH,21,3.0338,0.9669787234042552,0.22,2.8488230228106404,0.7680165217757998,0.2716660445601454,1
baseline,J03-NW-HIGH,22,3.0338,0.9669787234042552,0.22,2.984494229114872,0.8417358819842361,0.13459876808328056,1
baseline,J03-NW-HIGH,23,3.0338,0.9669787234042552,0.22,2.9095414493661,0.8207052426641696,0.19192737838426724,1
baseline,J03-NW-HIGH,24,3.0338,0.9669787234042552,0.22,2.8620356658894357,0.8146047972746581,0.2296101039514451,1
baseline,J03-NW-HIGH,25,3.0338,0.9669787234042552,0.22,2.8610711440927328,0.8307131164422175,0.220008120995035,0
baseline,J03-NW-HIGH,26,3.0338,0.9669787234042552,0.22,2.938057970214777,0.7898925298685696,0.20131084473607663,1
baseline,J03-NW-HIGH,27,3.0338,0.9669787234042552,0.22,2.908543618829329,0.8204788469292917,0.19274691912233494,1
baseline,J03-NW-HIGH,28,3.0338,0.9669787234042552,0.22,2.925854280279977,0.7955165877021193,0.20261180218687,1
baseline,J03-NW-HIGH,29,3.0338,0.9669787234042552,0.22,2.8621196143244676,0.7755677809583948,0.2571231294802394,1
baseline,J03-NW-HIGH,30,3.0338,0.9669787234042552,0.22,2.9071204044356405,0.8568285013070034,0.16787135360276198,1
baseline,J03-NW-HIGH,31,3.0338,0.9669787234042552,0.22,2.9497799582821136,0.770696694371611,0.21350878748062596,0
baseline,J03-NW-HIGH,32,3.0338,0.9669787234042552,0.22,2.887912203009746,0.856853117997294,0.18278648275219708,1
baseline,J03-NW-HIGH,33,3.0338,0.9669787234042552,0.22,2.8689078862240507,0.7480125717890173,0.2741087097096477,1
baseline,J03-NW-HIGH,34,3.0338,0.9669787234042552,0.22,2.9276343794511677,0.9070354488319939,0.12191937972678549,1
baseline,J03-NW-HIGH,35,3.0338,0.9669787234042552,0.22,2.845953537306609,0.7778960704103902,0.26653056712057954,1
baseline,J03-NW-HIGH,36,3.0338,0.9669787234042552,0.22,2.9194174756517977,0.844782302264976,0.16737779785716844,1
baseline,J03-NW-HIGH,37,3.0338,0.9669787234042552,0.22,2.876878906711578,0.8228609818717741,0.21305903628632283,1
baseline,J03-NW-HIGH,38,3.0338,0.9669787234042552,0.22,2.8697564284388037,0.8447318989991797,0.20458391786178753,1
baseline,J03-NW-HIGH,39,3.0338,0.9669787234042552,0.22,2.914356302179441,0.8208066194862675,0.1887672665290778,1
baseline,J03-NW-HIGH,40,3.0338,0.9669787234042552,0.22,2.9186356817682935,0.8947886674097212,0.13591991899007183,1
baseline,J03-NW-HIGH,41,3.0338,0.9669787234042552,0.22,2.8741814218409605,0.8306845701675397,0.20989089237036138,1
baseline,J03-NW-HIGH,42,3.0338,0.9669787234042552,0.22,3.0129287153520306,0.8567176220275146,0.11221907591701345,1
baseline,J03-NW-HIGH,43,3.0338,0.9669787234042552,0.22,2.9004615546298838,0.825076086191563,0.19471902696356191,1
baseline,J03-NW-HIGH,44,3.0338,0.9669787234042552,0.22,2.9126327381598784,0.843687679404394,0.1728646489957048,1
baseline,J03-NW-HIGH,45,3.0338,0.9669787234042552,0.22,2.933290594066178,0.7725524112216798,0.21886921106013524,1
baseline,J03-NW-HIGH,46,3.0338,0.9669787234042552,0.22,2.904527819786415,0.7600208628197724,0.2440140418805437,1
baseline,J03-NW-HIGH,47,3.0338,0.9669787234042552,0.22,2.905350277934352,0.8770805385646541,0.15678333692136195,1
baseline,J03-NW-HIGH,48,3.0338,0.9669787234042552,0.22,2.9166273713719444,0.851771289716533,0.16432339357656622,1
baseline,J03-NW-HIGH,49,3.0338,0.9669787234042552,0.22,2.9107157685503458,0.8468538464873927,0.17198754049594223,1
baseline,J03-NW-HIGH,50,3.0338,0.9669787234042552,0.22,2.888059759993854,0.8524086856788344,0.18538206790694017,1
baseline,J03-NW-HIGH,51,3.0338,0.9669787234042552,0.22,2.9557693237051845,0.8545842471383959,0.13682581897472076,0
baseline,J03-NW-HIGH,52,3.0338,0.9669787234042552,0.22,2.8728625568298014,0.729906963019401,0.2865377465293789,1
baseline,J03-NW-HIGH,53,3.0338,0.9669787234042552,0.22,2.919903228594783,0.8666101190296998,0.15181018174229385,1
baseline,J03-NW-HIGH,54,3.0338,0.9669787234042552,0.22,2.8761875527597156,0.7749973752871726,0.24839187094171142,1
baseline,J03-NW-HIGH,55,3.0338,0.9669787234042552,0.22,2.947968086524052,0.7971452297381485,0.19029065384768143,1
baseline,J03-NW-HIGH,56,3.0338,0.9669787234042552,0.22,2.9733948133664474,0.7184345552252994,0.25577918231944397,0
baseline,J03-NW-HIGH,57,3.0338,0.9669787234042552,0.22,2.868433793496211,0.8362520422927826,0.21079717125206965,1
baseline,J03-NW-HIGH,58,3.0338,0.9669787234042552,0.22,2.910012186346678,0.8088705846329142,0.20080240624755252,0
baseline,J03-NW-HIGH,59,3.0338,0.9669787234042552,0.22,2.902477179216438,0.8472729415208072,0.17769399954663395,1
baseline,J03-NW-HIGH,60,3.0338,0.9669787234042552,0.22,2.915801346732537,0.8275275224773104,0.18267544885096637,1
baseline,J03-NE-HIGH,1,3.8611999999999997,0.9669787234042552,0.22,3.7833421169377024,0.7886615831293768,0.19457351430950978,1
baseline,J03-NE-HIGH,2,3.8611999999999997,0.9669787234042552,0.22,3.7339713104860444,0.8822185926216255,0.15287713761621438,1
baseline,J03-NE-HIGH,3,3.8611999999999997,0.9669787234042552,0.22,3.7256212502925847,0.8403575487529421,0.1855115070347503,1
baseline,J03-NE-HIGH,4,3.8611999999999997,0.9669787234042552,0.22,3.754267476715102,0.8104840526962553,0.1895393006636895,1
baseline,J03-NE-HIGH,5,3.8611999999999997,0.9669787234042552,0.22,3.755249834624848,0.8293219289294005,0.1737090400874819,1
baseline,J03-NE-HIGH,6,3.8611999999999997,0.9669787234042552,0.22,3.7957637166679348,0.8404441545793017,0.1424531652299491,1
baseline,J03-NE-HIGH,7,3.8611999999999997,0.9669787234042552,0.22,3.6872976871471317,0.7878953800195853,0.24962543599042225,1
baseline,J03-NE-HIGH,8,3.8611999999999997,0.9669787234042552,0.22,3.7202033239013517,0.8503072365892581,0.18300901209090528,1
baseline,J03-NE-HIGH,9,3.8611999999999997,0.9669787234042552,0.22,3.799287980220133,0.8360089180372853,0.14486610407919642,1
baseline,J03-NE-HIGH,10,3.8611999999999997,0.9669787234042552,0.22,3.7874908766761735,0.8465902089688276,0.14116100477517216,1
baseline,J03-NE-HIGH,11,3.8611999999999997,0.9669787234042552,0.22,3.749127482740615,0.8456344892243199,0.16518072615644364,1
baseline,J03-NE-HIGH,12,3.8611999999999997,0.9669787234042552,0.22,3.739230766907916,0.8145130570352935,0.1952492592621099,1
baseline,J03-NE-HIGH,13,3.8611999999999997,0.9669787234042552,0.22,3.730878567920949,0.7734112846690524,0.2333495853813353,1
baseline,J03-NE-HIGH,14,3.8611999999999997,0.9669787234042552,0.22,3.819311193097678,0.8289248618293444,0.14426898779517583,1
baseline,J03-NE-HIGH,15,3.8611999999999997,0.9669787234042552,0.22,3.7175450399249166,0.7980155983275992,0.22177755790395798,1
baseline,J03-NE-HIGH,16,3.8611999999999997,0.9669787234042552,0.22,3.697138588346526,0.8103087670428994,0.22685154180652967,0
baseline,J03-NE-HIGH,17,3.8611999999999997,0.9669787234042552,0.22,3.7324358089712835,0.8433016782040795,0.17853915089057085,1
baseline,J03-NE-HIGH,18,3.8611999999999997,0.9669787234042552,0.22,3.723198192309823,0.8536859282558356,0.1785490306842864,1
baseline,J03-NE-HIGH,19,3.8611999999999997,0.9669787234042552,0.22,3.7514550674504097,0.8694598379766362,0.1468124083153708,0
baseline,J03-NE-HIGH,20,3.8611999999999997,0.9669787234042552,0.22,3.748831090957299,0.8566692620166373,0.15746411969421192,1
baseline,J03-NE-HIGH,21,3.8611999999999997,0.9669787234042552,0.22,3.7616244820903058,0.8160678094918212,0.18080206775606808,0
baseline,J03-NE-HIGH,22,3.8611999999999997,0.9669787234042552,0.22,3.7618487461339645,0.8502003083724223,0.15332276367878447,1
baseline,J03-NE-HIGH,23,3.8611999999999997,0.9669787234042552,0.22,3.7744722941701,0.7652406566468097,0.21959039718883228,1
baseline,J03-NE-HIGH,24,3.8611999999999997,0.9669787234042552,0.22,3.7324718839403017,0.8001606912781646,0.21071113806987157,1
baseline,J03-NE-HIGH,25,3.8611999999999997,0.9669787234042552,0.22,3.7869696315870747,0.8387911848193016,0.14812897300389127,1
baseline,J03-NE-HIGH,26,3.8611999999999997,0.9669787234042552,0.22,3.789503429300708,0.8355135774559325,0.1497447256141341,1
baseline,J03-NE-HIGH,27,3.8611999999999997,0.9669787234042552,0.22,3.7349315275158483,0.7804775333618188,0.2252252673008201,1
baseline,J03-NE-HIGH,28,3.8611999999999997,0.9669787234042552,0.22,3.728903607617429,0.8165966012231072,0.20029258126338284,1
baseline,J03-NE-HIGH,29,3.8611999999999997,0.9669787234042552,0.22,3.738047068670823,0.7928530301986794,0.21327541238804626,1
baseline,J03-NE-HIGH,30,3.8611999999999997,0.9669787234042552,0.22,3.706360180150794,0.8071511569887315,0.22253139283535509,1
baseline,J03-NE-HIGH,31,3.8611999999999997,0.9669787234042552,0.22,3.6929110042788205,0.7796148525037502,0.25184599698955745,1
baseline,J03-NE-HIGH,32,3.8611999999999997,0.9669787234042552,0.22,3.7569717607747957,0.868451430546788,0.14342647346221504,1
baseline,J03-NE-HIGH,33,3.8611999999999997,0.9669787234042552,0.22,3.7901618627186493,0.8247003885521056,0.15902685784704543,1
baseline,J03-NE-HIGH,34,3.8611999999999997,0.9669787234042552,0.22,3.6904538940588414,0.8714186668555428,0.1956679766892436,1
baseline,J03-NE-HIGH,35,3.8611999999999997,0.9669787234042552,0.22,3.8128853053330127,0.8797206081027272,0.09974110690552279,1
baseline,J03-NE-HIGH,36,3.8611999999999997,0.9669787234042552,0.22,3.718958027271105,0.8523627819766891,0.18267345958057193,1
baseline,J03-NE-HIGH,37,3.8611999999999997,0.9669787234042552,0.22,3.8353774543283894,0.7943363692744361,0.17456284342450507,1
baseline,J03-NE-HIGH,38,3.8611999999999997,0.9669787234042552,0.22,3.782187151737118,0.8337531719219229,0.15489376281304792,0
baseline,J03-NE-HIGH,39,3.8611999999999997,0.9669787234042552,0.22,3.7462828552288006,0.8449496128280917,0.16762175870206794,1
baseline,J03-NE-HIGH,40,3.8611999999999997,0.9669787234042552,0.22,3.7453306118448086,0.8064092182370942,0.19801081056620437,0
baseline,J03-NE-HIGH,41,3.8611999999999997,0.9669787234042552,0.22,3.7555941931499097,0.8938746928625816,0.12843981361671492,1
baseline,J03-NE-HIGH,42,3.8611999999999997,0.9669787234042552,0.22,3.754623244604601,0.9010068050267717,0.1253431242829697,0
baseline,J03-NE-HIGH,43,3.8611999999999997,0.9669787234042552,0.22,3.6897166308732605,0.8143699029446958,0.2295560889393168,1
baseline,J03-NE-HIGH,44,3.8611999999999997,0.9669787234042552,0.22,3.646481096420809,0.824895142923892,0.25747223422413834,0
baseline,J03-NE-HIGH,45,3.8611999999999997,0.9669787234042552,0.22,3.8314234039119337,0.8732951599399558,0.09830186029756122,1
baseline,J03-NE-HIGH,46,3.8611999999999997,0.9669787234042552,0.22,3.685481327976829,0.8761766440242359,0.19779299612807819,1
baseline,J03-NE-HIGH,47,3.8611999999999997,0.9669787234042552,0.22,3.7220051183322296,0.8115245006573166,0.2086653551799132,1
baseline,J03-NE-HIGH,48,3.8611999999999997,0.9669787234042552,0.22,3.7278198142058097,0.8190396839287181,0.19918893885815345,1
baseline,J03-NE-HIGH,49,3.8611999999999997,0.9669787234042552,0.22,3.7592454391224477,0.8202868165915419,0.1786427944477029,1
baseline,J03-NE-HIGH,50,3.8611999999999997,0.9669787234042552,0.22,3.750598419722937,0.8086829975293409,0.19310682636833312,1
baseline,J03-NE-HIGH,51,3.8611999999999997,0.9669787234042552,0.22,3.740185150152265,0.8511343942943614,0.16752463242935683,1
baseline,J03-NE-HIGH,52,3.8611999999999997,0.9669787234042552,0.22,3.723550805019544,0.9313929389260817,0.14217471271535803,1
baseline,J03-NE-HIGH,53,3.8611999999999997,0.9669787234042552,0.22,3.719743242821238,0.7155151328890331,0.28852027919426815,1
baseline,J03-NE-HIGH,54,3.8611999999999997,0.9669787234042552,0.22,3.8145889054628777,0.8654993327690632,0.11167211316008316,1
baseline,J03-NE-HIGH,55,3.8611999999999997,0.9669787234042552,0.22,3.6921852750071467,0.8517662671455605,0.20454800742508197,1
baseline,J03-NE-HIGH,56,3.8611999999999997,0.9669787234042552,0.22,3.716835279124592,0.8607845769424859,0.17921598526966867,1
baseline,J03-NE-HIGH,57,3.8611999999999997,0.9669787234042552,0.22,3.793793858340373,0.7965084110668155,0.18331316188932512,1
baseline,J03-NE-HIGH,58,3.8611999999999997,0.9669787234042552,0.22,3.709520849431945,0.8020828519969208,0.22404734572011947,1
baseline,J03-NE-HIGH,59,3.8611999999999997,0.9669787234042552,0.22,3.728819522450337,0.8476000961660137,0.17825781182759928,1
baseline,J03-NE-HIGH,60,3.8611999999999997,0.9669787234042552,0.22,3.6646092053669457,0.8363641550102896,0.23602564693523784,0
proposed,J01-NW-HIGH,1,0.0788,0.9669787234042552,0.22,0.022816247827238203,0.9832206206963217,0.058292192744717086,0
proposed,J01-NW-HIGH,2,0.0788,0.9669787234042552,0.22,0.09208652917681162,0.9406439593826047,0.02949663800575046,1
proposed,J01-NW-HIGH,3,0.0788,0.9669787234042552,0.22,-0.0029250735671978167,0.9087704282350292,0.10033540390147255,1
proposed,J01-NW-HIGH,4,0.0788,0.9669787234042552,0.22,0.0008716986913957295,0.9344664927679963,0.08443852962830357,1
proposed,J01-NW-HIGH,5,0.0788,0.9669787234042552,0.22,0.03987794889751355,0.930736511784173,0.05318292926437375,1
proposed,J01-NW-HIGH,6,0.0788,0.9669787234042552,0.22,0.027315413957359213,0.8981734842784922,0.08593499596285267,1
proposed,J01-NW-HIGH,7,0.0788,0.9669787234042552,0.22,0.048965365540015855,0.90466949554267,0.06908361086442877,1
proposed,J01-NW-HIGH,8,0.0788,0.9669787234042552,0.22,0.03330185663804429,0.9535467496077528,0.04743942421082913,1
proposed,J01-NW-HIGH,9,0.0788,0.9669787234042552,0.22,0.05858819900859502,0.9401351187554183,0.033602023895283654,1
proposed,J01-NW-HIGH,10,0.0788,0.9669787234042552,0.22,0.09210850917797817,0.9443553536648956,0.026247538454188372,1
proposed,J01-NW-HIGH,11,0.0788,0.9669787234042552,0.22,0.00930985205019727,0.9245319947863093,0.08142852959774612,1
proposed,J01-NW-HIGH,12,0.0788,0.9669787234042552,0.22,0.04533690190163738,0.9608945999794195,0.034011696402697605,1
proposed,J01-NW-HIGH,13,0.0788,0.9669787234042552,0.22,-0.011274734212804775,0.9337794820652394,0.09599816336260623,1
proposed,J01-NW-HIGH,14,0.0788,0.9669787234042552,0.22,0.07059699905567332,0.9077982668547154,0.05974626065206579,1
proposed,J01-NW-HIGH,15,0.0788,0.9669787234042552,0.22,0.011273080119900789,0.8674115025984552,0.12030592823084096,1
proposed,J01-NW-HIGH,16,0.0788,0.9669787234042552,0.22,0.030865988142010137,0.9530036378644462,0.049929675631300574,1
proposed,J01-NW-HIGH,17,0.0788,0.9669787234042552,0.22,0.03791269426314314,0.90001950958034,0.07845577152979884,1
proposed,J01-NW-HIGH,18,0.0788,0.9669787234042552,0.22,0.006687021687705512,0.940611242710134,0.07678232660726236,1
proposed,J01-NW-HIGH,19,0.0788,0.9669787234042552,0.22,0.04164321849753797,0.9151098812349933,0.06380441363731436,1
proposed,J01-NW-HIGH,20,0.0788,0.9669787234042552,0.22,0.012058701179825194,0.9260950998758654,0.0782679477245633,1
proposed,J01-NW-HIGH,21,0.0788,0.9669787234042552,0.22,0.03675690483234048,0.9283406848435769,0.05710096212055744,1
proposed,J01-NW-HIGH,22,0.0788,0.9669787234042552,0.22,0.09242090380745915,0.9826226476102156,0.02074274295009917,1
proposed,J01-NW-HIGH,23,0.0788,0.9669787234042552,0.22,0.03405413530794473,0.9882106675709139,0.04952764743187215,1
proposed,J01-NW-HIGH,24,0.0788,0.9669787234042552,0.22,0.04812094270909256,0.8991359348911904,0.07445702458121206,1
proposed,J01-NW-HIGH,25,0.0788,0.9669787234042552,0.22,0.017795284191251363,0.9053308914258782,0.08672964048432567,1
proposed,J01-NW-HIGH,26,0.0788,0.9669787234042552,0.22,-0.03715073738349426,0.9388158431876469,0.11932192305637335,1
proposed,J01-NW-HIGH,27,0.0788,0.9669787234042552,0.22,0.03950114827424825,0.8898525924612851,0.08656119119556283,1
proposed,J01-NW-HIGH,28,0.0788,0.9669787234042552,0.22,0.03507585290957549,0.9054866213892184,0.07545249928937255,1
proposed,J01-NW-HIGH,29,0.0788,0.9669787234042552,0.22,0.05449554543033716,0.9072316664150581,0.0645012971249351,1
proposed,J01-NW-HIGH,30,0.0788,0.9669787234042552,0.22,0.046238656044128953,0.9124798248120938,0.06348520353571556,1
proposed,J01-NW-HIGH,31,0.0788,0.9669787234042552,0.22,0.01467855636030178,0.9101509655593939,0.08567936505433024,0
proposed,J01-NW-HIGH,32,0.0788,0.9669787234042552,0.22,0.012823434887489327,0.948062789685988,0.06863468286864328,1
proposed,J01-NW-HIGH,33,0.0788,0.9669787234042552,0.22,0.06766149485969458,0.9041278292968881,0.06383025291236188,1
proposed,J01-NW-HIGH,34,0.0788,0.9669787234042552,0.22,0.03885739422028552,0.9436183199590729,0.04627224011862151,1
proposed,J01-NW-HIGH,35,0.0788,0.9669787234042552,0.22,0.07330854781394165,0.9160968076683532,0.05117739145430521,1
proposed,J01-NW-HIGH,36,0.0788,0.9669787234042552,0.22,0.07687941063520146,0.9584838481847064,0.008709280596230681,1
proposed,J01-NW-HIGH,37,0.0788,0.9669787234042552,0.22,0.006606214298627594,0.9666005191125154,0.07219477635107663,1
proposed,J01-NW-HIGH,38,0.0788,0.9669787234042552,0.22,0.008461161068280598,0.9488016275881918,0.07264956348505278,1
proposed,J01-NW-HIGH,39,0.0788,0.9669787234042552,0.22,0.023004157730216718,0.9296165391559933,0.06714989818604047,1
proposed,J01-NW-HIGH,40,0.0788,0.9669787234042552,0.22,0.03698708074297997,0.9106293395617465,0.07016817851579484,1
proposed,J01-NW-HIGH,41,0.0788,0.9669787234042552,0.22,0.03839785531809368,0.935573935468867,0.0511721994853103,1
proposed,J01-NW-HIGH,42,0.0788,0.9669787234042552,0.22,-0.011951283652516798,0.9771978336717739,0.09132483615774664,1
proposed,J01-NW-HIGH,43,0.0788,0.9669787234042552,0.22,0.056281505746134844,0.9269884283514538,0.045894512546397835,1
proposed,J01-NW-HIGH,44,0.0788,0.9669787234042552,0.22,0.043172418350979486,0.9276265502673765,0.0530840663923978,1
proposed,J01-NW-HIGH,45,0.0788,0.9669787234042552,0.22,0.041752821033960164,0.9091475944865256,0.06867993113887667,1
proposed,J01-NW-HIGH,46,0.0788,0.9669787234042552,0.22,0.06639961987637849,0.9781756629493191,0.01670750976016846,1
proposed,J01-NW-HIGH,47,0.0788,0.9669787234042552,0.22,0.0015033268451785098,0.9040002817338606,0.09970486345226391,1
proposed,J01-NW-HIGH,48,0.0788,0.9669787234042552,0.22,0.002484688500950502,0.8784265468430293,0.1168995925695529,1
proposed,J01-NW-HIGH,49,0.0788,0.9669787234042552,0.22,0.04162819774244228,0.9345733546303711,0.04931379937143757,1
proposed,J01-NW-HIGH,50,0.0788,0.9669787234042552,0.22,0.0447442157600318,0.966204451565399,0.03406458479241618,1
proposed,J01-NW-HIGH,51,0.0788,0.9669787234042552,0.22,0.05163824029480133,0.9679274226053257,0.02717832262037276,1
proposed,J01-NW-HIGH,52,0.0788,0.9669787234042552,0.22,0.03192411023718206,0.9867732935488025,0.05088392720951542,1
proposed,J01-NW-HIGH,53,0.0788,0.9669787234042552,0.22,0.014379025151310194,0.9255375189242653,0.07659918687040913,1
proposed,J01-NW-HIGH,54,0.0788,0.9669787234042552,0.22,0.007140290086710511,0.9451347048265022,0.0749151197855414,1
proposed,J01-NW-HIGH,55,0.0788,0.9669787234042552,0.22,0.05478305796990345,0.9576204476950796,0.02577577988589217,0
proposed,J01-NW-HIGH,56,0.0788,0.9669787234042552,0.22,0.044473357959722806,0.8818294082172966,0.09180808368858016,0
proposed,J01-NW-HIGH,57,0.0788,0.9669787234042552,0.22,0.028601572644807022,0.9665817529884657,0.05019999695662938,1
proposed,J01-NW-HIGH,58,0.0788,0.9669787234042552,0.22,0.0030119553603588853,0.941571872612966,0.07993332082073823,0
proposed,J01-NW-HIGH,59,0.0788,0.9669787234042552,0.22,0.07441870527758376,0.8956201152228578,0.07149298360700067,0
proposed,J01-NW-HIGH,60,0.0788,0.9669787234042552,0.22,0.025006593549156023,0.8663675679993088,0.11408915447799571,1
proposed,J01-NE-HIGH,1,0.9062,0.9669787234042552,0.22,0.8956497680377807,0.939337604062732,0.02958612635863231,1
proposed,J01-NE-HIGH,2,0.9062,0.9669787234042552,0.22,0.8377542399128309,0.9261935711299759,0.07967591053729134,1
proposed,J01-NE-HIGH,3,0.9062,0.9669787234042552,0.22,0.8609165106303062,0.9431784893413416,0.05115706745841326,1
proposed,J01-NE-HIGH,4,0.9062,0.9669787234042552,0.22,0.894653378667312,0.9245854491669291,0.043937616739664224,1
proposed,J01-NE-HIGH,5,0.9062,0.9669787234042552,0.22,0.8570098354332204,0.9296470234902242,0.06175215063929449,1
proposed,J01-NE-HIGH,6,0.9062,0.9669787234042552,0.22,0.8822572799754319,0.9448205691193611,0.03262265537150562,1
proposed,J01-NE-HIGH,7,0.9062,0.9669787234042552,0.22,0.8403857672590037,0.8897790048949491,0.10144609292231083,1
proposed,J01-NE-HIGH,8,0.9062,0.9669787234042552,0.22,0.86457510467051,0.9298352265944732,0.05578773401429103,1
proposed,J01-NE-HIGH,9,0.9062,0.9669787234042552,0.22,0.8292349159043343,0.9605783537010566,0.07723075101402625,1
proposed,J01-NE-HIGH,10,0.9062,0.9669787234042552,0.22,0.8563546338936293,0.8881156757344286,0.0932949130984721,1
proposed,J01-NE-HIGH,11,0.9062,0.9669787234042552,0.22,0.8790981481523658,0.9052532604903719,0.0674132267845435,1
proposed,J01-NE-HIGH,12,0.9062,0.9669787234042552,0.22,0.8629386393944736,0.9104356260202785,0.07119457270898719,1
proposed,J01-NE-HIGH,13,0.9062,0.9669787234042552,0.22,0.8827002751382983,0.8920615201846437,0.07851639578345561,1
proposed,J01-NE-HIGH,14,0.9062,0.9669787234042552,0.22,0.8328934952038874,0.9058718969721701,0.09543525492198074,1
proposed,J01-NE-HIGH,15,0.9062,0.9669787234042552,0.22,0.8289807658877292,0.8808143805848622,0.11570265377416188,1
proposed,J01-NE-HIGH,16,0.9062,0.9669787234042552,0.22,0.8487418893527453,0.9245857020761492,0.07140450081386615,1
proposed,J01-NE-HIGH,17,0.9062,0.9669787234042552,0.22,0.912618985402009,0.9205583317473206,0.04686209699932778,0
proposed,J01-NE-HIGH,18,0.9062,0.9669787234042552,0.22,0.8755302583405031,0.9192491085575715,0.05673402142341971,0
proposed,J01-NE-HIGH,19,0.9062,0.9669787234042552,0.22,0.8774741180630246,0.9021675102960445,0.07089195749600201,1
proposed,J01-NE-HIGH,20,0.9062,0.9669787234042552,0.22,0.9053763308921456,0.9488591353599419,0.018138299305471086,1
proposed,J01-NE-HIGH,21,0.9062,0.9669787234042552,0.22,0.8623602380882024,0.8998959059411533,0.08013756374679071,1
proposed,J01-NE-HIGH,22,0.9062,0.9669787234042552,0.22,0.8491983069457953,0.8912818352323263,0.09475870350505683,1
proposed,J01-NE-HIGH,23,0.9062,0.9669787234042552,0.22,0.8876565471819557,0.9091556156898126,0.06072373035454145,1
proposed,J01-NE-HIGH,24,0.9062,0.9669787234042552,0.22,0.8752886890541887,0.9511918437967362,0.03470928855696895,1
proposed,J01-NE-HIGH,25,0.9062,0.9669787234042552,0.22,0.8631416767375035,0.8919436413791686,0.08651174912512818,1
proposed,J01-NE-HIGH,26,0.9062,0.9669787234042552,0.22,0.8661550999692974,0.9275130851420552,0.056223932821457684,1
proposed,J01-NE-HIGH,27,0.9062,0.9669787234042552,0.22,0.83440532975721,0.8972543991122576,0.10007974856706324,1
proposed,J01-NE-HIGH,28,0.9062,0.9669787234042552,0.22,0.8435548870031255,0.9240419128736285,0.07594721773004004,1
proposed,J01-NE-HIGH,29,0.9062,0.9669787234042552,0.22,0.8449369458075395,0.8857669446494942,0.10172765021124093,1
proposed,J01-NE-HIGH,30,0.9062,0.9669787234042552,0.22,0.8757430622537513,0.9505877608924604,0.03458740679701108,1
proposed,J01-NE-HIGH,31,0.9062,0.9669787234042552,0.22,0.8643549199020422,0.8871221220504418,0.09015590667386342,1
proposed,J01-NE-HIGH,32,0.9062,0.9669787234042552,0.22,0.8288600074787238,0.9298867273246609,0.0857746501966618,1
proposed,J01-NE-HIGH,33,0.9062,0.9669787234042552,0.22,0.835185534259982,0.9203691743643072,0.08494412520031921,1
proposed,J01-NE-HIGH,34,0.9062,0.9669787234042552,0.22,0.9130053925025167,0.950555353188683,0.01777752672198956,1
proposed,J01-NE-HIGH,35,0.9062,0.9669787234042552,0.22,0.833894042455553,0.9556790886818527,0.07318355854479268,1
proposed,J01-NE-HIGH,36,0.9062,0.9669787234042552,0.22,0.8321194717090052,0.9290540578093637,0.0832238243074495,1
proposed,J01-NE-HIGH,37,0.9062,0.9669787234042552,0.22,0.8677498235525632,0.8837469496398254,0.0916839366127581,1
proposed,J01-NE-HIGH,38,0.9062,0.9669787234042552,0.22,0.8092262038422051,0.8803762383709935,0.1300150281897822,1
proposed,J01-NE-HIGH,39,0.9062,0.9669787234042552,0.22,0.8279435827562092,0.9143569327592946,0.09430333870291306,1
proposed,J01-NE-HIGH,40,0.9062,0.9669787234042552,0.22,0.8690529951626937,0.9500446025633889,0.040824801494139785,1
proposed,J01-NE-HIGH,41,0.9062,0.9669787234042552,0.22,0.8851428628311776,0.919235478011165,0.052180652606223954,1
proposed,J01-NE-HIGH,42,0.9062,0.9669787234042552,0.22,0.8659636914702079,0.9118578366012625,0.06824421357194287,1
proposed,J01-NE-HIGH,43,0.9062,0.9669787234042552,0.22,0.8357249717485951,0.8674204911810982,0.1219777488332867,1
proposed,J01-NE-HIGH,44,0.9062,0.9669787234042552,0.22,0.8678729316716117,0.9359245298017645,0.049328765512121966,1
proposed,J01-NE-HIGH,45,0.9062,0.9669787234042552,0.22,0.8444570685006595,0.9329757129099306,0.07048683786927457,1
proposed,J01-NE-HIGH,46,0.9062,0.9669787234042552,0.22,0.8560440891338487,0.9329197007239421,0.06062699415896681,1
proposed,J01-NE-HIGH,47,0.9062,0.9669787234042552,0.22,0.8804554580529194,0.8915758594163194,0.0796766800114571,1
proposed,J01-NE-HIGH,48,0.9062,0.9669787234042552,0.22,0.8802383631783414,0.9181362812939949,0.05531356739312539,1
proposed,J01-NE-HIGH,49,0.9062,0.9669787234042552,0.22,0.8604788997952791,0.9200914439528517,0.06548920505155127,1
proposed,J01-NE-HIGH,50,0.9062,0.9669787234042552,0.22,0.8555077950263766,0.9144502418250051,0.07299959604072791,1
proposed,J01-NE-HIGH,51,0.9062,0.9669787234042552,0.22,0.8313364586048617,0.9265642505050535,0.08507572773677513,1
proposed,J01-NE-HIGH,52,0.9062,0.9669787234042552,0.22,0.8805590121083983,0.9783055169675988,0.028031348745357763,1
proposed,J01-NE-HIGH,53,0.9062,0.9669787234042552,0.22,0.8888338502809431,0.9144333223156174,0.05534078361959217,1
proposed,J01-NE-HIGH,54,0.9062,0.9669787234042552,0.22,0.8503348692161167,0.9182107258714509,0.07415679618794215,1
proposed,J01-NE-HIGH,55,0.9062,0.9669787234042552,0.22,0.9125854249184527,0.9250526713168512,0.04240952127795016,1
proposed,J01-NE-HIGH,56,0.9062,0.9669787234042552,0.22,0.9021314947274818,0.9333977020821904,0.03382658315859697,1
proposed,J01-NE-HIGH,57,0.9062,0.9669787234042552,0.22,0.8835616863911103,0.9153826985936798,0.05634397056747019,1
proposed,J01-NE-HIGH,58,0.9062,0.9669787234042552,0.22,0.8931230573810778,0.889455390416679,0.07861853207584839,1
proposed,J01-NE-HIGH,59,0.9062,0.9669787234042552,0.22,0.8557973590279833,0.9187723730782758,0.06974437919076402,1
proposed,J01-NE-HIGH,60,0.9062,0.9669787234042552,0.22,0.8895589075309596,0.9569248380082912,0.01944239105970076,1
proposed,J01-SE-HIGH,1,0.9062,0.08408510638297871,0.22,0.847766834271618,0.05086687100538358,0.0672152216290467,1
proposed,J01-SE-HIGH,2,0.9062,0.08408510638297871,0.22,0.8486474978797945,0.04583953269433631,0.06910147905124485,1
proposed,J01-SE-HIGH,3,0.9062,0.08408510638297871,0.22,0.8417490399852717,-0.015356248746204247,0.1185010943272187,1
proposed,J01-SE-HIGH,4,0.9062,0.08408510638297871,0.22,0.8836384315667639,0.09023482125289303,0.023384682233223535,1
proposed,J01-SE-HIGH,5,0.9062,0.08408510638297871,0.22,0.8822669500772817,0.08546419209957284,0.02397275028062152,1
proposed,J01-SE-HIGH,6,0.9062,0.08408510638297871,0.22,0.8860005187384951,0.003495071267497804,0.08308292726636643,1
proposed,J01-SE-HIGH,7,0.9062,0.08408510638297871,0.22,0.8399298972062247,0.0449569223984001,0.07695934840049376,1
proposed,J01-SE-HIGH,8,0.9062,0.08408510638297871,0.22,0.8879868371391028,0.023025888914826775,0.06371771605464713,1
proposed,J01-SE-HIGH,9,0.9062,0.08408510638297871,0.22,0.8688232460306565,0.023505434279810097,0.0711822899983715,1
proposed,J01-SE-HIGH,10,0.9062,0.08408510638297871,0.22,0.8703834927087126,0.057897837852336306,0.04436885425208562,1
proposed,J01-SE-HIGH,11,0.9062,0.08408510638297871,0.22,0.8747349572268269,0.034583593568032076,0.0586553381005168,1
proposed,J01-SE-HIGH,12,0.9062,0.08408510638297871,0.22,0.7988136922442393,0.04998146049216023,0.11267154812312334,1
proposed,J01-SE-HIGH,13,0.9062,0.08408510638297871,0.22,0.8753672464376785,0.048874850130692274,0.0468019319856192,1
proposed,J01-SE-HIGH,14,0.9062,0.08408510638297871,0.22,0.8741532576706103,-0.01503296760877288,0.10416998745205187,1
proposed,J01-SE-HIGH,15,0.9062,0.08408510638297871,0.22,0.8795638217772775,0.022589547479988377,0.06701633946362474,1
proposed,J01-SE-HIGH,16,0.9062,0.08408510638297871,0.22,0.9097628282693061,0.038771684782009305,0.0454532718565316,1
proposed,J01-SE-HIGH,17,0.9062,0.08408510638297871,0.22,0.81486460620356,0.05850214872793939,0.09485062931963234,1
proposed,J01-SE-HIGH,18,0.9062,0.08408510638297871,0.22,0.8814787127645611,0.029999828977820435,0.059467295840402876,1
proposed,J01-SE-HIGH,19,0.9062,0.08408510638297871,0.22,0.8578000348969884,0.04084380040865048,0.06490275159296571,1
proposed,J01-SE-HIGH,20,0.9062,0.08408510638297871,0.22,0.8467835897894869,0.04354883683191121,0.07192703908420513,1
proposed,J01-SE-HIGH,21,0.9062,0.08408510638297871,0.22,0.8649748193574012,0.004866866449572495,0.089303107768776,1
proposed,J01-SE-HIGH,22,0.9062,0.08408510638297871,0.22,0.8844367249679462,0.03360522934721036,0.054971430085700955,1
proposed,J01-SE-HIGH,23,0.9062,0.08408510638297871,0.22,0.8373189807893437,0.05400081709162748,0.07516421535321517,1
proposed,J01-SE-HIGH,24,0.9062,0.08408510638297871,0.22,0.815912867303304,0.06738931374012008,0.09181784043727079,1
proposed,J01-SE-HIGH,25,0.9062,0.08408510638297871,0.22,0.8588003605810006,0.08689975528037489,0.04748313453708352,0
proposed,J01-SE-HIGH,26,0.9062,0.08408510638297871,0.22,0.9394443099666495,0.026826184872073215,0.06621003124716607,1
proposed,J01-SE-HIGH,27,0.9062,0.08408510638297871,0.22,0.8723938145732564,0.04703327120418156,0.05015672101746807,1
proposed,J01-SE-HIGH,28,0.9062,0.08408510638297871,0.22,0.8960575838239896,0.011654091302890763,0.073137682157827,1
proposed,J01-SE-HIGH,29,0.9062,0.08408510638297871,0.22,0.8759432545473139,-0.018487412150305638,0.10694200392572416,0
proposed,J01-SE-HIGH,30,0.9062,0.08408510638297871,0.22,0.868427545656513,0.02927542884105635,0.06656469829707272,1
proposed,J01-SE-HIGH,31,0.9062,0.08408510638297871,0.22,0.9019793023078494,0.07988051830305479,0.005957587593175935,1
proposed,J01-SE-HIGH,32,0.9062,0.08408510638297871,0.22,0.8939876721284952,0.018820815022739794,0.06639705323879434,1
proposed,J01-SE-HIGH,33,0.9062,0.08408510638297871,0.22,0.875218219420704,0.09074756363171879,0.03169004677268453,1
proposed,J01-SE-HIGH,34,0.9062,0.08408510638297871,0.22,0.8780159382264511,0.023622175761958103,0.06670912469323499,0
proposed,J01-SE-HIGH,35,0.9062,0.08408510638297871,0.22,0.8596141067862053,0.08479436853623148,0.04659129209765618,1
proposed,J01-SE-HIGH,36,0.9062,0.08408510638297871,0.22,0.8512376718984941,0.018131896359501097,0.08585268442360167,1
proposed,J01-SE-HIGH,37,0.9062,0.08408510638297871,0.22,0.8056917560364738,0.03702315814117694,0.11098078246681148,1
proposed,J01-SE-HIGH,38,0.9062,0.08408510638297871,0.22,0.8874573795147771,0.0587362412348594,0.03152539907678625,1
proposed,J01-SE-HIGH,39,0.9062,0.08408510638297871,0.22,0.8825416125792757,0.02695016654769073,0.0618394748144829,1
proposed,J01-SE-HIGH,40,0.9062,0.08408510638297871,0.22,0.8490472254296314,0.035504436554397716,0.07501014012841845,1
proposed,J01-SE-HIGH,41,0.9062,0.08408510638297871,0.22,0.8651711727244249,0.07766529259320838,0.0415280468684033,1
proposed,J01-SE-HIGH,42,0.9062,0.08408510638297871,0.22,0.8193381317911982,0.06502512828125331,0.08892843703766252,1
proposed,J01-SE-HIGH,43,0.9062,0.08408510638297871,0.22,0.8575280786278318,-0.012744233410465322,0.10837378361436299,1
proposed,J01-SE-HIGH,44,0.9062,0.08408510638297871,0.22,0.8762031724201267,0.025219308596096834,0.06606808468498777,1
proposed,J01-SE-HIGH,45,0.9062,0.08408510638297871,0.22,0.8385783124744977,0.013432543351050093,0.0977981456203405,1
proposed,J01-SE-HIGH,46,0.9062,0.08408510638297871,0.22,0.8702771001055715,0.0879790075762854,0.03613332538430928,1
proposed,J01-SE-HIGH,47,0.9062,0.08408510638297871,0.22,0.9017624034698273,0.020739995457955206,0.0635003570152809,1
proposed,J01-SE-HIGH,48,0.9062,0.08408510638297871,0.22,0.8806825799708315,0.011694290688775064,0.07675655621389725,1
proposed,J01-SE-HIGH,49,0.9062,0.08408510638297871,0.22,0.8780616710887889,0.06952601669083801,0.03168173995504822,1
proposed,J01-SE-HIGH,50,0.9062,0.08408510638297871,0.22,0.8840936756364319,0.0684520243360164,0.027075502417394565,1
proposed,J01-SE-HIGH,51,0.9062,0.08408510638297871,0.22,0.7799750548959404,0.032166845356387586,0.136485320069772,0
proposed,J01-SE-HIGH,52,0.9062,0.08408510638297871,0.22,0.8352055020360659,0.06017488205386418,0.07491273302062622,1
proposed,J01-SE-HIGH,53,0.9062,0.08408510638297871,0.22,0.872187513167452,0.02656165838617046,0.06682661393468738,1
proposed,J01-SE-HIGH,54,0.9062,0.08408510638297871,0.22,0.8664692988073406,0.06347155770251409,0.0447598816627376,1
proposed,J01-SE-HIGH,55,0.9062,0.08408510638297871,0.22,0.8629558451019367,0.06855960504744074,0.045946687851982165,1
proposed,J01-SE-HIGH,56,0.9062,0.08408510638297871,0.22,0.8263801295602768,0.05827617223085409,0.08388869291557055,1
proposed,J01-SE-HIGH,57,0.9062,0.08408510638297871,0.22,0.856335067859738,0.06095957109614168,0.05496637007894626,1
proposed,J01-SE-HIGH,58,0.9062,0.08408510638297871,0.22,0.8541407207570723,0.04058287942723714,0.06784255526881322,1
proposed,J01-SE-HIGH,59,0.9062,0.08408510638297871,0.22,0.86766788610725,0.01577129774395054,0.07843150037971745,1
proposed,J01-SE-HIGH,60,0.9062,0.08408510638297871,0.22,0.8975399811662539,0.030418370400069998,0.05436096464615088,1
proposed,J01-SW-HIGH,1,0.0788,0.08408510638297871,0.22,0.03916419801943792,0.0478299067614015,0.053716257299282685,1
proposed,J01-SW-HIGH,2,0.0788,0.08408510638297871,0.22,0.0335605977364143,0.07610359320261537,0.045938089531616745,1
proposed,J01-SW-HIGH,3,0.0788,0.08408510638297871,0.22,0.006030348430924891,0.051972141519510184,0.0795403338049757,1
proposed,J01-SW-HIGH,4,0.0788,0.08408510638297871,0.22,0.04903818056941423,0.016919673865991306,0.07346401310174105,1
proposed,J01-SW-HIGH,5,0.0788,0.08408510638297871,0.22,0.024750041244108942,0.03879569628735833,0.0705161592000217,0
proposed,J01-SW-HIGH,6,0.0788,0.08408510638297871,0.22,-0.009153498002251417,-0.001380602022183007,0.12263851403220838,1
proposed,J01-SW-HIGH,7,0.0788,0.08408510638297871,0.22,0.027981187223958676,0.04979923545772814,0.061303121266941075,1
proposed,J01-SW-HIGH,8,0.0788,0.08408510638297871,0.22,0.09025764426912714,0.0684322584611998,0.019398176725151272,1
proposed,J01-SW-HIGH,9,0.0788,0.08408510638297871,0.22,0.03491799789917341,-0.002163164017914339,0.09676980032800789,1
proposed,J01-SW-HIGH,10,0.0788,0.08408510638297871,0.22,0.03853568550625685,0.046040043366291576,0.055395323282699145,1
proposed,J01-SW-HIGH,11,0.0788,0.08408510638297871,0.22,0.05959215622207483,0.057164142382821956,0.03307082649851549,1
proposed,J01-SW-HIGH,12,0.0788,0.08408510638297871,0.22,0.0474926794444067,-0.03911738600502326,0.12711806500645909,1
proposed,J01-SW-HIGH,13,0.0788,0.08408510638297871,0.22,0.07312474049449151,0.020898201255933554,0.06344126062736356,1
proposed,J01-SW-HIGH,14,0.0788,0.08408510638297871,0.22,0.04817581423564809,0.010439565978425765,0.0797590519954204,1
proposed,J01-SW-HIGH,15,0.0788,0.08408510638297871,0.22,0.07028746802964275,0.006975680411325125,0.07757787554595884,1
proposed,J01-SW-HIGH,16,0.0788,0.08408510638297871,0.22,0.092915262321545,0.05079679752301642,0.03615732480649353,1
proposed,J01-SW-HIGH,17,0.0788,0.08408510638297871,0.22,0.050270784920167635,0.05307532685261571,0.04213694981359061,1
proposed,J01-SW-HIGH,18,0.0788,0.08408510638297871,0.22,0.06913342493466662,0.06694343323170907,0.019679421534147885,1
proposed,J01-SW-HIGH,19,0.0788,0.08408510638297871,0.22,0.05820841374260995,0.03531138239784765,0.052942323107068916,1
proposed,J01-SW-HIGH,20,0.0788,0.08408510638297871,0.22,-0.01062323667596201,0.016921985713697053,0.11183648794396936,1
proposed,J01-SW-HIGH,21,0.0788,0.08408510638297871,0.22,0.03828198111017064,0.06660920671977948,0.044126147846767404,1
proposed,J01-SW-HIGH,22,0.0788,0.08408510638297871,0.22,0.049056191819295394,0.06521328869896353,0.0352255536193437,1
proposed,J01-SW-HIGH,23,0.0788,0.08408510638297871,0.22,-0.006412962929204402,0.06156116763131245,0.08813953067757269,1
proposed,J01-SW-HIGH,24,0.0788,0.08408510638297871,0.22,0.020199563132027774,0.049874403344828025,0.06785560701579296,1
proposed,J01-SW-HIGH,25,0.0788,0.08408510638297871,0.22,0.058750743305859596,0.04111396213359877,0.04741826580642266,1
proposed,J01-SW-HIGH,26,0.0788,0.08408510638297871,0.22,0.08298500508430022,0.007559798863460362,0.07663965656572627,1
proposed,J01-SW-HIGH,27,0.0788,0.08408510638297871,0.22,-0.0010641877952612538,0.02557179797103256,0.09900553395395777,1
proposed,J01-SW-HIGH,28,0.0788,0.08408510638297871,0.22,-0.007810520584124854,0.006582398809810916,0.11622414532714394,1
proposed,J01-SW-HIGH,29,0.0788,0.08408510638297871,0.22,-0.0029033022174744794,0.04348053505234168,0.09123683908479491,1
proposed,J01-SW-HIGH,30,0.0788,0.08408510638297871,0.22,0.0721689740894168,0.019112481540423082,0.06531012542905046,0
proposed,J01-SW-HIGH,31,0.0788,0.08408510638297871,0.22,0.03873437952421167,0.04823887638444878,0.05376063754474472,1
proposed,J01-SW-HIGH,32,0.0788,0.08408510638297871,0.22,0.06063871901713189,0.07488650356023382,0.02035795718703861,1
proposed,J01-SW-HIGH,33,0.0788,0.08408510638297871,0.22,0.06125749884994827,0.037738504238604434,0.04955549290369821,1
proposed,J01-SW-HIGH,34,0.0788,0.08408510638297871,0.22,0.07072913149536238,0.046459969511654355,0.03848103224973368,1
proposed,J01-SW-HIGH,35,0.0788,0.08408510638297871,0.22,0.05943236111526218,0.044560500556786176,0.04401476913134387,1
proposed,J01-SW-HIGH,36,0.0788,0.08408510638297871,0.22,0.0774992802303567,0.057933089659297735,0.026184343616650587,1
proposed,J01-SW-HIGH,37,0.0788,0.08408510638297871,0.22,0.08098032085693772,0.022540222959238035,0.06158349190067926,1
proposed,J01-SW-HIGH,38,0.0788,0.08408510638297871,0.22,0.07080375701926223,0.022414706992553268,0.06218663894102643,1
proposed,J01-SW-HIGH,39,0.0788,0.08408510638297871,0.22,0.06037007460894095,0.028033805354962183,0.05900347868433971,1
proposed,J01-SW-HIGH,40,0.0788,0.08408510638297871,0.22,0.06112910506013453,-0.00040999950867059987,0.08632313390752674,1
proposed,J01-SW-HIGH,41,0.0788,0.08408510638297871,0.22,0.050428847508509504,0.06970739743602172,0.03180630139231555,1
proposed,J01-SW-HIGH,42,0.0788,0.08408510638297871,0.22,0.0053290095190934444,0.035685733048258686,0.08798003058330378,1
proposed,J01-SW-HIGH,43,0.0788,0.08408510638297871,0.22,0.061592554780854236,-0.009378503968691644,0.09503442866108452,0
proposed,J01-SW-HIGH,44,0.0788,0.08408510638297871,0.22,0.00718810260155681,0.05417019779954699,0.07760905620196802,1
proposed,J01-SW-HIGH,45,0.0788,0.08408510638297871,0.22,0.09070500288242639,0.0495585464331557,0.03652139695574778,1
proposed,J01-SW-HIGH,46,0.0788,0.08408510638297871,0.22,0.04936296457747286,0.07916184153253633,0.029845897394025843,1
proposed,J01-SW-HIGH,47,0.0788,0.08408510638297871,0.22,0.028797585972275778,0.011524713457407302,0.08812066744023939,1
proposed,J01-SW-HIGH,48,0.0788,0.08408510638297871,0.22,0.021733111136476864,0.009765418382244758,0.09370189874857467,1
proposed,J01-SW-HIGH,49,0.0788,0.08408510638297871,0.22,0.03324431392992274,-0.007741362248021064,0.10250571142407341,1
proposed,J01-SW-HIGH,50,0.0788,0.08408510638297871,0.22,0.04857460289366385,0.04446210072269581,0.049835300819705344,1
proposed,J01-SW-HIGH,51,0.0788,0.08408510638297871,0.22,0.03675201564679689,0.07051359373287415,0.04418392177907209,1
proposed,J01-SW-HIGH,52,0.0788,0.08408510638297871,0.22,0.009943977734744678,0.07188369253534849,0.06992872301189605,1
proposed,J01-SW-HIGH,53,0.0788,0.08408510638297871,0.22,0.06791304832877766,0.07851713862385352,0.012228163462196124,1
proposed,J01-SW-HIGH,54,0.0788,0.08408510638297871,0.22,-0.0037849419957551797,0.03219654301258237,0.09753304902998718,1
proposed,J01-SW-HIGH,55,0.0788,0.08408510638297871,0.22,0.04247547713777404,-0.003741607279979693,0.09504210958308776,1
proposed,J01-SW-HIGH,56,0.0788,0.08408510638297871,0.22,0.00429526427983281,-0.006287319153045104,0.1171244250444634,1
proposed,J01-SW-HIGH,57,0.0788,0.08408510638297871,0.22,0.07365783575522111,0.05107423190071131,0.03340897614720175,1
proposed,J01-SW-HIGH,58,0.0788,0.08408510638297871,0.22,0.02563392110024216,0.06246286786290489,0.05739471355616508,1
proposed,J01-SW-HIGH,59,0.0788,0.08408510638297871,0.22,0.06414257042966762,0.06487072542683871,0.024166768032505496,1
proposed,J01-SW-HIGH,60,0.0788,0.08408510638297871,0.22,0.08576047763009514,0.0418358014536415,0.04281882781967732,1
proposed,J02-NW-HIGH,1,0.0788,2.9114468085106378,0.22,0.04551908260584903,2.9065892815136447,0.03363354027043267,1
proposed,J02-NW-HIGH,2,0.0788,2.9114468085106378,0.22,0.030477622355626934,2.8381914787021767,0.08775759526418103,1
proposed,J02-NW-HIGH,3,0.0788,2.9114468085106378,0.22,0.06971338896293086,2.8687195092543565,0.043682818153992775,1
proposed,J02-NW-HIGH,4,0.0788,2.9114468085106378,0.22,0.02662700211986693,2.8971698861730335,0.05409114732776845,1
proposed,J02-NW-HIGH,5,0.0788,2.9114468085106378,0.22,0.04783394540882495,2.9139140985816714,0.03106419252512858,1
proposed,J02-NW-HIGH,6,0.0788,2.9114468085106378,0.22,0.011579258024415322,2.858695506229923,0.08544780888975145,1
proposed,J02-NW-HIGH,7,0.0788,2.9114468085106378,0.22,0.04058562741419072,2.8968500816636946,0.04090724516233429,1
proposed,J02-NW-HIGH,8,0.0788,2.9114468085106378,0.22,0.051602105945304316,2.8801923380835905,0.041431477920605475,1
proposed,J02-NW-HIGH,9,0.0788,2.9114468085106378,0.22,0.06217546749264259,2.907609506563621,0.017061651951694488,1
proposed,J02-NW-HIGH,10,0.0788,2.9114468085106378,0.22,0.06364830771208861,2.837523199874694,0.07546041142842855,1
proposed,J02-NW-HIGH,11,0.0788,2.9114468085106378,0.22,0.06105634583475639,2.88375201568048,0.032891318201633844,1
proposed,J02-NW-HIGH,12,0.0788,2.9114468085106378,0.22,0.04930474167408292,2.85981721421778,0.059460787671857064,1
proposed,J02-NW-HIGH,13,0.0788,2.9114468085106378,0.22,0.06334452018558319,2.811599634086448,0.10103628109143974,1
proposed,J02-NW-HIGH,14,0.0788,2.9114468085106378,0.22,0.055172253865053894,2.7952796326007565,0.11854570066558615,1
proposed,J02-NW-HIGH,15,0.0788,2.9114468085106378,0.22,0.08730388495790065,2.7953716983604577,0.11638619873401498,1
proposed,J02-NW-HIGH,16,0.0788,2.9114468085106378,0.22,0.05259318249316096,2.882937228331735,0.03872458451441478,1
proposed,J02-NW-HIGH,17,0.0788,2.9114468085106378,0.22,0.0833190815244557,2.8306731150890214,0.08090001017795945,1
proposed,J02-NW-HIGH,18,0.0788,2.9114468085106378,0.22,0.02435027310716905,2.893957366808259,0.05718962606771245,1
proposed,J02-NW-HIGH,19,0.0788,2.9114468085106378,0.22,0.03134210253465768,2.8898930021382694,0.052123110046969484,1
proposed,J02-NW-HIGH,20,0.0788,2.9114468085106378,0.22,0.04254891736978454,2.8411455611020733,0.07909744862549552,1
proposed,J02-NW-HIGH,21,0.0788,2.9114468085106378,0.22,0.024172269691998254,2.8798789176411628,0.0630929524792655,0
proposed,J02-NW-HIGH,22,0.0788,2.9114468085106378,0.22,0.04293901201883052,2.821274707221536,0.09704132269233369,1
proposed,J02-NW-HIGH,23,0.0788,2.9114468085106378,0.22,0.06706907454436625,2.868257405587719,0.04475420803548953,1
proposed,J02-NW-HIGH,24,0.0788,2.9114468085106378,0.22,0.03867743454863198,2.9080701578029857,0.040264401503074615,1
proposed,J02-NW-HIGH,25,0.0788,2.9114468085106378,0.22,0.07207080648605907,2.853650424135034,0.05818680342002492,1
proposed,J02-NW-HIGH,26,0.0788,2.9114468085106378,0.22,0.033421341277313714,2.8904540706732655,0.04999917708701485,1
proposed,J02-NW-HIGH,27,0.0788,2.9114468085106378,0.22,-0.016331327036037672,2.848293837908445,0.11418523144224473,1
proposed,J02-NW-HIGH,28,0.0788,2.9114468085106378,0.22,0.06049318045371138,2.8543574026775596,0.05995281394792306,1
proposed,J02-NW-HIGH,29,0.0788,2.9114468085106378,0.22,0.02545487754457838,2.855386196436917,0.07738536241347013,1
proposed,J02-NW-HIGH,30,0.0788,2.9114468085106378,0.22,0.08295936110754334,2.8486130008584776,0.06297132417927709,0
proposed,J02-NW-HIGH,31,0.0788,2.9114468085106378,0.22,0.04822237967218849,2.8509398582500762,0.06779440902276423,1
proposed,J02-NW-HIGH,32,0.0788,2.9114468085106378,0.22,0.021570549474581136,2.8804246503913338,0.06509673034661928,1
proposed,J02-NW-HIGH,33,0.0788,2.9114468085106378,0.22,0.05714107518335877,2.7804355696967997,0.1327895090726275,1
proposed,J02-NW-HIGH,34,0.0788,2.9114468085106378,0.22,0.01725354776789498,2.8844401395026282,0.06721105529053213,1
proposed,J02-NW-HIGH,35,0.0788,2.9114468085106378,0.22,0.029826863908332293,2.8753597639825275,0.06083290919746335,1
proposed,J02-NW-HIGH,36,0.0788,2.9114468085106378,0.22,0.027388432810843875,2.9142826511487563,0.05148971979253029,1
proposed,J02-NW-HIGH,37,0.0788,2.9114468085106378,0.22,0.05349646224353215,2.86239128080913,0.055197045401601,1
proposed,J02-NW-HIGH,38,0.0788,2.9114468085106378,0.22,0.03764259777515205,2.8764014765279966,0.05405651719886742,1
proposed,J02-NW-HIGH,39,0.0788,2.9114468085106378,0.22,0.02523141806560655,2.905952314639576,0.053849627977925356,1
proposed,J02-NW-HIGH,40,0.0788,2.9114468085106378,0.22,0.06233982233235315,2.8545572555762044,0.05922295738926072,1
proposed,J02-NW-HIGH,41,0.0788,2.9114468085106378,0.22,0.02635217583135118,2.8841926960139483,0.05910635251821672,1
proposed,J02-NW-HIGH,42,0.0788,2.9114468085106378,0.22,0.056442860847351006,2.878045016173073,0.04019354926418815,1
proposed,J02-NW-HIGH,43,0.0788,2.9114468085106378,0.22,-0.017496115824670935,2.840829828834028,0.11941398469846473,1
proposed,J02-NW-HIGH,44,0.0788,2.9114468085106378,0.22,0.02802819842800204,2.8883215935686004,0.05579024467576532,1
proposed,J02-NW-HIGH,45,0.0788,2.9114468085106378,0.22,0.029694503693577824,2.892330843675585,0.05269506503530499,1
proposed,J02-NW-HIGH,46,0.0788,2.9114468085106378,0.22,0.0490532128038639,2.8748539419116397,0.047158342150930996,1
proposed,J02-NW-HIGH,47,0.0788,2.9114468085106378,0.22,0.028255038354873675,2.840735892415979,0.08691850667523675,1
proposed,J02-NW-HIGH,48,0.0788,2.9114468085106378,0.22,0.04527768435943128,2.881592862817995,0.04488879280316155,1
proposed,J02-NW-HIGH,49,0.0788,2.9114468085106378,0.22,0.06020570949665293,2.878130095075885,0.03815430556852393,1
proposed,J02-NW-HIGH,50,0.0788,2.9114468085106378,0.22,0.0703517909270156,2.8141688679570103,0.09764409841304256,1
proposed,J02-NW-HIGH,51,0.0788,2.9114468085106378,0.22,0.021346566519677916,2.85034280967126,0.08387249664127358,1
proposed,J02-NW-HIGH,52,0.0788,2.9114468085106378,0.22,0.05195354870146751,2.8703564113142095,0.04908312020526727,1
proposed,J02-NW-HIGH,53,0.0788,2.9114468085106378,0.22,-0.03520992260770522,2.887878761947277,0.11642042463342793,1
proposed,J02-NW-HIGH,54,0.0788,2.9114468085106378,0.22,0.07890563104370751,2.847211743155928,0.06423515220688139,1
proposed,J02-NW-HIGH,55,0.0788,2.9114468085106378,0.22,0.06189305110114637,2.902438515644187,0.019157094284786402,1
proposed,J02-NW-HIGH,56,0.0788,2.9114468085106378,0.22,0.07640559359930806,2.8918384405939697,0.019754019195269933,1
proposed,J02-NW-HIGH,57,0.0788,2.9114468085106378,0.22,0.027263804761177984,2.8243353860781664,0.10121452137861671,1
proposed,J02-NW-HIGH,58,0.0788,2.9114468085106378,0.22,0.03493323295887036,2.8549037357415394,0.0715640435471074,1
proposed,J02-NW-HIGH,59,0.0788,2.9114468085106378,0.22,0.07632184935660745,2.8715053230323346,0.04001828947899755,1
proposed,J02-NW-HIGH,60,0.0788,2.9114468085106378,0.22,0.046634949318491825,2.887011355469142,0.04039408187701681,1
proposed,J02-NE-HIGH,1,0.9062,2.9114468085106378,0.22,0.8351772757001303,2.885288377179524,0.07568679473118071,1
proposed,J02-NE-HIGH,2,0.9062,2.9114468085106378,0.22,0.8644925233241058,2.867425882116789,0.06064120357680021,1
proposed,J02-NE-HIGH,3,0.9062,2.9114468085106378,0.22,0.9029735468803912,2.83104313368104,0.08046838463543735,1
proposed,J02-NE-HIGH,4,0.9062,2.9114468085106378,0.22,0.8401840487769962,2.855850681471315,0.08630779314552378,1
proposed,J02-NE-HIGH,5,0.9062,2.9114468085106378,0.22,0.8742728484457549,2.8869061843452632,0.04026891159187068,1
proposed,J02-NE-HIGH,6,0.9062,2.9114468085106378,0.22,0.9027205302994984,2.860294865747386,0.05127014684835321,0
proposed,J02-NE-HIGH,7,0.9062,2.9114468085106378,0.22,0.9377688628437023,2.884409734244636,0.04156436558050397,1
proposed,J02-NE-HIGH,8,0.9062,2.9114468085106378,0.22,0.8273290947940587,2.8947802130859923,0.08061262364576278,1
proposed,J02-NE-HIGH,9,0.9062,2.9114468085106378,0.22,0.8861389790478943,2.9057768727695135,0.020846887848053077,1
proposed,J02-NE-HIGH,10,0.9062,2.9114468085106378,0.22,0.8747014368221772,2.8540854119719232,0.06544073116293055,1
proposed,J02-NE-HIGH,11,0.9062,2.9114468085106378,0.22,0.8566459284546812,2.8897867965724915,0.05408106992173148,1
proposed,J02-NE-HIGH,12,0.9062,2.9114468085106378,0.22,0.8732946335619827,2.85583066670378,0.06462134608549042,0
proposed,J02-NE-HIGH,13,0.9062,2.9114468085106378,0.22,0.8474655661812523,2.854864623352522,0.08155536397611214,1
proposed,J02-NE-HIGH,14,0.9062,2.9114468085106378,0.22,0.9025192755012802,2.9059550032009263,0.006611176778399711,1
proposed,J02-NE-HIGH,15,0.9062,2.9114468085106378,0.22,0.8667295115743562,2.8538594066640184,0.06981567379896081,1
proposed,J02-NE-HIGH,16,0.9062,2.9114468085106378,0.22,0.8161432497868711,2.884294310918686,0.09406102478939313,1
proposed,J02-NE-HIGH,17,0.9062,2.9114468085106378,0.22,0.8766142703006757,2.9239154591637284,0.032105804007224244,1
proposed,J02-NE-HIGH,18,0.9062,2.9114468085106378,0.22,0.867997185919741,2.833656320171348,0.08666495877640516,1
proposed,J02-NE-HIGH,19,0.9062,2.9114468085106378,0.22,0.831694533290801,2.9125068183266105,0.07451300685360589,1
proposed,J02-NE-HIGH,20,0.9062,2.9114468085106378,0.22,0.8587638211862759,2.873507195668251,0.06074212116050777,1
proposed,J02-NE-HIGH,21,0.9062,2.9114468085106378,0.22,0.8367967213729766,2.8654545202730874,0.0832592677214144,1
proposed,J02-NE-HIGH,22,0.9062,2.9114468085106378,0.22,0.8628527148515058,2.8505480394799085,0.07475056654770564,1
proposed,J02-NE-HIGH,23,0.9062,2.9114468085106378,0.22,0.8507038849987617,2.8859605614470483,0.06106854812108267,1
proposed,J02-NE-HIGH,24,0.9062,2.9114468085106378,0.22,0.9329878748972268,2.906511926207541,0.027238636251745253,1
proposed,J02-NE-HIGH,25,0.9062,2.9114468085106378,0.22,0.8777173096512257,2.8879012762239094,0.036954779666093646,1
proposed,J02-NE-HIGH,26,0.9062,2.9114468085106378,0.22,0.8656417896387608,2.8412717259835665,0.08105251776094186,1
proposed,J02-NE-HIGH,27,0.9062,2.9114468085106378,0.22,0.8333541477735582,2.891860074234918,0.0754331382496065,1
proposed,J02-NE-HIGH,28,0.9062,2.9114468085106378,0.22,0.8943422857396525,2.8569054864243104,0.05581542082977201,1
proposed,J02-NE-HIGH,29,0.9062,2.9114468085106378,0.22,0.8547358453218449,2.870406488614721,0.06582451727051437,1
proposed,J02-NE-HIGH,30,0.9062,2.9114468085106378,0.22,0.8660280455498564,2.870709613028392,0.05721280468656591,1
proposed,J02-NE-HIGH,31,0.9062,2.9114468085106378,0.22,0.8114026217380261,2.86380266130515,0.10609669027958388,1
proposed,J02-NE-HIGH,32,0.9062,2.9114468085106378,0.22,0.9046087537285289,2.8754522283969344,0.036029735806112725,1
proposed,J02-NE-HIGH,33,0.9062,2.9114468085106378,0.22,0.8418684790010688,2.8434645179447475,0.09359560045547578,1
proposed,J02-NE-HIGH,34,0.9062,2.9114468085106378,0.22,0.8732311468004124,2.899382854536427,0.03510675528709302,1
proposed,J02-NE-HIGH,35,0.9062,2.9114468085106378,0.22,0.8321077566652665,2.843076937945235,0.10081715986628101,1
proposed,J02-NE-HIGH,36,0.9062,2.9114468085106378,0.22,0.9002556202866553,2.83830459078669,0.0733833745732218,1
proposed,J02-NE-HIGH,37,0.9062,2.9114468085106378,0.22,0.8878545576059039,2.882225306597384,0.03450291916202733,1
proposed,J02-NE-HIGH,38,0.9062,2.9114468085106378,0.22,0.8197152843951686,2.8992610164063506,0.08733899222258908,1
proposed,J02-NE-HIGH,39,0.9062,2.9114468085106378,0.22,0.8602668754199309,2.9153988483837288,0.04610282586617282,1
proposed,J02-NE-HIGH,40,0.9062,2.9114468085106378,0.22,0.8309148935845935,2.836084239917557,0.10652400665073526,0
proposed,J02-NE-HIGH,41,0.9062,2.9114468085106378,0.22,0.8369167702527771,2.856173141469246,0.08863037962464726,1
proposed,J02-NE-HIGH,42,0.9062,2.9114468085106378,0.22,0.8860923586833844,2.86539002347119,0.05025479765641849,1
proposed,J02-NE-HIGH,43,0.9062,2.9114468085106378,0.22,0.8578480816313656,2.8762298996085116,0.05981754493915423,1
proposed,J02-NE-HIGH,44,0.9062,2.9114468085106378,0.22,0.8232147658998813,2.8733872892976167,0.09129663784268195,1
proposed,J02-NE-HIGH,45,0.9062,2.9114468085106378,0.22,0.8909633917788852,2.8472930222811703,0.06593832358848646,1
proposed,J02-NE-HIGH,46,0.9062,2.9114468085106378,0.22,0.8454494122121572,2.9074502532246234,0.06088190511738743,1
proposed,J02-NE-HIGH,47,0.9062,2.9114468085106378,0.22,0.8683344140196948,2.816507914137275,0.1022115270723828,1
proposed,J02-NE-HIGH,48,0.9062,2.9114468085106378,0.22,0.8865659264047521,2.862578074937162,0.05266545325940887,1
proposed,J02-NE-HIGH,49,0.9062,2.9114468085106378,0.22,0.8775282686040244,2.7907927305565234,0.1240140101286966,1
proposed,J02-NE-HIGH,50,0.9062,2.9114468085106378,0.22,0.8773196486372604,2.8938542749381257,0.0338167404155879,1
proposed,J02-NE-HIGH,51,0.9062,2.9114468085106378,0.22,0.8365183550107888,2.8410004628512553,0.09908692782180537,1
proposed,J02-NE-HIGH,52,0.9062,2.9114468085106378,0.22,0.8702595649637478,2.8928550592320836,0.040464404256478105,1
proposed,J02-NE-HIGH,53,0.9062,2.9114468085106378,0.22,0.8693028482029251,2.8451693920262326,0.0758557561862228,1
proposed,J02-NE-HIGH,54,0.9062,2.9114468085106378,0.22,0.8879875786137987,2.8599940477095585,0.05458093885965726,1
proposed,J02-NE-HIGH,55,0.9062,2.9114468085106378,0.22,0.8776257373329193,2.870537427310833,0.049900560689417686,1
proposed,J02-NE-HIGH,56,0.9062,2.9114468085106378,0.22,0.872251686837903,2.8804931201147643,0.04594147137239553,1
proposed,J02-NE-HIGH,57,0.9062,2.9114468085106378,0.22,0.8884510654201867,2.8671129919216165,0.04775470628186784,1
proposed,J02-NE-HIGH,58,0.9062,2.9114468085106378,0.22,0.8803799998056019,2.811043427389338,0.10367020473900741,1
proposed,J02-NE-HIGH,59,0.9062,2.9114468085106378,0.22,0.8378365189502823,2.828408054652094,0.10755928683110037,1
proposed,J02-NE-HIGH,60,0.9062,2.9114468085106378,0.22,0.9009510746497916,2.874029636430863,0.037783541175749356,0
proposed,J02-SE-HIGH,1,0.9062,2.0285531914893613,0.22,0.8604836058638692,2.002739091478651,0.05250101382043031,1
proposed,J02-SE-HIGH,2,0.9062,2.0285531914893613,0.22,0.857479109814499,1.9956345121313304,0.05879935876473907,1
proposed,J02-SE-HIGH,3,0.9062,2.0285531914893613,0.22,0.8757938331070849,1.9522016132903715,0.08218332238718673,1
proposed,J02-SE-HIGH,4,0.9062,2.0285531914893613,0.22,0.9095687093972897,2.011372389853353,0.017507945278051856,1
proposed,J02-SE-HIGH,5,0.9062,2.0285531914893613,0.22,0.8488643136932384,2.0081142614981466,0.060869785472376516,1
proposed,J02-SE-HIGH,6,0.9062,2.0285531914893613,0.22,0.8627683021147342,1.9634510773880456,0.0782598085971192,1
proposed,J02-SE-HIGH,7,0.9062,2.0285531914893613,0.22,0.8583477366037966,1.9737363586521104,0.07276485603948336,1
proposed,J02-SE-HIGH,8,0.9062,2.0285531914893613,0.22,0.8611824184209305,1.9947028021123845,0.05632434209292752,0
proposed,J02-SE-HIGH,9,0.9062,2.0285531914893613,0.22,0.8570828274733374,1.9855700045173117,0.06526906617447589,1
proposed,J02-SE-HIGH,10,0.9062,2.0285531914893613,0.22,0.8391470317689442,1.9847358706592295,0.0801003005819933,1
proposed,J02-SE-HIGH,11,0.9062,2.0285531914893613,0.22,0.843259647539142,1.9447597343061347,0.10479900493141274,1
proposed,J02-SE-HIGH,12,0.9062,2.0285531914893613,0.22,0.9089270806741642,1.9610707732742871,0.06753749874815897,1
proposed,J02-SE-HIGH,13,0.9062,2.0285531914893613,0.22,0.9212443053816807,1.9823246841624045,0.0486148744120127,1
proposed,J02-SE-HIGH,14,0.9062,2.0285531914893613,0.22,0.8408658443580347,1.9855328619580133,0.07822595890389791,1
proposed,J02-SE-HIGH,15,0.9062,2.0285531914893613,0.22,0.8836976186577231,2.020488673209772,0.02390384113809071,1
proposed,J02-SE-HIGH,16,0.9062,2.0285531914893613,0.22,0.841759951198617,2.04361159878715,0.06617609477651816,1
proposed,J02-SE-HIGH,17,0.9062,2.0285531914893613,0.22,0.85218338192159,1.929408974872575,0.112904254646072,1
proposed,J02-SE-HIGH,18,0.9062,2.0285531914893613,0.22,0.8276459611446286,1.9899166114327815,0.08754154635919846,1
proposed,J02-SE-HIGH,19,0.9062,2.0285531914893613,0.22,0.8373777539929856,1.991464651252391,0.07817967358821197,1
proposed,J02-SE-HIGH,20,0.9062,2.0285531914893613,0.22,0.8515390085354616,1.9308545906597927,0.11195017012913255,1
proposed,J02-SE-HIGH,21,0.9062,2.0285531914893613,0.22,0.857227606773326,1.9766894505397838,0.071331219838391,1
proposed,J02-SE-HIGH,22,0.9062,2.0285531914893613,0.22,0.8561991418936384,1.9725573208040692,0.07507078889405958,1
proposed,J02-SE-HIGH,23,0.9062,2.0285531914893613,0.22,0.8816461527574868,2.0062838078673715,0.033148406617996305,1
proposed,J02-SE-HIGH,24,0.9062,2.0285531914893613,0.22,0.8913246750001454,1.9714681054484386,0.05899137515053231,1
proposed,J02-SE-HIGH,25,0.9062,2.0285531914893613,0.22,0.8893673112163131,1.991753261585655,0.04046695259846182,1
proposed,J02-SE-HIGH,26,0.9062,2.0285531914893613,0.22,0.8866513136659362,2.0129909324072655,0.024986697363314908,1
proposed,J02-SE-HIGH,27,0.9062,2.0285531914893613,0.22,0.8784551173224112,1.9913670818006022,0.046395961770154,1
proposed,J02-SE-HIGH,28,0.9062,2.0285531914893613,0.22,0.8256223040297448,1.984122524278401,0.0920154838963855,1
proposed,J02-SE-HIGH,29,0.9062,2.0285531914893613,0.22,0.8660001070607044,1.9713908415232884,0.06988251316298397,0
proposed,J02-SE-HIGH,30,0.9062,2.0285531914893613,0.22,0.8671890243792779,2.0126372059887685,0.04213282346740667,1
proposed,J02-SE-HIGH,31,0.9062,2.0285531914893613,0.22,0.8616103801684808,1.9990528957548848,0.05346495716954224,1
proposed,J02-SE-HIGH,32,0.9062,2.0285531914893613,0.22,0.8714616722619193,2.0039395191405363,0.042574455727978765,1
proposed,J02-SE-HIGH,33,0.9062,2.0285531914893613,0.22,0.9151996813853137,2.021313279175462,0.011550350442740382,1
proposed,J02-SE-HIGH,34,0.9062,2.0285531914893613,0.22,0.8840434341578741,1.9855075096251649,0.04841326406130937,1
proposed,J02-SE-HIGH,35,0.9062,2.0285531914893613,0.22,0.8388669274088604,1.9443210722824562,0.10783687945526776,1
proposed,J02-SE-HIGH,36,0.9062,2.0285531914893613,0.22,0.8291311454383514,2.0379864582162646,0.07764402658663086,1
proposed,J02-SE-HIGH,37,0.9062,2.0285531914893613,0.22,0.9185138688501844,1.965326265109895,0.06441487084093227,1
proposed,J02-SE-HIGH,38,0.9062,2.0285531914893613,0.22,0.889351485775494,1.9926522544141503,0.039657908599063076,1
proposed,J02-SE-HIGH,39,0.9062,2.0285531914893613,0.22,0.8760151861846697,2.0293846716638253,0.03019626374813089,1
proposed,J02-SE-HIGH,40,0.9062,2.0285531914893613,0.22,0.8630733643119699,1.9556722710640702,0.084684917593428,1
proposed,J02-SE-HIGH,41,0.9062,2.0285531914893613,0.22,0.8722445558157667,1.9567593772033611,0.07941866253898557,1
proposed,J02-SE-HIGH,42,0.9062,2.0285531914893613,0.22,0.9022156215681214,1.9816377133189602,0.04708436432029003,1
proposed,J02-SE-HIGH,43,0.9062,2.0285531914893613,0.22,0.8492757077639324,1.9933444974727361,0.06693300516885202,1
proposed,J02-SE-HIGH,44,0.9062,2.0285531914893613,0.22,0.8727970654264429,1.9581546681747044,0.0779211660783489,1
proposed,J02-SE-HIGH,45,0.9062,2.0285531914893613,0.22,0.8338997158128915,2.0208858230141806,0.07270570564179163,1
proposed,J02-SE-HIGH,46,0.9062,2.0285531914893613,0.22,0.890258328188385,1.9763806867931373,0.05455370882375238,1
proposed,J02-SE-HIGH,47,0.9062,2.0285531914893613,0.22,0.9278453415738765,1.9874139909894601,0.046486069199501656,1
proposed,J02-SE-HIGH,48,0.9062,2.0285531914893613,0.22,0.9035604083597992,1.9733423625765802,0.055273891425006424,1
proposed,J02-SE-HIGH,49,0.9062,2.0285531914893613,0.22,0.8571212914292101,1.9510849810740918,0.09170628800644479,1
proposed,J02-SE-HIGH,50,0.9062,2.0285531914893613,0.22,0.8405506134173851,1.9704846988957427,0.08764583156527611,0
proposed,J02-SE-HIGH,51,0.9062,2.0285531914893613,0.22,0.8666750399239188,1.9421793170832022,0.09498772893877795,1
proposed,J02-SE-HIGH,52,0.9062,2.0285531914893613,0.22,0.8784865231019191,1.9329024042601688,0.09958468707258522,1
proposed,J02-SE-HIGH,53,0.9062,2.0285531914893613,0.22,0.874013080883513,1.9725774112954875,0.06457000643119182,1
proposed,J02-SE-HIGH,54,0.9062,2.0285531914893613,0.22,0.8577153740910596,1.935499489995634,0.10492735730596486,1
proposed,J02-SE-HIGH,55,0.9062,2.0285531914893613,0.22,0.8663279958692323,2.018154540891569,0.04120568707907841,1
proposed,J02-SE-HIGH,56,0.9062,2.0285531914893613,0.22,0.8862321420713549,2.0143312417522092,0.024514877209250593,1
proposed,J02-SE-HIGH,57,0.9062,2.0285531914893613,0.22,0.8521840517754585,1.9932590781536343,0.06452439150237285,1
proposed,J02-SE-HIGH,58,0.9062,2.0285531914893613,0.22,0.8431879175330401,2.0025435289109907,0.06816909185447348,1
proposed,J02-SE-HIGH,59,0.9062,2.0285531914893613,0.22,0.8598085539709761,1.9751036264214237,0.07077444645220149,1
proposed,J02-SE-HIGH,60,0.9062,2.0285531914893613,0.22,0.884699413655579,2.0091560831276847,0.028957262058912397,1
proposed,J02-SW-HIGH,1,0.0788,2.0285531914893613,0.22,0.04676571930297791,1.9580503273228402,0.07743932460616197,1
proposed,J02-SW-HIGH,2,0.0788,2.0285531914893613,0.22,0.023921771478687986,1.9877232686621698,0.06840104212445715,1
proposed,J02-SW-HIGH,3,0.0788,2.0285531914893613,0.22,0.020456972495970706,2.008114605709521,0.061819452011610404,1
proposed,J02-SW-HIGH,4,0.0788,2.0285531914893613,0.22,0.04520272408864222,1.9734356647073972,0.06455012553995876,1
proposed,J02-SW-HIGH,5,0.0788,2.0285531914893613,0.22,0.051238288993159214,1.9768294433301357,0.05860882217946038,1
proposed,J02-SW-HIGH,6,0.0788,2.0285531914893613,0.22,0.016703115156746197,2.0152662474663816,0.06350248805130487,1
proposed,J02-SW-HIGH,7,0.0788,2.0285531914893613,0.22,0.1268755204160089,2.0144437503769907,0.05010321338770142,1
proposed,J02-SW-HIGH,8,0.0788,2.0285531914893613,0.22,0.027805412724507927,1.9489912844415669,0.09450156075155404,1
proposed,J02-SW-HIGH,9,0.0788,2.0285531914893613,0.22,0.06421809526893857,2.0315841168337085,0.014893570895818034,1
proposed,J02-SW-HIGH,10,0.0788,2.0285531914893613,0.22,0.061121018381260765,2.002660216966058,0.031352711537284104,1
proposed,J02-SW-HIGH,11,0.0788,2.0285531914893613,0.22,0.01587272894305856,2.0022626252852045,0.06819849935305711,0
proposed,J02-SW-HIGH,12,0.0788,2.0285531914893613,0.22,0.09105031464020494,1.947988728113158,0.08149050845270028,1
proposed,J02-SW-HIGH,13,0.0788,2.0285531914893613,0.22,0.0629994383291382,1.9837904423366772,0.04746958458656265,1
proposed,J02-SW-HIGH,14,0.0788,2.0285531914893613,0.22,0.03290907094359672,2.0569642634578496,0.05397375640122204,1
proposed,J02-SW-HIGH,15,0.0788,2.0285531914893613,0.22,0.06472646295181968,2.01240843231593,0.02141769581011461,1
proposed,J02-SW-HIGH,16,0.0788,2.0285531914893613,0.22,0.014267904122121682,1.995439287031353,0.07253221399382329,0
proposed,J02-SW-HIGH,17,0.0788,2.0285531914893613,0.22,0.08379481511838206,1.9913701295011772,0.03751703982037975,1
proposed,J02-SW-HIGH,18,0.0788,2.0285531914893613,0.22,0.0022842705150814963,1.9767691660994855,0.09239178612944188,1
proposed,J02-SW-HIGH,19,0.0788,2.0285531914893613,0.22,0.05166717687608186,2.032159682449856,0.027371460825501348,1
proposed,J02-SW-HIGH,20,0.0788,2.0285531914893613,0.22,0.03520000487584195,2.0244524734129836,0.04379241331062421,1
proposed,J02-SW-HIGH,21,0.0788,2.0285531914893613,0.22,0.06486349338277855,2.024105839768805,0.014628914997982263,1
proposed,J02-SW-HIGH,22,0.0788,2.0285531914893613,0.22,0.04556584933534242,1.9708623823219442,0.06657881219121062,1
proposed,J02-SW-HIGH,23,0.0788,2.0285531914893613,0.22,0.033711358883742486,1.988580227726941,0.060256314106178335,1
proposed,J02-SW-HIGH,24,0.0788,2.0285531914893613,0.22,0.02812897513374208,1.9388407411246886,0.10303337571598238,0
proposed,J02-SW-HIGH,25,0.0788,2.0285531914893613,0.22,0.018181065010645203,2.0029199079277302,0.06581580741276831,1
proposed,J02-SW-HIGH,26,0.0788,2.0285531914893613,0.22,0.04201688266801404,1.9838141979442498,0.05791869528993355,1
proposed,J02-SW-HIGH,27,0.0788,2.0285531914893613,0.22,0.04419087914808196,1.9978883335908937,0.046239861116528884,1
proposed,J02-SW-HIGH,28,0.0788,2.0285531914893613,0.22,0.04283524019225837,2.0126590514208784,0.039320320911013694,0
proposed,J02-SW-HIGH,29,0.0788,2.0285531914893613,0.22,0.038623162141937166,1.984674733725603,0.05949367492430597,1
proposed,J02-SW-HIGH,30,0.0788,2.0285531914893613,0.22,0.054301234927144656,1.9758295246337028,0.058137548424416936,1
proposed,J02-SW-HIGH,31,0.0788,2.0285531914893613,0.22,0.011219106669296437,1.9914603044108066,0.07709124084614506,1
proposed,J02-SW-HIGH,32,0.0788,2.0285531914893613,0.22,0.06297047000317499,1.9517828392034604,0.07838533670286627,1
proposed,J02-SW-HIGH,33,0.0788,2.0285531914893613,0.22,0.0317651837728662,1.9879035198482216,0.06216646798759545,1
proposed,J02-SW-HIGH,34,0.0788,2.0285531914893613,0.22,0.05953265056720655,1.9794592193229958,0.0527394430880459,1
proposed,J02-SW-HIGH,35,0.0788,2.0285531914893613,0.22,0.039803136861837764,1.9826835553612907,0.060206136341224854,1
proposed,J02-SW-HIGH,36,0.0788,2.0285531914893613,0.22,0.0771410147400467,1.990423372583773,0.03816589212720832,1
proposed,J02-SW-HIGH,37,0.0788,2.0285531914893613,0.22,0.013706181414653674,1.9811994505129338,0.08049585084018039,1
proposed,J02-SW-HIGH,38,0.0788,2.0285531914893613,0.22,0.10761600157917736,1.9608086157167124,0.07361854042038135,1
proposed,J02-SW-HIGH,39,0.0788,2.0285531914893613,0.22,0.027634833118658005,1.9767387829193246,0.07281900327152432,1
proposed,J02-SW-HIGH,40,0.0788,2.0285531914893613,0.22,0.030093611721510385,1.980767397086743,0.06823338190229397,0
proposed,J02-SW-HIGH,41,0.0788,2.0285531914893613,0.22,0.06607428389284589,1.9601365953890477,0.06959004578525096,0
proposed,J02-SW-HIGH,42,0.0788,2.0285531914893613,0.22,0.006431641943434457,1.976080198092837,0.0893901240842351,1
proposed,J02-SW-HIGH,43,0.0788,2.0285531914893613,0.22,0.0007307964292312188,2.0094853283891214,0.08036407125938572,1
proposed,J02-SW-HIGH,44,0.0788,2.0285531914893613,0.22,0.05927406344949475,2.033272589993735,0.020088178623694105,1
proposed,J02-SW-HIGH,45,0.0788,2.0285531914893613,0.22,0.061685430894755394,1.9403799257840433,0.08981889144717166,1
proposed,J02-SW-HIGH,46,0.0788,2.0285531914893613,0.22,0.018057425143014224,1.9825927797793166,0.07617099083518171,1
proposed,J02-SW-HIGH,47,0.0788,2.0285531914893613,0.22,0.03477817435120989,1.9590326693197118,0.0822862329687853,1
proposed,J02-SW-HIGH,48,0.0788,2.0285531914893613,0.22,-0.07270380308999025,1.9725206171285146,0.16153343845852583,1
proposed,J02-SW-HIGH,49,0.0788,2.0285531914893613,0.22,-0.014518506418625364,1.9556647476632008,0.11841059447364659,1
proposed,J02-SW-HIGH,50,0.0788,2.0285531914893613,0.22,0.05508862428419449,1.9825835830136573,0.05172459996699448,1
proposed,J02-SW-HIGH,51,0.0788,2.0285531914893613,0.22,0.0107825449664186,1.9897870229372843,0.07828914365001902,0
proposed,J02-SW-HIGH,52,0.0788,2.0285531914893613,0.22,0.01756607795109738,1.989786304956521,0.07247388978757245,1
proposed,J02-SW-HIGH,53,0.0788,2.0285531914893613,0.22,0.05334194373617207,1.983958561385051,0.05134971920928572,0
proposed,J02-SW-HIGH,54,0.0788,2.0285531914893613,0.22,0.022211401622190912,1.9781282668423843,0.07579539888422177,1
proposed,J02-SW-HIGH,55,0.0788,2.0285531914893613,0.22,0.04035587900401316,2.0453546735905364,0.041955217076666176,1
proposed,J02-SW-HIGH,56,0.0788,2.0285531914893613,0.22,0.05890819472745636,1.975187469522502,0.056952473151259404,1
proposed,J02-SW-HIGH,57,0.0788,2.0285531914893613,0.22,0.033756148489370655,1.928406388487515,0.10981043079053199,1
proposed,J02-SW-HIGH,58,0.0788,2.0285531914893613,0.22,0.06229208216377354,2.059170992055918,0.03478449457475314,1
proposed,J02-SW-HIGH,59,0.0788,2.0285531914893613,0.22,0.005729887538821726,1.9887219219162386,0.08322121947493924,1
proposed,J02-SW-HIGH,60,0.0788,2.0285531914893613,0.22,0.0465648939021501,1.9299840206921184,0.10370623653761468,1
proposed,J03-NW-HIGH,1,3.0338,0.9669787234042552,0.22,2.986040286102696,0.9831255242145482,0.05041536916417074,1
proposed,J03-NW-HIGH,2,3.0338,0.9669787234042552,0.22,2.9779075610504435,0.8547008222254129,0.12542046015246378,1
proposed,J03-NW-HIGH,3,3.0338,0.9669787234042552,0.22,3.0122298325561725,0.9220327868356637,0.04985387986488712,1
proposed,J03-NW-HIGH,4,3.0338,0.9669787234042552,0.22,2.9751598544893576,0.91361397197352,0.07928722066495611,1
proposed,J03-NW-HIGH,5,3.0338,0.9669787234042552,0.22,2.9807423057731883,0.9596834649738436,0.05355688295851727,1
proposed,J03-NW-HIGH,6,3.0338,0.9669787234042552,0.22,3.00259393892709,0.8539504191455624,0.11725705015597919,1
proposed,J03-NW-HIGH,7,3.0338,0.9669787234042552,0.22,3.000643728744311,0.9188616343831773,0.05843451530938855,1
proposed,J03-NW-HIGH,8,3.0338,0.9669787234042552,0.22,2.9956920703782752,0.9613371767619501,0.03852325724249728,1
proposed,J03-NW-HIGH,9,3.0338,0.9669787234042552,0.22,2.965847376997627,0.9557206025352825,0.06887891011335041,1
proposed,J03-NW-HIGH,10,3.0338,0.9669787234042552,0.22,2.9917069269820473,0.882513796843858,0.09437240388454651,1
proposed,J03-NW-HIGH,11,3.0338,0.9669787234042552,0.22,3.004398841877912,0.8666615347898362,0.10453691419982189,1
proposed,J03-NW-HIGH,12,3.0338,0.9669787234042552,0.22,2.9707429719572493,0.8962204981736055,0.09477824235221693,1
proposed,J03-NW-HIGH,13,3.0338,0.9669787234042552,0.22,3.0624874587998336,0.8937719810808432,0.07862695093922056,1
proposed,J03-NW-HIGH,14,3.0338,0.9669787234042552,0.22,2.986082856034075,0.8834266051377736,0.09621788968316096,1
proposed,J03-NW-HIGH,15,3.0338,0.9669787234042552,0.22,3.0599701131643156,0.9203659515365423,0.053456761258278016,1
proposed,J03-NW-HIGH,16,3.0338,0.9669787234042552,0.22,2.9707832537366676,0.896717662141808,0.09438075566206568,1
proposed,J03-NW-HIGH,17,3.0338,0.9669787234042552,0.22,3.026419724250381,0.9243339125200296,0.04327872878784417,1
proposed,J03-NW-HIGH,18,3.0338,0.9669787234042552,0.22,2.964270556384895,0.918355321588866,0.0848444384360391,1
proposed,J03-NW-HIGH,19,3.0338,0.9669787234042552,0.22,2.9608166317416846,0.9286508998361926,0.0824353935017804,1
proposed,J03-NW-HIGH,20,3.0338,0.9669787234042552,0.22,3.0326537011706387,0.9431241944230891,0.023882055060640915,1
proposed,J03-NW-HIGH,21,3.0338,0.9669787234042552,0.22,2.996547911659521,0.9178210627016413,0.0616781459795944,1
proposed,J03-NW-HIGH,22,3.0338,0.9669787234042552,0.22,2.9983962457566973,0.88745159377447,0.0870516522627389,0
proposed,J03-NW-HIGH,23,3.0338,0.9669787234042552,0.22,3.0034801821059918,0.9404501449091728,0.04028717952519833,1
proposed,J03-NW-HIGH,24,3.0338,0.9669787234042552,0.22,3.009216181610935,0.9305771169174972,0.04392540359977693,1
proposed,J03-NW-HIGH,25,3.0338,0.9669787234042552,0.22,2.9878799348742473,0.888997528568784,0.0904970669641899,1
proposed,J03-NW-HIGH,26,3.0338,0.9669787234042552,0.22,2.997555361162836,0.8996403400054805,0.07647307842108113,1
proposed,J03-NW-HIGH,27,3.0338,0.9669787234042552,0.22,2.9841643706826435,0.892617596597294,0.0894051054343708,1
proposed,J03-NW-HIGH,28,3.0338,0.9669787234042552,0.22,2.991610684623067,0.9429744421291713,0.04854012619995609,1
proposed,J03-NW-HIGH,29,3.0338,0.9669787234042552,0.22,2.9968466879317956,0.9318941194217794,0.05095563471704815,1
proposed,J03-NW-HIGH,30,3.0338,0.9669787234042552,0.22,2.9940037718852617,0.9453730128915634,0.04528296035948307,1
proposed,J03-NW-HIGH,31,3.0338,0.9669787234042552,0.22,2.96541836598746,0.9029036235410848,0.09371054525879252,1
proposed,J03-NW-HIGH,32,3.0338,0.9669787234042552,0.22,3.0215644321687734,0.9208932927896643,0.0476820305260254,1
proposed,J03-NW-HIGH,33,3.0338,0.9669787234042552,0.22,3.0171713211099234,0.8953894889891512,0.07349511171343294,1
proposed,J03-NW-HIGH,34,3.0338,0.9669787234042552,0.22,2.9698963779688605,0.952376935521481,0.06555063018821593,1
proposed,J03-NW-HIGH,35,3.0338,0.9669787234042552,0.22,3.0225538685953293,0.9185552779955751,0.04971222723655151,1
proposed,J03-NW-HIGH,36,3.0338,0.9669787234042552,0.22,2.9473859587188413,0.9395739668615696,0.09065543123114925,1
proposed,J03-NW-HIGH,37,3.0338,0.9669787234042552,0.22,3.007053827510432,0.9384182446231645,0.039128745073754134,1
proposed,J03-NW-HIGH,38,3.0338,0.9669787234042552,0.22,2.9985353185838557,0.9765528404657962,0.036541229767075877,1
proposed,J03-NW-HIGH,39,3.0338,0.9669787234042552,0.22,2.9392590976772093,0.8974819396882414,0.11733620566081818,1
proposed,J03-NW-HIGH,40,3.0338,0.9669787234042552,0.22,2.9882779997331186,0.9288366143113589,0.05938916563105039,1
proposed,J03-NW-HIGH,41,3.0338,0.9669787234042552,0.22,2.9760548620712894,0.9371028598643952,0.06501590710478566,1
proposed,J03-NW-HIGH,42,3.0338,0.9669787234042552,0.22,2.973132905482729,0.9172925102201065,0.07841693782435115,1
proposed,J03-NW-HIGH,43,3.0338,0.9669787234042552,0.22,2.9727657578240803,0.8940242885268522,0.09511849602611484,1
proposed,J03-NW-HIGH,44,3.0338,0.9669787234042552,0.22,2.9629751359295344,0.8988372441527885,0.09828236141433495,1
proposed,J03-NW-HIGH,45,3.0338,0.9669787234042552,0.22,2.973581490271254,0.8889761572499463,0.09854272799455262,1
proposed,J03-NW-HIGH,46,3.0338,0.9669787234042552,0.22,3.041625144249882,0.9246124952955285,0.043082829139833995,1
proposed,J03-NW-HIGH,47,3.0338,0.9669787234042552,0.22,2.9752161504554344,0.9431625026934719,0.06323985923770718,1
proposed,J03-NW-HIGH,48,3.0338,0.9669787234042552,0.22,3.008688339480862,0.953852139070235,0.028335537939248194,1
proposed,J03-NW-HIGH,49,3.0338,0.9669787234042552,0.22,3.0096821827591076,0.9011011930812307,0.07015353241231752,1
proposed,J03-NW-HIGH,50,3.0338,0.9669787234042552,0.22,3.005156086937219,0.9193852270793594,0.05554830913696655,1
proposed,J03-NW-HIGH,51,3.0338,0.9669787234042552,0.22,2.965120127388325,0.9114431831001101,0.08832395563395704,1
proposed,J03-NW-HIGH,52,3.0338,0.9669787234042552,0.22,2.9787182307962277,0.8935606523904066,0.09178351949022294,1
proposed,J03-NW-HIGH,53,3.0338,0.9669787234042552,0.22,2.9615669331720365,0.9762543435758211,0.0728261839789796,1
proposed,J03-NW-HIGH,54,3.0338,0.9669787234042552,0.22,2.9634330483985676,0.9761411469102736,0.07096096026817808,1
proposed,J03-NW-HIGH,55,3.0338,0.9669787234042552,0.22,2.9707078592311515,0.9400510093408804,0.06859825079019902,1
proposed,J03-NW-HIGH,56,3.0338,0.9669787234042552,0.22,2.9925289636105705,0.8973159749867221,0.08097034618761428,1
proposed,J03-NW-HIGH,57,3.0338,0.9669787234042552,0.22,2.9815413767734325,0.9338204223935833,0.06189052130537155,1
proposed,J03-NW-HIGH,58,3.0338,0.9669787234042552,0.22,2.9341194402088995,0.9129054873295287,0.11340250817270416,1
proposed,J03-NW-HIGH,59,3.0338,0.9669787234042552,0.22,2.9719302576559743,0.8723904622750964,0.11302567921120417,1
proposed,J03-NW-HIGH,60,3.0338,0.9669787234042552,0.22,2.9894632314676155,0.9432918457866845,0.050267456820133616,1
proposed,J03-NE-HIGH,1,3.8611999999999997,0.9669787234042552,0.22,3.8441792539331474,0.9031347768334372,0.06607386253587513,1
proposed,J03-NE-HIGH,2,3.8611999999999997,0.9669787234042552,0.22,3.868548125057725,0.9200408538458505,0.04750956262212671,1
proposed,J03-NE-HIGH,3,3.8611999999999997,0.9669787234042552,0.22,3.807308894541162,0.9617736233383078,0.05414189056795211,1
proposed,J03-NE-HIGH,4,3.8611999999999997,0.9669787234042552,0.22,3.8255635872246057,0.8923843632303831,0.08266965879479381,1
proposed,J03-NE-HIGH,5,3.8611999999999997,0.9669787234042552,0.22,3.8296405055931655,0.9531237422962345,0.03446682736659427,1
proposed,J03-NE-HIGH,6,3.8611999999999997,0.9669787234042552,0.22,3.843939209209794,0.9151098550975315,0.054665477205668736,1
proposed,J03-NE-HIGH,7,3.8611999999999997,0.9669787234042552,0.22,3.822633573258148,0.9116424549429136,0.06744977300821921,1
proposed,J03-NE-HIGH,8,3.8611999999999997,0.9669787234042552,0.22,3.853922546983462,0.9001370432535585,0.06723668290283182,1
proposed,J03-NE-HIGH,9,3.8611999999999997,0.9669787234042552,0.22,3.850421384314692,0.9174548501136061,0.05068325741110009,1
proposed,J03-NE-HIGH,10,3.8611999999999997,0.9669787234042552,0.22,3.837241393661334,0.9525542475546229,0.027965699011964353,1
proposed,J03-NE-HIGH,11,3.8611999999999997,0.9669787234042552,0.22,3.823278794287591,0.9093028922526092,0.06902549776507229,1
proposed,J03-NE-HIGH,12,3.8611999999999997,0.9669787234042552,0.22,3.831757461352895,0.9529875757623357,0.03259778051224101,1
proposed,J03-NE-HIGH,13,3.8611999999999997,0.9669787234042552,0.22,3.8595275499200232,0.8986919899477407,0.06830721085969671,1
proposed,J03-NE-HIGH,14,3.8611999999999997,0.9669787234042552,0.22,3.804082006447006,0.9093957325897809,0.08110651033461917,1
proposed,J03-NE-HIGH,15,3.8611999999999997,0.9669787234042552,0.22,3.8327045292413713,0.9423596785301518,0.03765752546661776,1
proposed,J03-NE-HIGH,16,3.8611999999999997,0.9669787234042552,0.22,3.8100825637675295,0.9205162970737375,0.06907784990501255,1
proposed,J03-NE-HIGH,17,3.8611999999999997,0.9669787234042552,0.22,3.8403528903073787,0.9075775951122024,0.06295312561664504,1
proposed,J03-NE-HIGH,18,3.8611999999999997,0.9669787234042552,0.22,3.861818353913526,0.900613917792374,0.06636768630489652,0
proposed,J03-NE-HIGH,19,3.8611999999999997,0.9669787234042552,0.22,3.8331657204289202,0.9662973004912307,0.028042559944766825,1
proposed,J03-NE-HIGH,20,3.8611999999999997,0.9669787234042552,0.22,3.797851647932188,0.9216743840141115,0.07788129992035799,1
proposed,J03-NE-HIGH,21,3.8611999999999997,0.9669787234042552,0.22,3.8150622190295267,0.9638974165049528,0.04624055887515887,1
proposed,J03-NE-HIGH,22,3.8611999999999997,0.9669787234042552,0.22,3.815769382044019,0.9330925881878896,0.056676372570623135,1
proposed,J03-NE-HIGH,23,3.8611999999999997,0.9669787234042552,0.22,3.8457378561326454,0.9514658169067217,0.021902697573038327,1
proposed,J03-NE-HIGH,24,3.8611999999999997,0.9669787234042552,0.22,3.830833154863862,0.947246745177967,0.03621458612555014,1
proposed,J03-NE-HIGH,25,3.8611999999999997,0.9669787234042552,0.22,3.8006750111066556,0.894958496854055,0.09407543416259943,1
proposed,J03-NE-HIGH,26,3.8611999999999997,0.9669787234042552,0.22,3.811181393641685,0.9098835484653731,0.0759059943833792,1
proposed,J03-NE-HIGH,27,3.8611999999999997,0.9669787234042552,0.22,3.8319763168693353,0.9392169478132445,0.04030806172079129,1
proposed,J03-NE-HIGH,28,3.8611999999999997,0.9669787234042552,0.22,3.802390079974017,0.8746868642737526,0.10943671209985703,1
proposed,J03-NE-HIGH,29,3.8611999999999997,0.9669787234042552,0.22,3.78979370931894,0.9013485072950203,0.09698548146693338,1
proposed,J03-NE-HIGH,30,3.8611999999999997,0.9669787234042552,0.22,3.788633808959016,0.9608841555700884,0.07282167149469854,1
proposed,J03-NE-HIGH,31,3.8611999999999997,0.9669787234042552,0.22,3.8220887358264446,0.9134329989382073,0.06630863890812069,1
proposed,J03-NE-HIGH,32,3.8611999999999997,0.9669787234042552,0.22,3.804995103849875,0.946074015593256,0.0599666337216754,1
proposed,J03-NE-HIGH,33,3.8611999999999997,0.9669787234042552,0.22,3.8149488143331016,0.9130964569652376,0.07101035707697269,1
proposed,J03-NE-HIGH,34,3.8611999999999997,0.9669787234042552,0.22,3.782834003252444,0.9017224713863127,0.10197846769621102,1
proposed,J03-NE-HIGH,35,3.8611999999999997,0.9669787234042552,0.22,3.8592381116481964,0.9238348968470488,0.04318841020347066,1
proposed,J03-NE-HIGH,36,3.8611999999999997,0.9669787234042552,0.22,3.8398246161355045,0.9420768158469894,0.0328178615291297,1
proposed,J03-NE-HIGH,37,3.8611999999999997,0.9669787234042552,0.22,3.815984157529514,0.9221753421259803,0.0636538717147845,1
proposed,J03-NE-HIGH,38,3.8611999999999997,0.9669787234042552,0.22,3.7732348930460495,0.8926318228776444,0.11517517813892737,1
proposed,J03-NE-HIGH,39,3.8611999999999997,0.9669787234042552,0.22,3.8195139212580376,0.9098670294805591,0.07070696389829657,1
proposed,J03-NE-HIGH,40,3.8611999999999997,0.9669787234042552,0.22,3.8535380973187805,0.930044982500674,0.03772010034224906,1
proposed,J03-NE-HIGH,41,3.8611999999999997,0.9669787234042552,0.22,3.8156574216943473,0.9255502809243152,0.061566567916688165,1
proposed,J03-NE-HIGH,42,3.8611999999999997,0.9669787234042552,0.22,3.7890326859056196,0.9195871173310762,0.08633704621882944,1
proposed,J03-NE-HIGH,43,3.8611999999999997,0.9669787234042552,0.22,3.8287164482616687,0.88929914259062,0.08419797152496551,0
proposed,J03-NE-HIGH,44,3.8611999999999997,0.9669787234042552,0.22,3.8208068663844217,0.9476070382132835,0.04479807395886627,1
proposed,J03-NE-HIGH,45,3.8611999999999997,0.9669787234042552,0.22,3.8725187575159814,0.8632354101842313,0.10435894455950369,1
proposed,J03-NE-HIGH,46,3.8611999999999997,0.9669787234042552,0.22,3.7720308047217084,0.8929997561281295,0.11586212921321672,1
proposed,J03-NE-HIGH,47,3.8611999999999997,0.9669787234042552,0.22,3.8006130112538155,0.9264501708357439,0.07289270730758218,1
proposed,J03-NE-HIGH,48,3.8611999999999997,0.9669787234042552,0.22,3.867851647958505,0.8894432640463026,0.07782025365168507,1
proposed,J03-NE-HIGH,49,3.8611999999999997,0.9669787234042552,0.22,3.782420507496132,0.8986456581711405,0.1042862226917826,1
proposed,J03-NE-HIGH,50,3.8611999999999997,0.9669787234042552,0.22,3.754000340062197,0.9269128096718413,0.1144423196811117,1
proposed,J03-NE-HIGH,51,3.8611999999999997,0.9669787234042552,0.22,3.8350793373631036,0.8516675579104663,0.11823262622527887,1
proposed,J03-NE-HIGH,52,3.8611999999999997,0.9669787234042552,0.22,3.8574295860018344,0.9229615382732459,0.04417837263384772,1
proposed,J03-NE-HIGH,53,3.8611999999999997,0.9669787234042552,0.22,3.829380713302362,0.9446547027345167,0.038869382614203855,1
proposed,J03-NE-HIGH,54,3.8611999999999997,0.9669787234042552,0.22,3.780254602984695,0.9212201965604462,0.0929838699822766,1
proposed,J03-NE-HIGH,55,3.8611999999999997,0.9669787234042552,0.22,3.7995907297393434,0.9509096487684916,0.06367038041114825,1
proposed,J03-NE-HIGH,56,3.8611999999999997,0.9669787234042552,0.22,3.8380604902597413,0.9199448302443606,0.05241778340216129,1
proposed,J03-NE-HIGH,57,3.8611999999999997,0.9669787234042552,0.22,3.8090391791243903,0.8914214188672146,0.09181316628523661,1
proposed,J03-NE-HIGH,58,3.8611999999999997,0.9669787234042552,0.22,3.8597792991378994,0.900029028430033,0.06696476721441631,1
proposed,J03-NE-HIGH,59,3.8611999999999997,0.9669787234042552,0.22,3.7841345646331233,0.887131057856754,0.1109717577659822,1
proposed,J03-NE-HIGH,60,3.8611999999999997,0.9669787234042552,0.22,3.7956292959011257,0.9106350566479882,0.08645302782183721,1
