# NEXUS sandbox generated OBJ; units: m
mtllib sandbox.mtl
v 0.000000 0.000000 0.000000
v 4.000000 0.000000 0.000000
v 4.000000 4.700000 0.000000
v 0.000000 4.700000 0.000000
v 0.000000 0.000000 0.050000
v 4.000000 0.000000 0.050000
v 4.000000 4.700000 0.050000
v 0.000000 4.700000 0.050000
v 0.150000 -0.250000 0.050000
v 0.850000 -0.250000 0.050000
v 0.850000 4.950000 0.050000
v 0.150000 4.950000 0.050000
v 0.150000 -0.250000 0.052000
v 0.850000 -0.250000 0.052000
v 0.850000 4.950000 0.052000
v 0.150000 4.950000 0.052000
v 3.150000 -0.250000 0.050000
v 3.850000 -0.250000 0.050000
v 3.850000 4.950000 0.050000
v 3.150000 4.950000 0.050000
v 3.150000 -0.250000 0.052000
v 3.850000 -0.250000 0.052000
v 3.850000 4.950000 0.052000
v 3.150000 4.950000 0.052000
v -0.200000 0.150000 0.050000
v 4.200000 0.150000 0.050000
v 4.200000 0.850000 0.050000
v -0.200000 0.850000 0.050000
v -0.200000 0.150000 0.052000
v 4.200000 0.150000 0.052000
v 4.200000 0.850000 0.052000
v -0.200000 0.850000 0.052000
v -0.200000 3.850000 0.050000
v 4.200000 3.850000 0.050000
v 4.200000 4.550000 0.050000
v -0.200000 4.550000 0.050000
v -0.200000 3.850000 0.052000
v 4.200000 3.850000 0.052000
v 4.200000 4.550000 0.052000
v -0.200000 4.550000 0.052000
v 0.500000 2.260000 0.050000
v 3.500000 2.260000 0.050000
v 3.500000 2.440000 0.050000
v 0.500000 2.440000 0.050000
v 0.500000 2.260000 0.052000
v 3.500000 2.260000 0.052000
v 3.500000 2.440000 0.052000
v 0.500000 2.440000 0.052000
v 1.910000 1.200000 0.050000
v 2.090000 1.200000 0.050000
v 2.090000 3.500000 0.050000
v 1.910000 3.500000 0.050000
v 1.910000 1.200000 0.052000
v 2.090000 1.200000 0.052000
v 2.090000 3.500000 0.052000
v 1.910000 3.500000 0.052000
v 0.487500 0.700000 0.052500
v 0.512500 0.700000 0.052500
v 0.512500 0.880000 0.052500
v 0.487500 0.880000 0.052500
v 0.487500 0.700000 0.056500
v 0.512500 0.700000 0.056500
v 0.512500 0.880000 0.056500
v 0.487500 0.880000 0.056500
v 0.487500 1.000000 0.052500
v 0.512500 1.000000 0.052500
v 0.512500 1.180000 0.052500
v 0.487500 1.180000 0.052500
v 0.487500 1.000000 0.056500
v 0.512500 1.000000 0.056500
v 0.512500 1.180000 0.056500
v 0.487500 1.180000 0.056500
v 0.487500 1.300000 0.052500
v 0.512500 1.300000 0.052500
v 0.512500 1.480000 0.052500
v 0.487500 1.480000 0.052500
v 0.487500 1.300000 0.056500
v 0.512500 1.300000 0.056500
v 0.512500 1.480000 0.056500
v 0.487500 1.480000 0.056500
v 0.487500 1.600000 0.052500
v 0.512500 1.600000 0.052500
v 0.512500 1.780000 0.052500
v 0.487500 1.780000 0.052500
v 0.487500 1.600000 0.056500
v 0.512500 1.600000 0.056500
v 0.512500 1.780000 0.056500
v 0.487500 1.780000 0.056500
v 0.487500 1.900000 0.052500
v 0.512500 1.900000 0.052500
v 0.512500 2.080000 0.052500
v 0.487500 2.080000 0.052500
v 0.487500 1.900000 0.056500
v 0.512500 1.900000 0.056500
v 0.512500 2.080000 0.056500
v 0.487500 2.080000 0.056500
v 0.487500 2.200000 0.052500
v 0.512500 2.200000 0.052500
v 0.512500 2.380000 0.052500
v 0.487500 2.380000 0.052500
v 0.487500 2.200000 0.056500
v 0.512500 2.200000 0.056500
v 0.512500 2.380000 0.056500
v 0.487500 2.380000 0.056500
v 0.487500 2.500000 0.052500
v 0.512500 2.500000 0.052500
v 0.512500 2.680000 0.052500
v 0.487500 2.680000 0.052500
v 0.487500 2.500000 0.056500
v 0.512500 2.500000 0.056500
v 0.512500 2.680000 0.056500
v 0.487500 2.680000 0.056500
v 0.487500 2.800000 0.052500
v 0.512500 2.800000 0.052500
v 0.512500 2.980000 0.052500
v 0.487500 2.980000 0.052500
v 0.487500 2.800000 0.056500
v 0.512500 2.800000 0.056500
v 0.512500 2.980000 0.056500
v 0.487500 2.980000 0.056500
v 0.487500 3.100000 0.052500
v 0.512500 3.100000 0.052500
v 0.512500 3.280000 0.052500
v 0.487500 3.280000 0.052500
v 0.487500 3.100000 0.056500
v 0.512500 3.100000 0.056500
v 0.512500 3.280000 0.056500
v 0.487500 3.280000 0.056500
v 0.487500 3.400000 0.052500
v 0.512500 3.400000 0.052500
v 0.512500 3.580000 0.052500
v 0.487500 3.580000 0.052500
v 0.487500 3.400000 0.056500
v 0.512500 3.400000 0.056500
v 0.512500 3.580000 0.056500
v 0.487500 3.580000 0.056500
v 0.487500 3.700000 0.052500
v 0.512500 3.700000 0.052500
v 0.512500 3.880000 0.052500
v 0.487500 3.880000 0.052500
v 0.487500 3.700000 0.056500
v 0.512500 3.700000 0.056500
v 0.512500 3.880000 0.056500
v 0.487500 3.880000 0.056500
v 3.487500 0.700000 0.052500
v 3.512500 0.700000 0.052500
v 3.512500 0.880000 0.052500
v 3.487500 0.880000 0.052500
v 3.487500 0.700000 0.056500
v 3.512500 0.700000 0.056500
v 3.512500 0.880000 0.056500
v 3.487500 0.880000 0.056500
v 3.487500 1.000000 0.052500
v 3.512500 1.000000 0.052500
v 3.512500 1.180000 0.052500
v 3.487500 1.180000 0.052500
v 3.487500 1.000000 0.056500
v 3.512500 1.000000 0.056500
v 3.512500 1.180000 0.056500
v 3.487500 1.180000 0.056500
v 3.487500 1.300000 0.052500
v 3.512500 1.300000 0.052500
v 3.512500 1.480000 0.052500
v 3.487500 1.480000 0.052500
v 3.487500 1.300000 0.056500
v 3.512500 1.300000 0.056500
v 3.512500 1.480000 0.056500
v 3.487500 1.480000 0.056500
v 3.487500 1.600000 0.052500
v 3.512500 1.600000 0.052500
v 3.512500 1.780000 0.052500
v 3.487500 1.780000 0.052500
v 3.487500 1.600000 0.056500
v 3.512500 1.600000 0.056500
v 3.512500 1.780000 0.056500
v 3.487500 1.780000 0.056500
v 3.487500 1.900000 0.052500
v 3.512500 1.900000 0.052500
v 3.512500 2.080000 0.052500
v 3.487500 2.080000 0.052500
v 3.487500 1.900000 0.056500
v 3.512500 1.900000 0.056500
v 3.512500 2.080000 0.056500
v 3.487500 2.080000 0.056500
v 3.487500 2.200000 0.052500
v 3.512500 2.200000 0.052500
v 3.512500 2.380000 0.052500
v 3.487500 2.380000 0.052500
v 3.487500 2.200000 0.056500
v 3.512500 2.200000 0.056500
v 3.512500 2.380000 0.056500
v 3.487500 2.380000 0.056500
v 3.487500 2.500000 0.052500
v 3.512500 2.500000 0.052500
v 3.512500 2.680000 0.052500
v 3.487500 2.680000 0.052500
v 3.487500 2.500000 0.056500
v 3.512500 2.500000 0.056500
v 3.512500 2.680000 0.056500
v 3.487500 2.680000 0.056500
v 3.487500 2.800000 0.052500
v 3.512500 2.800000 0.052500
v 3.512500 2.980000 0.052500
v 3.487500 2.980000 0.052500
v 3.487500 2.800000 0.056500
v 3.512500 2.800000 0.056500
v 3.512500 2.980000 0.056500
v 3.487500 2.980000 0.056500
v 3.487500 3.100000 0.052500
v 3.512500 3.100000 0.052500
v 3.512500 3.280000 0.052500
v 3.487500 3.280000 0.052500
v 3.487500 3.100000 0.056500
v 3.512500 3.100000 0.056500
v 3.512500 3.280000 0.056500
v 3.487500 3.280000 0.056500
v 3.487500 3.400000 0.052500
v 3.512500 3.400000 0.052500
v 3.512500 3.580000 0.052500
v 3.487500 3.580000 0.052500
v 3.487500 3.400000 0.056500
v 3.512500 3.400000 0.056500
v 3.512500 3.580000 0.056500
v 3.487500 3.580000 0.056500
v 3.487500 3.700000 0.052500
v 3.512500 3.700000 0.052500
v 3.512500 3.880000 0.052500
v 3.487500 3.880000 0.052500
v 3.487500 3.700000 0.056500
v 3.512500 3.700000 0.056500
v 3.512500 3.880000 0.056500
v 3.487500 3.880000 0.056500
v 0.700000 0.487500 0.052500
v 0.880000 0.487500 0.052500
v 0.880000 0.512500 0.052500
v 0.700000 0.512500 0.052500
v 0.700000 0.487500 0.056500
v 0.880000 0.487500 0.056500
v 0.880000 0.512500 0.056500
v 0.700000 0.512500 0.056500
v 1.000000 0.487500 0.052500
v 1.180000 0.487500 0.052500
v 1.180000 0.512500 0.052500
v 1.000000 0.512500 0.052500
v 1.000000 0.487500 0.056500
v 1.180000 0.487500 0.056500
v 1.180000 0.512500 0.056500
v 1.000000 0.512500 0.056500
v 1.300000 0.487500 0.052500
v 1.480000 0.487500 0.052500
v 1.480000 0.512500 0.052500
v 1.300000 0.512500 0.052500
v 1.300000 0.487500 0.056500
v 1.480000 0.487500 0.056500
v 1.480000 0.512500 0.056500
v 1.300000 0.512500 0.056500
v 1.600000 0.487500 0.052500
v 1.780000 0.487500 0.052500
v 1.780000 0.512500 0.052500
v 1.600000 0.512500 0.052500
v 1.600000 0.487500 0.056500
v 1.780000 0.487500 0.056500
v 1.780000 0.512500 0.056500
v 1.600000 0.512500 0.056500
v 1.900000 0.487500 0.052500
v 2.080000 0.487500 0.052500
v 2.080000 0.512500 0.052500
v 1.900000 0.512500 0.052500
v 1.900000 0.487500 0.056500
v 2.080000 0.487500 0.056500
v 2.080000 0.512500 0.056500
v 1.900000 0.512500 0.056500
v 2.200000 0.487500 0.052500
v 2.380000 0.487500 0.052500
v 2.380000 0.512500 0.052500
v 2.200000 0.512500 0.052500
v 2.200000 0.487500 0.056500
v 2.380000 0.487500 0.056500
v 2.380000 0.512500 0.056500
v 2.200000 0.512500 0.056500
v 2.500000 0.487500 0.052500
v 2.680000 0.487500 0.052500
v 2.680000 0.512500 0.052500
v 2.500000 0.512500 0.052500
v 2.500000 0.487500 0.056500
v 2.680000 0.487500 0.056500
v 2.680000 0.512500 0.056500
v 2.500000 0.512500 0.056500
v 2.800000 0.487500 0.052500
v 2.980000 0.487500 0.052500
v 2.980000 0.512500 0.052500
v 2.800000 0.512500 0.052500
v 2.800000 0.487500 0.056500
v 2.980000 0.487500 0.056500
v 2.980000 0.512500 0.056500
v 2.800000 0.512500 0.056500
v 3.100000 0.487500 0.052500
v 3.280000 0.487500 0.052500
v 3.280000 0.512500 0.052500
v 3.100000 0.512500 0.052500
v 3.100000 0.487500 0.056500
v 3.280000 0.487500 0.056500
v 3.280000 0.512500 0.056500
v 3.100000 0.512500 0.056500
v 0.700000 4.187500 0.052500
v 0.880000 4.187500 0.052500
v 0.880000 4.212500 0.052500
v 0.700000 4.212500 0.052500
v 0.700000 4.187500 0.056500
v 0.880000 4.187500 0.056500
v 0.880000 4.212500 0.056500
v 0.700000 4.212500 0.056500
v 1.000000 4.187500 0.052500
v 1.180000 4.187500 0.052500
v 1.180000 4.212500 0.052500
v 1.000000 4.212500 0.052500
v 1.000000 4.187500 0.056500
v 1.180000 4.187500 0.056500
v 1.180000 4.212500 0.056500
v 1.000000 4.212500 0.056500
v 1.300000 4.187500 0.052500
v 1.480000 4.187500 0.052500
v 1.480000 4.212500 0.052500
v 1.300000 4.212500 0.052500
v 1.300000 4.187500 0.056500
v 1.480000 4.187500 0.056500
v 1.480000 4.212500 0.056500
v 1.300000 4.212500 0.056500
v 1.600000 4.187500 0.052500
v 1.780000 4.187500 0.052500
v 1.780000 4.212500 0.052500
v 1.600000 4.212500 0.052500
v 1.600000 4.187500 0.056500
v 1.780000 4.187500 0.056500
v 1.780000 4.212500 0.056500
v 1.600000 4.212500 0.056500
v 1.900000 4.187500 0.052500
v 2.080000 4.187500 0.052500
v 2.080000 4.212500 0.052500
v 1.900000 4.212500 0.052500
v 1.900000 4.187500 0.056500
v 2.080000 4.187500 0.056500
v 2.080000 4.212500 0.056500
v 1.900000 4.212500 0.056500
v 2.200000 4.187500 0.052500
v 2.380000 4.187500 0.052500
v 2.380000 4.212500 0.052500
v 2.200000 4.212500 0.052500
v 2.200000 4.187500 0.056500
v 2.380000 4.187500 0.056500
v 2.380000 4.212500 0.056500
v 2.200000 4.212500 0.056500
v 2.500000 4.187500 0.052500
v 2.680000 4.187500 0.052500
v 2.680000 4.212500 0.052500
v 2.500000 4.212500 0.052500
v 2.500000 4.187500 0.056500
v 2.680000 4.187500 0.056500
v 2.680000 4.212500 0.056500
v 2.500000 4.212500 0.056500
v 2.800000 4.187500 0.052500
v 2.980000 4.187500 0.052500
v 2.980000 4.212500 0.052500
v 2.800000 4.212500 0.052500
v 2.800000 4.187500 0.056500
v 2.980000 4.187500 0.056500
v 2.980000 4.212500 0.056500
v 2.800000 4.212500 0.056500
v 3.100000 4.187500 0.052500
v 3.280000 4.187500 0.052500
v 3.280000 4.212500 0.052500
v 3.100000 4.212500 0.052500
v 3.100000 4.187500 0.056500
v 3.280000 4.187500 0.056500
v 3.280000 4.212500 0.056500
v 3.100000 4.212500 0.056500
v 0.360000 0.723000 0.052500
v 0.640000 0.723000 0.052500
v 0.640000 0.737000 0.052500
v 0.360000 0.737000 0.052500
v 0.360000 0.723000 0.056500
v 0.640000 0.723000 0.056500
v 0.640000 0.737000 0.056500
v 0.360000 0.737000 0.056500
v 0.360000 0.743000 0.052500
v 0.640000 0.743000 0.052500
v 0.640000 0.757000 0.052500
v 0.360000 0.757000 0.052500
v 0.360000 0.743000 0.056500
v 0.640000 0.743000 0.056500
v 0.640000 0.757000 0.056500
v 0.360000 0.757000 0.056500
v 0.360000 0.763000 0.052500
v 0.640000 0.763000 0.052500
v 0.640000 0.777000 0.052500
v 0.360000 0.777000 0.052500
v 0.360000 0.763000 0.056500
v 0.640000 0.763000 0.056500
v 0.640000 0.777000 0.056500
v 0.360000 0.777000 0.056500
v 0.360000 0.783000 0.052500
v 0.640000 0.783000 0.052500
v 0.640000 0.797000 0.052500
v 0.360000 0.797000 0.052500
v 0.360000 0.783000 0.056500
v 0.640000 0.783000 0.056500
v 0.640000 0.797000 0.056500
v 0.360000 0.797000 0.056500
v 0.360000 0.803000 0.052500
v 0.640000 0.803000 0.052500
v 0.640000 0.817000 0.052500
v 0.360000 0.817000 0.052500
v 0.360000 0.803000 0.056500
v 0.640000 0.803000 0.056500
v 0.640000 0.817000 0.056500
v 0.360000 0.817000 0.056500
v 0.360000 0.823000 0.052500
v 0.640000 0.823000 0.052500
v 0.640000 0.837000 0.052500
v 0.360000 0.837000 0.052500
v 0.360000 0.823000 0.056500
v 0.640000 0.823000 0.056500
v 0.640000 0.837000 0.056500
v 0.360000 0.837000 0.056500
v 0.360000 0.843000 0.052500
v 0.640000 0.843000 0.052500
v 0.640000 0.857000 0.052500
v 0.360000 0.857000 0.052500
v 0.360000 0.843000 0.056500
v 0.640000 0.843000 0.056500
v 0.640000 0.857000 0.056500
v 0.360000 0.857000 0.056500
v 0.360000 0.863000 0.052500
v 0.640000 0.863000 0.052500
v 0.640000 0.877000 0.052500
v 0.360000 0.877000 0.052500
v 0.360000 0.863000 0.056500
v 0.640000 0.863000 0.056500
v 0.640000 0.877000 0.056500
v 0.360000 0.877000 0.056500
v 0.723000 0.360000 0.052500
v 0.737000 0.360000 0.052500
v 0.737000 0.640000 0.052500
v 0.723000 0.640000 0.052500
v 0.723000 0.360000 0.056500
v 0.737000 0.360000 0.056500
v 0.737000 0.640000 0.056500
v 0.723000 0.640000 0.056500
v 0.743000 0.360000 0.052500
v 0.757000 0.360000 0.052500
v 0.757000 0.640000 0.052500
v 0.743000 0.640000 0.052500
v 0.743000 0.360000 0.056500
v 0.757000 0.360000 0.056500
v 0.757000 0.640000 0.056500
v 0.743000 0.640000 0.056500
v 0.763000 0.360000 0.052500
v 0.777000 0.360000 0.052500
v 0.777000 0.640000 0.052500
v 0.763000 0.640000 0.052500
v 0.763000 0.360000 0.056500
v 0.777000 0.360000 0.056500
v 0.777000 0.640000 0.056500
v 0.763000 0.640000 0.056500
v 0.783000 0.360000 0.052500
v 0.797000 0.360000 0.052500
v 0.797000 0.640000 0.052500
v 0.783000 0.640000 0.052500
v 0.783000 0.360000 0.056500
v 0.797000 0.360000 0.056500
v 0.797000 0.640000 0.056500
v 0.783000 0.640000 0.056500
v 0.803000 0.360000 0.052500
v 0.817000 0.360000 0.052500
v 0.817000 0.640000 0.052500
v 0.803000 0.640000 0.052500
v 0.803000 0.360000 0.056500
v 0.817000 0.360000 0.056500
v 0.817000 0.640000 0.056500
v 0.803000 0.640000 0.056500
v 0.823000 0.360000 0.052500
v 0.837000 0.360000 0.052500
v 0.837000 0.640000 0.052500
v 0.823000 0.640000 0.052500
v 0.823000 0.360000 0.056500
v 0.837000 0.360000 0.056500
v 0.837000 0.640000 0.056500
v 0.823000 0.640000 0.056500
v 0.843000 0.360000 0.052500
v 0.857000 0.360000 0.052500
v 0.857000 0.640000 0.052500
v 0.843000 0.640000 0.052500
v 0.843000 0.360000 0.056500
v 0.857000 0.360000 0.056500
v 0.857000 0.640000 0.056500
v 0.843000 0.640000 0.056500
v 0.863000 0.360000 0.052500
v 0.877000 0.360000 0.052500
v 0.877000 0.640000 0.052500
v 0.863000 0.640000 0.052500
v 0.863000 0.360000 0.056500
v 0.877000 0.360000 0.056500
v 0.877000 0.640000 0.056500
v 0.863000 0.640000 0.056500
v 3.360000 0.723000 0.052500
v 3.640000 0.723000 0.052500
v 3.640000 0.737000 0.052500
v 3.360000 0.737000 0.052500
v 3.360000 0.723000 0.056500
v 3.640000 0.723000 0.056500
v 3.640000 0.737000 0.056500
v 3.360000 0.737000 0.056500
v 3.360000 0.743000 0.052500
v 3.640000 0.743000 0.052500
v 3.640000 0.757000 0.052500
v 3.360000 0.757000 0.052500
v 3.360000 0.743000 0.056500
v 3.640000 0.743000 0.056500
v 3.640000 0.757000 0.056500
v 3.360000 0.757000 0.056500
v 3.360000 0.763000 0.052500
v 3.640000 0.763000 0.052500
v 3.640000 0.777000 0.052500
v 3.360000 0.777000 0.052500
v 3.360000 0.763000 0.056500
v 3.640000 0.763000 0.056500
v 3.640000 0.777000 0.056500
v 3.360000 0.777000 0.056500
v 3.360000 0.783000 0.052500
v 3.640000 0.783000 0.052500
v 3.640000 0.797000 0.052500
v 3.360000 0.797000 0.052500
v 3.360000 0.783000 0.056500
v 3.640000 0.783000 0.056500
v 3.640000 0.797000 0.056500
v 3.360000 0.797000 0.056500
v 3.360000 0.803000 0.052500
v 3.640000 0.803000 0.052500
v 3.640000 0.817000 0.052500
v 3.360000 0.817000 0.052500
v 3.360000 0.803000 0.056500
v 3.640000 0.803000 0.056500
v 3.640000 0.817000 0.056500
v 3.360000 0.817000 0.056500
v 3.360000 0.823000 0.052500
v 3.640000 0.823000 0.052500
v 3.640000 0.837000 0.052500
v 3.360000 0.837000 0.052500
v 3.360000 0.823000 0.056500
v 3.640000 0.823000 0.056500
v 3.640000 0.837000 0.056500
v 3.360000 0.837000 0.056500
v 3.360000 0.843000 0.052500
v 3.640000 0.843000 0.052500
v 3.640000 0.857000 0.052500
v 3.360000 0.857000 0.052500
v 3.360000 0.843000 0.056500
v 3.640000 0.843000 0.056500
v 3.640000 0.857000 0.056500
v 3.360000 0.857000 0.056500
v 3.360000 0.863000 0.052500
v 3.640000 0.863000 0.052500
v 3.640000 0.877000 0.052500
v 3.360000 0.877000 0.052500
v 3.360000 0.863000 0.056500
v 3.640000 0.863000 0.056500
v 3.640000 0.877000 0.056500
v 3.360000 0.877000 0.056500
v 3.123000 0.360000 0.052500
v 3.137000 0.360000 0.052500
v 3.137000 0.640000 0.052500
v 3.123000 0.640000 0.052500
v 3.123000 0.360000 0.056500
v 3.137000 0.360000 0.056500
v 3.137000 0.640000 0.056500
v 3.123000 0.640000 0.056500
v 3.143000 0.360000 0.052500
v 3.157000 0.360000 0.052500
v 3.157000 0.640000 0.052500
v 3.143000 0.640000 0.052500
v 3.143000 0.360000 0.056500
v 3.157000 0.360000 0.056500
v 3.157000 0.640000 0.056500
v 3.143000 0.640000 0.056500
v 3.163000 0.360000 0.052500
v 3.177000 0.360000 0.052500
v 3.177000 0.640000 0.052500
v 3.163000 0.640000 0.052500
v 3.163000 0.360000 0.056500
v 3.177000 0.360000 0.056500
v 3.177000 0.640000 0.056500
v 3.163000 0.640000 0.056500
v 3.183000 0.360000 0.052500
v 3.197000 0.360000 0.052500
v 3.197000 0.640000 0.052500
v 3.183000 0.640000 0.052500
v 3.183000 0.360000 0.056500
v 3.197000 0.360000 0.056500
v 3.197000 0.640000 0.056500
v 3.183000 0.640000 0.056500
v 3.203000 0.360000 0.052500
v 3.217000 0.360000 0.052500
v 3.217000 0.640000 0.052500
v 3.203000 0.640000 0.052500
v 3.203000 0.360000 0.056500
v 3.217000 0.360000 0.056500
v 3.217000 0.640000 0.056500
v 3.203000 0.640000 0.056500
v 3.223000 0.360000 0.052500
v 3.237000 0.360000 0.052500
v 3.237000 0.640000 0.052500
v 3.223000 0.640000 0.052500
v 3.223000 0.360000 0.056500
v 3.237000 0.360000 0.056500
v 3.237000 0.640000 0.056500
v 3.223000 0.640000 0.056500
v 3.243000 0.360000 0.052500
v 3.257000 0.360000 0.052500
v 3.257000 0.640000 0.052500
v 3.243000 0.640000 0.052500
v 3.243000 0.360000 0.056500
v 3.257000 0.360000 0.056500
v 3.257000 0.640000 0.056500
v 3.243000 0.640000 0.056500
v 3.263000 0.360000 0.052500
v 3.277000 0.360000 0.052500
v 3.277000 0.640000 0.052500
v 3.263000 0.640000 0.052500
v 3.263000 0.360000 0.056500
v 3.277000 0.360000 0.056500
v 3.277000 0.640000 0.056500
v 3.263000 0.640000 0.056500
v 0.360000 3.823000 0.052500
v 0.640000 3.823000 0.052500
v 0.640000 3.837000 0.052500
v 0.360000 3.837000 0.052500
v 0.360000 3.823000 0.056500
v 0.640000 3.823000 0.056500
v 0.640000 3.837000 0.056500
v 0.360000 3.837000 0.056500
v 0.360000 3.843000 0.052500
v 0.640000 3.843000 0.052500
v 0.640000 3.857000 0.052500
v 0.360000 3.857000 0.052500
v 0.360000 3.843000 0.056500
v 0.640000 3.843000 0.056500
v 0.640000 3.857000 0.056500
v 0.360000 3.857000 0.056500
v 0.360000 3.863000 0.052500
v 0.640000 3.863000 0.052500
v 0.640000 3.877000 0.052500
v 0.360000 3.877000 0.052500
v 0.360000 3.863000 0.056500
v 0.640000 3.863000 0.056500
v 0.640000 3.877000 0.056500
v 0.360000 3.877000 0.056500
v 0.360000 3.883000 0.052500
v 0.640000 3.883000 0.052500
v 0.640000 3.897000 0.052500
v 0.360000 3.897000 0.052500
v 0.360000 3.883000 0.056500
v 0.640000 3.883000 0.056500
v 0.640000 3.897000 0.056500
v 0.360000 3.897000 0.056500
v 0.360000 3.903000 0.052500
v 0.640000 3.903000 0.052500
v 0.640000 3.917000 0.052500
v 0.360000 3.917000 0.052500
v 0.360000 3.903000 0.056500
v 0.640000 3.903000 0.056500
v 0.640000 3.917000 0.056500
v 0.360000 3.917000 0.056500
v 0.360000 3.923000 0.052500
v 0.640000 3.923000 0.052500
v 0.640000 3.937000 0.052500
v 0.360000 3.937000 0.052500
v 0.360000 3.923000 0.056500
v 0.640000 3.923000 0.056500
v 0.640000 3.937000 0.056500
v 0.360000 3.937000 0.056500
v 0.360000 3.943000 0.052500
v 0.640000 3.943000 0.052500
v 0.640000 3.957000 0.052500
v 0.360000 3.957000 0.052500
v 0.360000 3.943000 0.056500
v 0.640000 3.943000 0.056500
v 0.640000 3.957000 0.056500
v 0.360000 3.957000 0.056500
v 0.360000 3.963000 0.052500
v 0.640000 3.963000 0.052500
v 0.640000 3.977000 0.052500
v 0.360000 3.977000 0.052500
v 0.360000 3.963000 0.056500
v 0.640000 3.963000 0.056500
v 0.640000 3.977000 0.056500
v 0.360000 3.977000 0.056500
v 0.723000 4.060000 0.052500
v 0.737000 4.060000 0.052500
v 0.737000 4.340000 0.052500
v 0.723000 4.340000 0.052500
v 0.723000 4.060000 0.056500
v 0.737000 4.060000 0.056500
v 0.737000 4.340000 0.056500
v 0.723000 4.340000 0.056500
v 0.743000 4.060000 0.052500
v 0.757000 4.060000 0.052500
v 0.757000 4.340000 0.052500
v 0.743000 4.340000 0.052500
v 0.743000 4.060000 0.056500
v 0.757000 4.060000 0.056500
v 0.757000 4.340000 0.056500
v 0.743000 4.340000 0.056500
v 0.763000 4.060000 0.052500
v 0.777000 4.060000 0.052500
v 0.777000 4.340000 0.052500
v 0.763000 4.340000 0.052500
v 0.763000 4.060000 0.056500
v 0.777000 4.060000 0.056500
v 0.777000 4.340000 0.056500
v 0.763000 4.340000 0.056500
v 0.783000 4.060000 0.052500
v 0.797000 4.060000 0.052500
v 0.797000 4.340000 0.052500
v 0.783000 4.340000 0.052500
v 0.783000 4.060000 0.056500
v 0.797000 4.060000 0.056500
v 0.797000 4.340000 0.056500
v 0.783000 4.340000 0.056500
v 0.803000 4.060000 0.052500
v 0.817000 4.060000 0.052500
v 0.817000 4.340000 0.052500
v 0.803000 4.340000 0.052500
v 0.803000 4.060000 0.056500
v 0.817000 4.060000 0.056500
v 0.817000 4.340000 0.056500
v 0.803000 4.340000 0.056500
v 0.823000 4.060000 0.052500
v 0.837000 4.060000 0.052500
v 0.837000 4.340000 0.052500
v 0.823000 4.340000 0.052500
v 0.823000 4.060000 0.056500
v 0.837000 4.060000 0.056500
v 0.837000 4.340000 0.056500
v 0.823000 4.340000 0.056500
v 0.843000 4.060000 0.052500
v 0.857000 4.060000 0.052500
v 0.857000 4.340000 0.052500
v 0.843000 4.340000 0.052500
v 0.843000 4.060000 0.056500
v 0.857000 4.060000 0.056500
v 0.857000 4.340000 0.056500
v 0.843000 4.340000 0.056500
v 0.863000 4.060000 0.052500
v 0.877000 4.060000 0.052500
v 0.877000 4.340000 0.052500
v 0.863000 4.340000 0.052500
v 0.863000 4.060000 0.056500
v 0.877000 4.060000 0.056500
v 0.877000 4.340000 0.056500
v 0.863000 4.340000 0.056500
v 3.360000 3.823000 0.052500
v 3.640000 3.823000 0.052500
v 3.640000 3.837000 0.052500
v 3.360000 3.837000 0.052500
v 3.360000 3.823000 0.056500
v 3.640000 3.823000 0.056500
v 3.640000 3.837000 0.056500
v 3.360000 3.837000 0.056500
v 3.360000 3.843000 0.052500
v 3.640000 3.843000 0.052500
v 3.640000 3.857000 0.052500
v 3.360000 3.857000 0.052500
v 3.360000 3.843000 0.056500
v 3.640000 3.843000 0.056500
v 3.640000 3.857000 0.056500
v 3.360000 3.857000 0.056500
v 3.360000 3.863000 0.052500
v 3.640000 3.863000 0.052500
v 3.640000 3.877000 0.052500
v 3.360000 3.877000 0.052500
v 3.360000 3.863000 0.056500
v 3.640000 3.863000 0.056500
v 3.640000 3.877000 0.056500
v 3.360000 3.877000 0.056500
v 3.360000 3.883000 0.052500
v 3.640000 3.883000 0.052500
v 3.640000 3.897000 0.052500
v 3.360000 3.897000 0.052500
v 3.360000 3.883000 0.056500
v 3.640000 3.883000 0.056500
v 3.640000 3.897000 0.056500
v 3.360000 3.897000 0.056500
v 3.360000 3.903000 0.052500
v 3.640000 3.903000 0.052500
v 3.640000 3.917000 0.052500
v 3.360000 3.917000 0.052500
v 3.360000 3.903000 0.056500
v 3.640000 3.903000 0.056500
v 3.640000 3.917000 0.056500
v 3.360000 3.917000 0.056500
v 3.360000 3.923000 0.052500
v 3.640000 3.923000 0.052500
v 3.640000 3.937000 0.052500
v 3.360000 3.937000 0.052500
v 3.360000 3.923000 0.056500
v 3.640000 3.923000 0.056500
v 3.640000 3.937000 0.056500
v 3.360000 3.937000 0.056500
v 3.360000 3.943000 0.052500
v 3.640000 3.943000 0.052500
v 3.640000 3.957000 0.052500
v 3.360000 3.957000 0.052500
v 3.360000 3.943000 0.056500
v 3.640000 3.943000 0.056500
v 3.640000 3.957000 0.056500
v 3.360000 3.957000 0.056500
v 3.360000 3.963000 0.052500
v 3.640000 3.963000 0.052500
v 3.640000 3.977000 0.052500
v 3.360000 3.977000 0.052500
v 3.360000 3.963000 0.056500
v 3.640000 3.963000 0.056500
v 3.640000 3.977000 0.056500
v 3.360000 3.977000 0.056500
v 3.123000 4.060000 0.052500
v 3.137000 4.060000 0.052500
v 3.137000 4.340000 0.052500
v 3.123000 4.340000 0.052500
v 3.123000 4.060000 0.056500
v 3.137000 4.060000 0.056500
v 3.137000 4.340000 0.056500
v 3.123000 4.340000 0.056500
v 3.143000 4.060000 0.052500
v 3.157000 4.060000 0.052500
v 3.157000 4.340000 0.052500
v 3.143000 4.340000 0.052500
v 3.143000 4.060000 0.056500
v 3.157000 4.060000 0.056500
v 3.157000 4.340000 0.056500
v 3.143000 4.340000 0.056500
v 3.163000 4.060000 0.052500
v 3.177000 4.060000 0.052500
v 3.177000 4.340000 0.052500
v 3.163000 4.340000 0.052500
v 3.163000 4.060000 0.056500
v 3.177000 4.060000 0.056500
v 3.177000 4.340000 0.056500
v 3.163000 4.340000 0.056500
v 3.183000 4.060000 0.052500
v 3.197000 4.060000 0.052500
v 3.197000 4.340000 0.052500
v 3.183000 4.340000 0.052500
v 3.183000 4.060000 0.056500
v 3.197000 4.060000 0.056500
v 3.197000 4.340000 0.056500
v 3.183000 4.340000 0.056500
v 3.203000 4.060000 0.052500
v 3.217000 4.060000 0.052500
v 3.217000 4.340000 0.052500
v 3.203000 4.340000 0.052500
v 3.203000 4.060000 0.056500
v 3.217000 4.060000 0.056500
v 3.217000 4.340000 0.056500
v 3.203000 4.340000 0.056500
v 3.223000 4.060000 0.052500
v 3.237000 4.060000 0.052500
v 3.237000 4.340000 0.052500
v 3.223000 4.340000 0.052500
v 3.223000 4.060000 0.056500
v 3.237000 4.060000 0.056500
v 3.237000 4.340000 0.056500
v 3.223000 4.340000 0.056500
v 3.243000 4.060000 0.052500
v 3.257000 4.060000 0.052500
v 3.257000 4.340000 0.052500
v 3.243000 4.340000 0.052500
v 3.243000 4.060000 0.056500
v 3.257000 4.060000 0.056500
v 3.257000 4.340000 0.056500
v 3.243000 4.340000 0.056500
v 3.263000 4.060000 0.052500
v 3.277000 4.060000 0.052500
v 3.277000 4.340000 0.052500
v 3.263000 4.340000 0.052500
v 3.263000 4.060000 0.056500
v 3.277000 4.060000 0.056500
v 3.277000 4.340000 0.056500
v 3.263000 4.340000 0.056500
v 0.413000 2.070000 0.052500
v 0.427000 2.070000 0.052500
v 0.427000 2.630000 0.052500
v 0.413000 2.630000 0.052500
v 0.413000 2.070000 0.056500
v 0.427000 2.070000 0.056500
v 0.427000 2.630000 0.056500
v 0.413000 2.630000 0.056500
v 0.433000 2.070000 0.052500
v 0.447000 2.070000 0.052500
v 0.447000 2.630000 0.052500
v 0.433000 2.630000 0.052500
v 0.433000 2.070000 0.056500
v 0.447000 2.070000 0.056500
v 0.447000 2.630000 0.056500
v 0.433000 2.630000 0.056500
v 0.453000 2.070000 0.052500
v 0.467000 2.070000 0.052500
v 0.467000 2.630000 0.052500
v 0.453000 2.630000 0.052500
v 0.453000 2.070000 0.056500
v 0.467000 2.070000 0.056500
v 0.467000 2.630000 0.056500
v 0.453000 2.630000 0.056500
v 0.473000 2.070000 0.052500
v 0.487000 2.070000 0.052500
v 0.487000 2.630000 0.052500
v 0.473000 2.630000 0.052500
v 0.473000 2.070000 0.056500
v 0.487000 2.070000 0.056500
v 0.487000 2.630000 0.056500
v 0.473000 2.630000 0.056500
v 0.493000 2.070000 0.052500
v 0.507000 2.070000 0.052500
v 0.507000 2.630000 0.052500
v 0.493000 2.630000 0.052500
v 0.493000 2.070000 0.056500
v 0.507000 2.070000 0.056500
v 0.507000 2.630000 0.056500
v 0.493000 2.630000 0.056500
v 0.513000 2.070000 0.052500
v 0.527000 2.070000 0.052500
v 0.527000 2.630000 0.052500
v 0.513000 2.630000 0.052500
v 0.513000 2.070000 0.056500
v 0.527000 2.070000 0.056500
v 0.527000 2.630000 0.056500
v 0.513000 2.630000 0.056500
v 0.533000 2.070000 0.052500
v 0.547000 2.070000 0.052500
v 0.547000 2.630000 0.052500
v 0.533000 2.630000 0.052500
v 0.533000 2.070000 0.056500
v 0.547000 2.070000 0.056500
v 0.547000 2.630000 0.056500
v 0.533000 2.630000 0.056500
v 0.553000 2.070000 0.052500
v 0.567000 2.070000 0.052500
v 0.567000 2.630000 0.052500
v 0.553000 2.630000 0.052500
v 0.553000 2.070000 0.056500
v 0.567000 2.070000 0.056500
v 0.567000 2.630000 0.056500
v 0.553000 2.630000 0.056500
v 0.573000 2.070000 0.052500
v 0.587000 2.070000 0.052500
v 0.587000 2.630000 0.052500
v 0.573000 2.630000 0.052500
v 0.573000 2.070000 0.056500
v 0.587000 2.070000 0.056500
v 0.587000 2.630000 0.056500
v 0.573000 2.630000 0.056500
v 3.413000 2.070000 0.052500
v 3.427000 2.070000 0.052500
v 3.427000 2.630000 0.052500
v 3.413000 2.630000 0.052500
v 3.413000 2.070000 0.056500
v 3.427000 2.070000 0.056500
v 3.427000 2.630000 0.056500
v 3.413000 2.630000 0.056500
v 3.433000 2.070000 0.052500
v 3.447000 2.070000 0.052500
v 3.447000 2.630000 0.052500
v 3.433000 2.630000 0.052500
v 3.433000 2.070000 0.056500
v 3.447000 2.070000 0.056500
v 3.447000 2.630000 0.056500
v 3.433000 2.630000 0.056500
v 3.453000 2.070000 0.052500
v 3.467000 2.070000 0.052500
v 3.467000 2.630000 0.052500
v 3.453000 2.630000 0.052500
v 3.453000 2.070000 0.056500
v 3.467000 2.070000 0.056500
v 3.467000 2.630000 0.056500
v 3.453000 2.630000 0.056500
v 3.473000 2.070000 0.052500
v 3.487000 2.070000 0.052500
v 3.487000 2.630000 0.052500
v 3.473000 2.630000 0.052500
v 3.473000 2.070000 0.056500
v 3.487000 2.070000 0.056500
v 3.487000 2.630000 0.056500
v 3.473000 2.630000 0.056500
v 3.493000 2.070000 0.052500
v 3.507000 2.070000 0.052500
v 3.507000 2.630000 0.052500
v 3.493000 2.630000 0.052500
v 3.493000 2.070000 0.056500
v 3.507000 2.070000 0.056500
v 3.507000 2.630000 0.056500
v 3.493000 2.630000 0.056500
v 3.513000 2.070000 0.052500
v 3.527000 2.070000 0.052500
v 3.527000 2.630000 0.052500
v 3.513000 2.630000 0.052500
v 3.513000 2.070000 0.056500
v 3.527000 2.070000 0.056500
v 3.527000 2.630000 0.056500
v 3.513000 2.630000 0.056500
v 3.533000 2.070000 0.052500
v 3.547000 2.070000 0.052500
v 3.547000 2.630000 0.052500
v 3.533000 2.630000 0.052500
v 3.533000 2.070000 0.056500
v 3.547000 2.070000 0.056500
v 3.547000 2.630000 0.056500
v 3.533000 2.630000 0.056500
v 3.553000 2.070000 0.052500
v 3.567000 2.070000 0.052500
v 3.567000 2.630000 0.052500
v 3.553000 2.630000 0.052500
v 3.553000 2.070000 0.056500
v 3.567000 2.070000 0.056500
v 3.567000 2.630000 0.056500
v 3.553000 2.630000 0.056500
v 3.573000 2.070000 0.052500
v 3.587000 2.070000 0.052500
v 3.587000 2.630000 0.052500
v 3.573000 2.630000 0.052500
v 3.573000 2.070000 0.056500
v 3.587000 2.070000 0.056500
v 3.587000 2.630000 0.056500
v 3.573000 2.630000 0.056500
v 0.360000 0.023000 0.052500
v 0.640000 0.023000 0.052500
v 0.640000 0.037000 0.052500
v 0.360000 0.037000 0.052500
v 0.360000 0.023000 0.056500
v 0.640000 0.023000 0.056500
v 0.640000 0.037000 0.056500
v 0.360000 0.037000 0.056500
v 0.360000 0.043000 0.052500
v 0.640000 0.043000 0.052500
v 0.640000 0.057000 0.052500
v 0.360000 0.057000 0.052500
v 0.360000 0.043000 0.056500
v 0.640000 0.043000 0.056500
v 0.640000 0.057000 0.056500
v 0.360000 0.057000 0.056500
v 0.360000 0.063000 0.052500
v 0.640000 0.063000 0.052500
v 0.640000 0.077000 0.052500
v 0.360000 0.077000 0.052500
v 0.360000 0.063000 0.056500
v 0.640000 0.063000 0.056500
v 0.640000 0.077000 0.056500
v 0.360000 0.077000 0.056500
v 0.360000 0.083000 0.052500
v 0.640000 0.083000 0.052500
v 0.640000 0.097000 0.052500
v 0.360000 0.097000 0.052500
v 0.360000 0.083000 0.056500
v 0.640000 0.083000 0.056500
v 0.640000 0.097000 0.056500
v 0.360000 0.097000 0.056500
v 0.360000 0.103000 0.052500
v 0.640000 0.103000 0.052500
v 0.640000 0.117000 0.052500
v 0.360000 0.117000 0.052500
v 0.360000 0.103000 0.056500
v 0.640000 0.103000 0.056500
v 0.640000 0.117000 0.056500
v 0.360000 0.117000 0.056500
v 0.360000 0.123000 0.052500
v 0.640000 0.123000 0.052500
v 0.640000 0.137000 0.052500
v 0.360000 0.137000 0.052500
v 0.360000 0.123000 0.056500
v 0.640000 0.123000 0.056500
v 0.640000 0.137000 0.056500
v 0.360000 0.137000 0.056500
v 0.360000 0.143000 0.052500
v 0.640000 0.143000 0.052500
v 0.640000 0.157000 0.052500
v 0.360000 0.157000 0.052500
v 0.360000 0.143000 0.056500
v 0.640000 0.143000 0.056500
v 0.640000 0.157000 0.056500
v 0.360000 0.157000 0.056500
v 0.360000 0.163000 0.052500
v 0.640000 0.163000 0.052500
v 0.640000 0.177000 0.052500
v 0.360000 0.177000 0.052500
v 0.360000 0.163000 0.056500
v 0.640000 0.163000 0.056500
v 0.640000 0.177000 0.056500
v 0.360000 0.177000 0.056500
v 0.360000 4.523000 0.052500
v 0.640000 4.523000 0.052500
v 0.640000 4.537000 0.052500
v 0.360000 4.537000 0.052500
v 0.360000 4.523000 0.056500
v 0.640000 4.523000 0.056500
v 0.640000 4.537000 0.056500
v 0.360000 4.537000 0.056500
v 0.360000 4.543000 0.052500
v 0.640000 4.543000 0.052500
v 0.640000 4.557000 0.052500
v 0.360000 4.557000 0.052500
v 0.360000 4.543000 0.056500
v 0.640000 4.543000 0.056500
v 0.640000 4.557000 0.056500
v 0.360000 4.557000 0.056500
v 0.360000 4.563000 0.052500
v 0.640000 4.563000 0.052500
v 0.640000 4.577000 0.052500
v 0.360000 4.577000 0.052500
v 0.360000 4.563000 0.056500
v 0.640000 4.563000 0.056500
v 0.640000 4.577000 0.056500
v 0.360000 4.577000 0.056500
v 0.360000 4.583000 0.052500
v 0.640000 4.583000 0.052500
v 0.640000 4.597000 0.052500
v 0.360000 4.597000 0.052500
v 0.360000 4.583000 0.056500
v 0.640000 4.583000 0.056500
v 0.640000 4.597000 0.056500
v 0.360000 4.597000 0.056500
v 0.360000 4.603000 0.052500
v 0.640000 4.603000 0.052500
v 0.640000 4.617000 0.052500
v 0.360000 4.617000 0.052500
v 0.360000 4.603000 0.056500
v 0.640000 4.603000 0.056500
v 0.640000 4.617000 0.056500
v 0.360000 4.617000 0.056500
v 0.360000 4.623000 0.052500
v 0.640000 4.623000 0.052500
v 0.640000 4.637000 0.052500
v 0.360000 4.637000 0.052500
v 0.360000 4.623000 0.056500
v 0.640000 4.623000 0.056500
v 0.640000 4.637000 0.056500
v 0.360000 4.637000 0.056500
v 0.360000 4.643000 0.052500
v 0.640000 4.643000 0.052500
v 0.640000 4.657000 0.052500
v 0.360000 4.657000 0.052500
v 0.360000 4.643000 0.056500
v 0.640000 4.643000 0.056500
v 0.640000 4.657000 0.056500
v 0.360000 4.657000 0.056500
v 0.360000 4.663000 0.052500
v 0.640000 4.663000 0.052500
v 0.640000 4.677000 0.052500
v 0.360000 4.677000 0.052500
v 0.360000 4.663000 0.056500
v 0.640000 4.663000 0.056500
v 0.640000 4.677000 0.056500
v 0.360000 4.677000 0.056500
v 3.360000 0.023000 0.052500
v 3.640000 0.023000 0.052500
v 3.640000 0.037000 0.052500
v 3.360000 0.037000 0.052500
v 3.360000 0.023000 0.056500
v 3.640000 0.023000 0.056500
v 3.640000 0.037000 0.056500
v 3.360000 0.037000 0.056500
v 3.360000 0.043000 0.052500
v 3.640000 0.043000 0.052500
v 3.640000 0.057000 0.052500
v 3.360000 0.057000 0.052500
v 3.360000 0.043000 0.056500
v 3.640000 0.043000 0.056500
v 3.640000 0.057000 0.056500
v 3.360000 0.057000 0.056500
v 3.360000 0.063000 0.052500
v 3.640000 0.063000 0.052500
v 3.640000 0.077000 0.052500
v 3.360000 0.077000 0.052500
v 3.360000 0.063000 0.056500
v 3.640000 0.063000 0.056500
v 3.640000 0.077000 0.056500
v 3.360000 0.077000 0.056500
v 3.360000 0.083000 0.052500
v 3.640000 0.083000 0.052500
v 3.640000 0.097000 0.052500
v 3.360000 0.097000 0.052500
v 3.360000 0.083000 0.056500
v 3.640000 0.083000 0.056500
v 3.640000 0.097000 0.056500
v 3.360000 0.097000 0.056500
v 3.360000 0.103000 0.052500
v 3.640000 0.103000 0.052500
v 3.640000 0.117000 0.052500
v 3.360000 0.117000 0.052500
v 3.360000 0.103000 0.056500
v 3.640000 0.103000 0.056500
v 3.640000 0.117000 0.056500
v 3.360000 0.117000 0.056500
v 3.360000 0.123000 0.052500
v 3.640000 0.123000 0.052500
v 3.640000 0.137000 0.052500
v 3.360000 0.137000 0.052500
v 3.360000 0.123000 0.056500
v 3.640000 0.123000 0.056500
v 3.640000 0.137000 0.056500
v 3.360000 0.137000 0.056500
v 3.360000 0.143000 0.052500
v 3.640000 0.143000 0.052500
v 3.640000 0.157000 0.052500
v 3.360000 0.157000 0.052500
v 3.360000 0.143000 0.056500
v 3.640000 0.143000 0.056500
v 3.640000 0.157000 0.056500
v 3.360000 0.157000 0.056500
v 3.360000 0.163000 0.052500
v 3.640000 0.163000 0.052500
v 3.640000 0.177000 0.052500
v 3.360000 0.177000 0.052500
v 3.360000 0.163000 0.056500
v 3.640000 0.163000 0.056500
v 3.640000 0.177000 0.056500
v 3.360000 0.177000 0.056500
v 3.360000 4.523000 0.052500
v 3.640000 4.523000 0.052500
v 3.640000 4.537000 0.052500
v 3.360000 4.537000 0.052500
v 3.360000 4.523000 0.056500
v 3.640000 4.523000 0.056500
v 3.640000 4.537000 0.056500
v 3.360000 4.537000 0.056500
v 3.360000 4.543000 0.052500
v 3.640000 4.543000 0.052500
v 3.640000 4.557000 0.052500
v 3.360000 4.557000 0.052500
v 3.360000 4.543000 0.056500
v 3.640000 4.543000 0.056500
v 3.640000 4.557000 0.056500
v 3.360000 4.557000 0.056500
v 3.360000 4.563000 0.052500
v 3.640000 4.563000 0.052500
v 3.640000 4.577000 0.052500
v 3.360000 4.577000 0.052500
v 3.360000 4.563000 0.056500
v 3.640000 4.563000 0.056500
v 3.640000 4.577000 0.056500
v 3.360000 4.577000 0.056500
v 3.360000 4.583000 0.052500
v 3.640000 4.583000 0.052500
v 3.640000 4.597000 0.052500
v 3.360000 4.597000 0.052500
v 3.360000 4.583000 0.056500
v 3.640000 4.583000 0.056500
v 3.640000 4.597000 0.056500
v 3.360000 4.597000 0.056500
v 3.360000 4.603000 0.052500
v 3.640000 4.603000 0.052500
v 3.640000 4.617000 0.052500
v 3.360000 4.617000 0.052500
v 3.360000 4.603000 0.056500
v 3.640000 4.603000 0.056500
v 3.640000 4.617000 0.056500
v 3.360000 4.617000 0.056500
v 3.360000 4.623000 0.052500
v 3.640000 4.623000 0.052500
v 3.640000 4.637000 0.052500
v 3.360000 4.637000 0.052500
v 3.360000 4.623000 0.056500
v 3.640000 4.623000 0.056500
v 3.640000 4.637000 0.056500
v 3.360000 4.637000 0.056500
v 3.360000 4.643000 0.052500
v 3.640000 4.643000 0.052500
v 3.640000 4.657000 0.052500
v 3.360000 4.657000 0.052500
v 3.360000 4.643000 0.056500
v 3.640000 4.643000 0.056500
v 3.640000 4.657000 0.056500
v 3.360000 4.657000 0.056500
v 3.360000 4.663000 0.052500
v 3.640000 4.663000 0.052500
v 3.640000 4.677000 0.052500
v 3.360000 4.677000 0.052500
v 3.360000 4.663000 0.056500
v 3.640000 4.663000 0.056500
v 3.640000 4.677000 0.056500
v 3.360000 4.677000 0.056500
v 0.023000 0.360000 0.052500
v 0.037000 0.360000 0.052500
v 0.037000 0.640000 0.052500
v 0.023000 0.640000 0.052500
v 0.023000 0.360000 0.056500
v 0.037000 0.360000 0.056500
v 0.037000 0.640000 0.056500
v 0.023000 0.640000 0.056500
v 0.043000 0.360000 0.052500
v 0.057000 0.360000 0.052500
v 0.057000 0.640000 0.052500
v 0.043000 0.640000 0.052500
v 0.043000 0.360000 0.056500
v 0.057000 0.360000 0.056500
v 0.057000 0.640000 0.056500
v 0.043000 0.640000 0.056500
v 0.063000 0.360000 0.052500
v 0.077000 0.360000 0.052500
v 0.077000 0.640000 0.052500
v 0.063000 0.640000 0.052500
v 0.063000 0.360000 0.056500
v 0.077000 0.360000 0.056500
v 0.077000 0.640000 0.056500
v 0.063000 0.640000 0.056500
v 0.083000 0.360000 0.052500
v 0.097000 0.360000 0.052500
v 0.097000 0.640000 0.052500
v 0.083000 0.640000 0.052500
v 0.083000 0.360000 0.056500
v 0.097000 0.360000 0.056500
v 0.097000 0.640000 0.056500
v 0.083000 0.640000 0.056500
v 0.103000 0.360000 0.052500
v 0.117000 0.360000 0.052500
v 0.117000 0.640000 0.052500
v 0.103000 0.640000 0.052500
v 0.103000 0.360000 0.056500
v 0.117000 0.360000 0.056500
v 0.117000 0.640000 0.056500
v 0.103000 0.640000 0.056500
v 0.123000 0.360000 0.052500
v 0.137000 0.360000 0.052500
v 0.137000 0.640000 0.052500
v 0.123000 0.640000 0.052500
v 0.123000 0.360000 0.056500
v 0.137000 0.360000 0.056500
v 0.137000 0.640000 0.056500
v 0.123000 0.640000 0.056500
v 0.143000 0.360000 0.052500
v 0.157000 0.360000 0.052500
v 0.157000 0.640000 0.052500
v 0.143000 0.640000 0.052500
v 0.143000 0.360000 0.056500
v 0.157000 0.360000 0.056500
v 0.157000 0.640000 0.056500
v 0.143000 0.640000 0.056500
v 0.163000 0.360000 0.052500
v 0.177000 0.360000 0.052500
v 0.177000 0.640000 0.052500
v 0.163000 0.640000 0.052500
v 0.163000 0.360000 0.056500
v 0.177000 0.360000 0.056500
v 0.177000 0.640000 0.056500
v 0.163000 0.640000 0.056500
v 3.823000 0.360000 0.052500
v 3.837000 0.360000 0.052500
v 3.837000 0.640000 0.052500
v 3.823000 0.640000 0.052500
v 3.823000 0.360000 0.056500
v 3.837000 0.360000 0.056500
v 3.837000 0.640000 0.056500
v 3.823000 0.640000 0.056500
v 3.843000 0.360000 0.052500
v 3.857000 0.360000 0.052500
v 3.857000 0.640000 0.052500
v 3.843000 0.640000 0.052500
v 3.843000 0.360000 0.056500
v 3.857000 0.360000 0.056500
v 3.857000 0.640000 0.056500
v 3.843000 0.640000 0.056500
v 3.863000 0.360000 0.052500
v 3.877000 0.360000 0.052500
v 3.877000 0.640000 0.052500
v 3.863000 0.640000 0.052500
v 3.863000 0.360000 0.056500
v 3.877000 0.360000 0.056500
v 3.877000 0.640000 0.056500
v 3.863000 0.640000 0.056500
v 3.883000 0.360000 0.052500
v 3.897000 0.360000 0.052500
v 3.897000 0.640000 0.052500
v 3.883000 0.640000 0.052500
v 3.883000 0.360000 0.056500
v 3.897000 0.360000 0.056500
v 3.897000 0.640000 0.056500
v 3.883000 0.640000 0.056500
v 3.903000 0.360000 0.052500
v 3.917000 0.360000 0.052500
v 3.917000 0.640000 0.052500
v 3.903000 0.640000 0.052500
v 3.903000 0.360000 0.056500
v 3.917000 0.360000 0.056500
v 3.917000 0.640000 0.056500
v 3.903000 0.640000 0.056500
v 3.923000 0.360000 0.052500
v 3.937000 0.360000 0.052500
v 3.937000 0.640000 0.052500
v 3.923000 0.640000 0.052500
v 3.923000 0.360000 0.056500
v 3.937000 0.360000 0.056500
v 3.937000 0.640000 0.056500
v 3.923000 0.640000 0.056500
v 3.943000 0.360000 0.052500
v 3.957000 0.360000 0.052500
v 3.957000 0.640000 0.052500
v 3.943000 0.640000 0.052500
v 3.943000 0.360000 0.056500
v 3.957000 0.360000 0.056500
v 3.957000 0.640000 0.056500
v 3.943000 0.640000 0.056500
v 3.963000 0.360000 0.052500
v 3.977000 0.360000 0.052500
v 3.977000 0.640000 0.052500
v 3.963000 0.640000 0.052500
v 3.963000 0.360000 0.056500
v 3.977000 0.360000 0.056500
v 3.977000 0.640000 0.056500
v 3.963000 0.640000 0.056500
v 0.023000 4.060000 0.052500
v 0.037000 4.060000 0.052500
v 0.037000 4.340000 0.052500
v 0.023000 4.340000 0.052500
v 0.023000 4.060000 0.056500
v 0.037000 4.060000 0.056500
v 0.037000 4.340000 0.056500
v 0.023000 4.340000 0.056500
v 0.043000 4.060000 0.052500
v 0.057000 4.060000 0.052500
v 0.057000 4.340000 0.052500
v 0.043000 4.340000 0.052500
v 0.043000 4.060000 0.056500
v 0.057000 4.060000 0.056500
v 0.057000 4.340000 0.056500
v 0.043000 4.340000 0.056500
v 0.063000 4.060000 0.052500
v 0.077000 4.060000 0.052500
v 0.077000 4.340000 0.052500
v 0.063000 4.340000 0.052500
v 0.063000 4.060000 0.056500
v 0.077000 4.060000 0.056500
v 0.077000 4.340000 0.056500
v 0.063000 4.340000 0.056500
v 0.083000 4.060000 0.052500
v 0.097000 4.060000 0.052500
v 0.097000 4.340000 0.052500
v 0.083000 4.340000 0.052500
v 0.083000 4.060000 0.056500
v 0.097000 4.060000 0.056500
v 0.097000 4.340000 0.056500
v 0.083000 4.340000 0.056500
v 0.103000 4.060000 0.052500
v 0.117000 4.060000 0.052500
v 0.117000 4.340000 0.052500
v 0.103000 4.340000 0.052500
v 0.103000 4.060000 0.056500
v 0.117000 4.060000 0.056500
v 0.117000 4.340000 0.056500
v 0.103000 4.340000 0.056500
v 0.123000 4.060000 0.052500
v 0.137000 4.060000 0.052500
v 0.137000 4.340000 0.052500
v 0.123000 4.340000 0.052500
v 0.123000 4.060000 0.056500
v 0.137000 4.060000 0.056500
v 0.137000 4.340000 0.056500
v 0.123000 4.340000 0.056500
v 0.143000 4.060000 0.052500
v 0.157000 4.060000 0.052500
v 0.157000 4.340000 0.052500
v 0.143000 4.340000 0.052500
v 0.143000 4.060000 0.056500
v 0.157000 4.060000 0.056500
v 0.157000 4.340000 0.056500
v 0.143000 4.340000 0.056500
v 0.163000 4.060000 0.052500
v 0.177000 4.060000 0.052500
v 0.177000 4.340000 0.052500
v 0.163000 4.340000 0.052500
v 0.163000 4.060000 0.056500
v 0.177000 4.060000 0.056500
v 0.177000 4.340000 0.056500
v 0.163000 4.340000 0.056500
v 3.823000 4.060000 0.052500
v 3.837000 4.060000 0.052500
v 3.837000 4.340000 0.052500
v 3.823000 4.340000 0.052500
v 3.823000 4.060000 0.056500
v 3.837000 4.060000 0.056500
v 3.837000 4.340000 0.056500
v 3.823000 4.340000 0.056500
v 3.843000 4.060000 0.052500
v 3.857000 4.060000 0.052500
v 3.857000 4.340000 0.052500
v 3.843000 4.340000 0.052500
v 3.843000 4.060000 0.056500
v 3.857000 4.060000 0.056500
v 3.857000 4.340000 0.056500
v 3.843000 4.340000 0.056500
v 3.863000 4.060000 0.052500
v 3.877000 4.060000 0.052500
v 3.877000 4.340000 0.052500
v 3.863000 4.340000 0.052500
v 3.863000 4.060000 0.056500
v 3.877000 4.060000 0.056500
v 3.877000 4.340000 0.056500
v 3.863000 4.340000 0.056500
v 3.883000 4.060000 0.052500
v 3.897000 4.060000 0.052500
v 3.897000 4.340000 0.052500
v 3.883000 4.340000 0.052500
v 3.883000 4.060000 0.056500
v 3.897000 4.060000 0.056500
v 3.897000 4.340000 0.056500
v 3.883000 4.340000 0.056500
v 3.903000 4.060000 0.052500
v 3.917000 4.060000 0.052500
v 3.917000 4.340000 0.052500
v 3.903000 4.340000 0.052500
v 3.903000 4.060000 0.056500
v 3.917000 4.060000 0.056500
v 3.917000 4.340000 0.056500
v 3.903000 4.340000 0.056500
v 3.923000 4.060000 0.052500
v 3.937000 4.060000 0.052500
v 3.937000 4.340000 0.052500
v 3.923000 4.340000 0.052500
v 3.923000 4.060000 0.056500
v 3.937000 4.060000 0.056500
v 3.937000 4.340000 0.056500
v 3.923000 4.340000 0.056500
v 3.943000 4.060000 0.052500
v 3.957000 4.060000 0.052500
v 3.957000 4.340000 0.052500
v 3.943000 4.340000 0.052500
v 3.943000 4.060000 0.056500
v 3.957000 4.060000 0.056500
v 3.957000 4.340000 0.056500
v 3.943000 4.340000 0.056500
v 3.963000 4.060000 0.052500
v 3.977000 4.060000 0.052500
v 3.977000 4.340000 0.052500
v 3.963000 4.340000 0.052500
v 3.963000 4.060000 0.056500
v 3.977000 4.060000 0.056500
v 3.977000 4.340000 0.056500
v 3.963000 4.340000 0.056500
v 1.150000 2.550000 0.050000
v 1.850000 2.550000 0.050000
v 1.850000 3.350000 0.050000
v 1.150000 3.350000 0.050000
v 1.150000 2.550000 0.058000
v 1.850000 2.550000 0.058000
v 1.850000 3.350000 0.058000
v 1.150000 3.350000 0.058000
v 2.150000 2.550000 0.050000
v 2.850000 2.550000 0.050000
v 2.850000 3.350000 0.050000
v 2.150000 3.350000 0.050000
v 2.150000 2.550000 0.058000
v 2.850000 2.550000 0.058000
v 2.850000 3.350000 0.058000
v 2.150000 3.350000 0.058000
v 1.150000 1.350000 0.050000
v 1.850000 1.350000 0.050000
v 1.850000 2.150000 0.050000
v 1.150000 2.150000 0.050000
v 1.150000 1.350000 0.058000
v 1.850000 1.350000 0.058000
v 1.850000 2.150000 0.058000
v 1.150000 2.150000 0.058000
v 2.150000 1.350000 0.050000
v 2.850000 1.350000 0.050000
v 2.850000 2.150000 0.050000
v 2.150000 2.150000 0.050000
v 2.150000 1.350000 0.058000
v 2.850000 1.350000 0.058000
v 2.850000 2.150000 0.058000
v 2.150000 2.150000 0.058000
v 1.410000 3.080000 0.050000
v 1.405595 3.107812 0.050000
v 1.392812 3.132901 0.050000
v 1.372901 3.152812 0.050000
v 1.347812 3.165595 0.050000
v 1.320000 3.170000 0.050000
v 1.292188 3.165595 0.050000
v 1.267099 3.152812 0.050000
v 1.247188 3.132901 0.050000
v 1.234405 3.107812 0.050000
v 1.230000 3.080000 0.050000
v 1.234405 3.052188 0.050000
v 1.247188 3.027099 0.050000
v 1.267099 3.007188 0.050000
v 1.292188 2.994405 0.050000
v 1.320000 2.990000 0.050000
v 1.347812 2.994405 0.050000
v 1.372901 3.007188 0.050000
v 1.392812 3.027099 0.050000
v 1.405595 3.052188 0.050000
v 1.410000 3.080000 0.160000
v 1.405595 3.107812 0.160000
v 1.392812 3.132901 0.160000
v 1.372901 3.152812 0.160000
v 1.347812 3.165595 0.160000
v 1.320000 3.170000 0.160000
v 1.292188 3.165595 0.160000
v 1.267099 3.152812 0.160000
v 1.247188 3.132901 0.160000
v 1.234405 3.107812 0.160000
v 1.230000 3.080000 0.160000
v 1.234405 3.052188 0.160000
v 1.247188 3.027099 0.160000
v 1.267099 3.007188 0.160000
v 1.292188 2.994405 0.160000
v 1.320000 2.990000 0.160000
v 1.347812 2.994405 0.160000
v 1.372901 3.007188 0.160000
v 1.392812 3.027099 0.160000
v 1.405595 3.052188 0.160000
v 1.700000 3.100000 0.050000
v 1.695595 3.127812 0.050000
v 1.682812 3.152901 0.050000
v 1.662901 3.172812 0.050000
v 1.637812 3.185595 0.050000
v 1.610000 3.190000 0.050000
v 1.582188 3.185595 0.050000
v 1.557099 3.172812 0.050000
v 1.537188 3.152901 0.050000
v 1.524405 3.127812 0.050000
v 1.520000 3.100000 0.050000
v 1.524405 3.072188 0.050000
v 1.537188 3.047099 0.050000
v 1.557099 3.027188 0.050000
v 1.582188 3.014405 0.050000
v 1.610000 3.010000 0.050000
v 1.637812 3.014405 0.050000
v 1.662901 3.027188 0.050000
v 1.682812 3.047099 0.050000
v 1.695595 3.072188 0.050000
v 1.700000 3.100000 0.160000
v 1.695595 3.127812 0.160000
v 1.682812 3.152901 0.160000
v 1.662901 3.172812 0.160000
v 1.637812 3.185595 0.160000
v 1.610000 3.190000 0.160000
v 1.582188 3.185595 0.160000
v 1.557099 3.172812 0.160000
v 1.537188 3.152901 0.160000
v 1.524405 3.127812 0.160000
v 1.520000 3.100000 0.160000
v 1.524405 3.072188 0.160000
v 1.537188 3.047099 0.160000
v 1.557099 3.027188 0.160000
v 1.582188 3.014405 0.160000
v 1.610000 3.010000 0.160000
v 1.637812 3.014405 0.160000
v 1.662901 3.027188 0.160000
v 1.682812 3.047099 0.160000
v 1.695595 3.072188 0.160000
v 1.805000 2.780000 0.050000
v 1.802798 2.793906 0.050000
v 1.796406 2.806450 0.050000
v 1.786450 2.816406 0.050000
v 1.773906 2.822798 0.050000
v 1.760000 2.825000 0.050000
v 1.746094 2.822798 0.050000
v 1.733550 2.816406 0.050000
v 1.723594 2.806450 0.050000
v 1.717202 2.793906 0.050000
v 1.715000 2.780000 0.050000
v 1.717202 2.766094 0.050000
v 1.723594 2.753550 0.050000
v 1.733550 2.743594 0.050000
v 1.746094 2.737202 0.050000
v 1.760000 2.735000 0.050000
v 1.773906 2.737202 0.050000
v 1.786450 2.743594 0.050000
v 1.796406 2.753550 0.050000
v 1.802798 2.766094 0.050000
v 1.805000 2.780000 0.140000
v 1.802798 2.793906 0.140000
v 1.796406 2.806450 0.140000
v 1.786450 2.816406 0.140000
v 1.773906 2.822798 0.140000
v 1.760000 2.825000 0.140000
v 1.746094 2.822798 0.140000
v 1.733550 2.816406 0.140000
v 1.723594 2.806450 0.140000
v 1.717202 2.793906 0.140000
v 1.715000 2.780000 0.140000
v 1.717202 2.766094 0.140000
v 1.723594 2.753550 0.140000
v 1.733550 2.743594 0.140000
v 1.746094 2.737202 0.140000
v 1.760000 2.735000 0.140000
v 1.773906 2.737202 0.140000
v 1.786450 2.743594 0.140000
v 1.796406 2.753550 0.140000
v 1.802798 2.766094 0.140000
v 1.625000 2.730000 0.050000
v 1.622308 2.746996 0.050000
v 1.614496 2.762328 0.050000
v 1.602328 2.774496 0.050000
v 1.586996 2.782308 0.050000
v 1.570000 2.785000 0.050000
v 1.553004 2.782308 0.050000
v 1.537672 2.774496 0.050000
v 1.525504 2.762328 0.050000
v 1.517692 2.746996 0.050000
v 1.515000 2.730000 0.050000
v 1.517692 2.713004 0.050000
v 1.525504 2.697672 0.050000
v 1.537672 2.685504 0.050000
v 1.553004 2.677692 0.050000
v 1.570000 2.675000 0.050000
v 1.586996 2.677692 0.050000
v 1.602328 2.685504 0.050000
v 1.614496 2.697672 0.050000
v 1.622308 2.713004 0.050000
v 1.625000 2.730000 0.130000
v 1.622308 2.746996 0.130000
v 1.614496 2.762328 0.130000
v 1.602328 2.774496 0.130000
v 1.586996 2.782308 0.130000
v 1.570000 2.785000 0.130000
v 1.553004 2.782308 0.130000
v 1.537672 2.774496 0.130000
v 1.525504 2.762328 0.130000
v 1.517692 2.746996 0.130000
v 1.515000 2.730000 0.130000
v 1.517692 2.713004 0.130000
v 1.525504 2.697672 0.130000
v 1.537672 2.685504 0.130000
v 1.553004 2.677692 0.130000
v 1.570000 2.675000 0.130000
v 1.586996 2.677692 0.130000
v 1.602328 2.685504 0.130000
v 1.614496 2.697672 0.130000
v 1.622308 2.713004 0.130000
v 1.410000 3.230000 0.050000
v 1.690000 3.230000 0.050000
v 1.690000 3.350000 0.050000
v 1.410000 3.350000 0.050000
v 1.410000 3.230000 0.170000
v 1.690000 3.230000 0.170000
v 1.690000 3.350000 0.170000
v 1.410000 3.350000 0.170000
v 2.390000 3.080000 0.050000
v 2.385595 3.107812 0.050000
v 2.372812 3.132901 0.050000
v 2.352901 3.152812 0.050000
v 2.327812 3.165595 0.050000
v 2.300000 3.170000 0.050000
v 2.272188 3.165595 0.050000
v 2.247099 3.152812 0.050000
v 2.227188 3.132901 0.050000
v 2.214405 3.107812 0.050000
v 2.210000 3.080000 0.050000
v 2.214405 3.052188 0.050000
v 2.227188 3.027099 0.050000
v 2.247099 3.007188 0.050000
v 2.272188 2.994405 0.050000
v 2.300000 2.990000 0.050000
v 2.327812 2.994405 0.050000
v 2.352901 3.007188 0.050000
v 2.372812 3.027099 0.050000
v 2.385595 3.052188 0.050000
v 2.390000 3.080000 0.160000
v 2.385595 3.107812 0.160000
v 2.372812 3.132901 0.160000
v 2.352901 3.152812 0.160000
v 2.327812 3.165595 0.160000
v 2.300000 3.170000 0.160000
v 2.272188 3.165595 0.160000
v 2.247099 3.152812 0.160000
v 2.227188 3.132901 0.160000
v 2.214405 3.107812 0.160000
v 2.210000 3.080000 0.160000
v 2.214405 3.052188 0.160000
v 2.227188 3.027099 0.160000
v 2.247099 3.007188 0.160000
v 2.272188 2.994405 0.160000
v 2.300000 2.990000 0.160000
v 2.327812 2.994405 0.160000
v 2.352901 3.007188 0.160000
v 2.372812 3.027099 0.160000
v 2.385595 3.052188 0.160000
v 2.740000 3.080000 0.050000
v 2.735595 3.107812 0.050000
v 2.722812 3.132901 0.050000
v 2.702901 3.152812 0.050000
v 2.677812 3.165595 0.050000
v 2.650000 3.170000 0.050000
v 2.622188 3.165595 0.050000
v 2.597099 3.152812 0.050000
v 2.577188 3.132901 0.050000
v 2.564405 3.107812 0.050000
v 2.560000 3.080000 0.050000
v 2.564405 3.052188 0.050000
v 2.577188 3.027099 0.050000
v 2.597099 3.007188 0.050000
v 2.622188 2.994405 0.050000
v 2.650000 2.990000 0.050000
v 2.677812 2.994405 0.050000
v 2.702901 3.007188 0.050000
v 2.722812 3.027099 0.050000
v 2.735595 3.052188 0.050000
v 2.740000 3.080000 0.160000
v 2.735595 3.107812 0.160000
v 2.722812 3.132901 0.160000
v 2.702901 3.152812 0.160000
v 2.677812 3.165595 0.160000
v 2.650000 3.170000 0.160000
v 2.622188 3.165595 0.160000
v 2.597099 3.152812 0.160000
v 2.577188 3.132901 0.160000
v 2.564405 3.107812 0.160000
v 2.560000 3.080000 0.160000
v 2.564405 3.052188 0.160000
v 2.577188 3.027099 0.160000
v 2.597099 3.007188 0.160000
v 2.622188 2.994405 0.160000
v 2.650000 2.990000 0.160000
v 2.677812 2.994405 0.160000
v 2.702901 3.007188 0.160000
v 2.722812 3.027099 0.160000
v 2.735595 3.052188 0.160000
v 2.815000 2.770000 0.050000
v 2.812798 2.783906 0.050000
v 2.806406 2.796450 0.050000
v 2.796450 2.806406 0.050000
v 2.783906 2.812798 0.050000
v 2.770000 2.815000 0.050000
v 2.756094 2.812798 0.050000
v 2.743550 2.806406 0.050000
v 2.733594 2.796450 0.050000
v 2.727202 2.783906 0.050000
v 2.725000 2.770000 0.050000
v 2.727202 2.756094 0.050000
v 2.733594 2.743550 0.050000
v 2.743550 2.733594 0.050000
v 2.756094 2.727202 0.050000
v 2.770000 2.725000 0.050000
v 2.783906 2.727202 0.050000
v 2.796450 2.733594 0.050000
v 2.806406 2.743550 0.050000
v 2.812798 2.756094 0.050000
v 2.815000 2.770000 0.130000
v 2.812798 2.783906 0.130000
v 2.806406 2.796450 0.130000
v 2.796450 2.806406 0.130000
v 2.783906 2.812798 0.130000
v 2.770000 2.815000 0.130000
v 2.756094 2.812798 0.130000
v 2.743550 2.806406 0.130000
v 2.733594 2.796450 0.130000
v 2.727202 2.783906 0.130000
v 2.725000 2.770000 0.130000
v 2.727202 2.756094 0.130000
v 2.733594 2.743550 0.130000
v 2.743550 2.733594 0.130000
v 2.756094 2.727202 0.130000
v 2.770000 2.725000 0.130000
v 2.783906 2.727202 0.130000
v 2.796450 2.733594 0.130000
v 2.806406 2.743550 0.130000
v 2.812798 2.756094 0.130000
v 2.615000 2.740000 0.050000
v 2.612308 2.756996 0.050000
v 2.604496 2.772328 0.050000
v 2.592328 2.784496 0.050000
v 2.576996 2.792308 0.050000
v 2.560000 2.795000 0.050000
v 2.543004 2.792308 0.050000
v 2.527672 2.784496 0.050000
v 2.515504 2.772328 0.050000
v 2.507692 2.756996 0.050000
v 2.505000 2.740000 0.050000
v 2.507692 2.723004 0.050000
v 2.515504 2.707672 0.050000
v 2.527672 2.695504 0.050000
v 2.543004 2.687692 0.050000
v 2.560000 2.685000 0.050000
v 2.576996 2.687692 0.050000
v 2.592328 2.695504 0.050000
v 2.604496 2.707672 0.050000
v 2.612308 2.723004 0.050000
v 2.615000 2.740000 0.130000
v 2.612308 2.756996 0.130000
v 2.604496 2.772328 0.130000
v 2.592328 2.784496 0.130000
v 2.576996 2.792308 0.130000
v 2.560000 2.795000 0.130000
v 2.543004 2.792308 0.130000
v 2.527672 2.784496 0.130000
v 2.515504 2.772328 0.130000
v 2.507692 2.756996 0.130000
v 2.505000 2.740000 0.130000
v 2.507692 2.723004 0.130000
v 2.515504 2.707672 0.130000
v 2.527672 2.695504 0.130000
v 2.543004 2.687692 0.130000
v 2.560000 2.685000 0.130000
v 2.576996 2.687692 0.130000
v 2.592328 2.695504 0.130000
v 2.604496 2.707672 0.130000
v 2.612308 2.723004 0.130000
v 2.340000 3.230000 0.050000
v 2.620000 3.230000 0.050000
v 2.620000 3.350000 0.050000
v 2.340000 3.350000 0.050000
v 2.340000 3.230000 0.170000
v 2.620000 3.230000 0.170000
v 2.620000 3.350000 0.170000
v 2.340000 3.350000 0.170000
v 1.370000 1.910000 0.050000
v 1.365595 1.937812 0.050000
v 1.352812 1.962901 0.050000
v 1.332901 1.982812 0.050000
v 1.307812 1.995595 0.050000
v 1.280000 2.000000 0.050000
v 1.252188 1.995595 0.050000
v 1.227099 1.982812 0.050000
v 1.207188 1.962901 0.050000
v 1.194405 1.937812 0.050000
v 1.190000 1.910000 0.050000
v 1.194405 1.882188 0.050000
v 1.207188 1.857099 0.050000
v 1.227099 1.837188 0.050000
v 1.252188 1.824405 0.050000
v 1.280000 1.820000 0.050000
v 1.307812 1.824405 0.050000
v 1.332901 1.837188 0.050000
v 1.352812 1.857099 0.050000
v 1.365595 1.882188 0.050000
v 1.370000 1.910000 0.160000
v 1.365595 1.937812 0.160000
v 1.352812 1.962901 0.160000
v 1.332901 1.982812 0.160000
v 1.307812 1.995595 0.160000
v 1.280000 2.000000 0.160000
v 1.252188 1.995595 0.160000
v 1.227099 1.982812 0.160000
v 1.207188 1.962901 0.160000
v 1.194405 1.937812 0.160000
v 1.190000 1.910000 0.160000
v 1.194405 1.882188 0.160000
v 1.207188 1.857099 0.160000
v 1.227099 1.837188 0.160000
v 1.252188 1.824405 0.160000
v 1.280000 1.820000 0.160000
v 1.307812 1.824405 0.160000
v 1.332901 1.837188 0.160000
v 1.352812 1.857099 0.160000
v 1.365595 1.882188 0.160000
v 1.670000 1.910000 0.050000
v 1.665595 1.937812 0.050000
v 1.652812 1.962901 0.050000
v 1.632901 1.982812 0.050000
v 1.607812 1.995595 0.050000
v 1.580000 2.000000 0.050000
v 1.552188 1.995595 0.050000
v 1.527099 1.982812 0.050000
v 1.507188 1.962901 0.050000
v 1.494405 1.937812 0.050000
v 1.490000 1.910000 0.050000
v 1.494405 1.882188 0.050000
v 1.507188 1.857099 0.050000
v 1.527099 1.837188 0.050000
v 1.552188 1.824405 0.050000
v 1.580000 1.820000 0.050000
v 1.607812 1.824405 0.050000
v 1.632901 1.837188 0.050000
v 1.652812 1.857099 0.050000
v 1.665595 1.882188 0.050000
v 1.670000 1.910000 0.160000
v 1.665595 1.937812 0.160000
v 1.652812 1.962901 0.160000
v 1.632901 1.982812 0.160000
v 1.607812 1.995595 0.160000
v 1.580000 2.000000 0.160000
v 1.552188 1.995595 0.160000
v 1.527099 1.982812 0.160000
v 1.507188 1.962901 0.160000
v 1.494405 1.937812 0.160000
v 1.490000 1.910000 0.160000
v 1.494405 1.882188 0.160000
v 1.507188 1.857099 0.160000
v 1.527099 1.837188 0.160000
v 1.552188 1.824405 0.160000
v 1.580000 1.820000 0.160000
v 1.607812 1.824405 0.160000
v 1.632901 1.837188 0.160000
v 1.652812 1.857099 0.160000
v 1.665595 1.882188 0.160000
v 1.540000 1.570000 0.050000
v 1.537063 1.588541 0.050000
v 1.528541 1.605267 0.050000
v 1.515267 1.618541 0.050000
v 1.498541 1.627063 0.050000
v 1.480000 1.630000 0.050000
v 1.461459 1.627063 0.050000
v 1.444733 1.618541 0.050000
v 1.431459 1.605267 0.050000
v 1.422937 1.588541 0.050000
v 1.420000 1.570000 0.050000
v 1.422937 1.551459 0.050000
v 1.431459 1.534733 0.050000
v 1.444733 1.521459 0.050000
v 1.461459 1.512937 0.050000
v 1.480000 1.510000 0.050000
v 1.498541 1.512937 0.050000
v 1.515267 1.521459 0.050000
v 1.528541 1.534733 0.050000
v 1.537063 1.551459 0.050000
v 1.540000 1.570000 0.130000
v 1.537063 1.588541 0.130000
v 1.528541 1.605267 0.130000
v 1.515267 1.618541 0.130000
v 1.498541 1.627063 0.130000
v 1.480000 1.630000 0.130000
v 1.461459 1.627063 0.130000
v 1.444733 1.618541 0.130000
v 1.431459 1.605267 0.130000
v 1.422937 1.588541 0.130000
v 1.420000 1.570000 0.130000
v 1.422937 1.551459 0.130000
v 1.431459 1.534733 0.130000
v 1.444733 1.521459 0.130000
v 1.461459 1.512937 0.130000
v 1.480000 1.510000 0.130000
v 1.498541 1.512937 0.130000
v 1.515267 1.521459 0.130000
v 1.528541 1.534733 0.130000
v 1.537063 1.551459 0.130000
v 2.390000 1.920000 0.050000
v 2.385595 1.947812 0.050000
v 2.372812 1.972901 0.050000
v 2.352901 1.992812 0.050000
v 2.327812 2.005595 0.050000
v 2.300000 2.010000 0.050000
v 2.272188 2.005595 0.050000
v 2.247099 1.992812 0.050000
v 2.227188 1.972901 0.050000
v 2.214405 1.947812 0.050000
v 2.210000 1.920000 0.050000
v 2.214405 1.892188 0.050000
v 2.227188 1.867099 0.050000
v 2.247099 1.847188 0.050000
v 2.272188 1.834405 0.050000
v 2.300000 1.830000 0.050000
v 2.327812 1.834405 0.050000
v 2.352901 1.847188 0.050000
v 2.372812 1.867099 0.050000
v 2.385595 1.892188 0.050000
v 2.390000 1.920000 0.160000
v 2.385595 1.947812 0.160000
v 2.372812 1.972901 0.160000
v 2.352901 1.992812 0.160000
v 2.327812 2.005595 0.160000
v 2.300000 2.010000 0.160000
v 2.272188 2.005595 0.160000
v 2.247099 1.992812 0.160000
v 2.227188 1.972901 0.160000
v 2.214405 1.947812 0.160000
v 2.210000 1.920000 0.160000
v 2.214405 1.892188 0.160000
v 2.227188 1.867099 0.160000
v 2.247099 1.847188 0.160000
v 2.272188 1.834405 0.160000
v 2.300000 1.830000 0.160000
v 2.327812 1.834405 0.160000
v 2.352901 1.847188 0.160000
v 2.372812 1.867099 0.160000
v 2.385595 1.892188 0.160000
v 2.710000 1.930000 0.050000
v 2.705595 1.957812 0.050000
v 2.692812 1.982901 0.050000
v 2.672901 2.002812 0.050000
v 2.647812 2.015595 0.050000
v 2.620000 2.020000 0.050000
v 2.592188 2.015595 0.050000
v 2.567099 2.002812 0.050000
v 2.547188 1.982901 0.050000
v 2.534405 1.957812 0.050000
v 2.530000 1.930000 0.050000
v 2.534405 1.902188 0.050000
v 2.547188 1.877099 0.050000
v 2.567099 1.857188 0.050000
v 2.592188 1.844405 0.050000
v 2.620000 1.840000 0.050000
v 2.647812 1.844405 0.050000
v 2.672901 1.857188 0.050000
v 2.692812 1.877099 0.050000
v 2.705595 1.902188 0.050000
v 2.710000 1.930000 0.160000
v 2.705595 1.957812 0.160000
v 2.692812 1.982901 0.160000
v 2.672901 2.002812 0.160000
v 2.647812 2.015595 0.160000
v 2.620000 2.020000 0.160000
v 2.592188 2.015595 0.160000
v 2.567099 2.002812 0.160000
v 2.547188 1.982901 0.160000
v 2.534405 1.957812 0.160000
v 2.530000 1.930000 0.160000
v 2.534405 1.902188 0.160000
v 2.547188 1.877099 0.160000
v 2.567099 1.857188 0.160000
v 2.592188 1.844405 0.160000
v 2.620000 1.840000 0.160000
v 2.647812 1.844405 0.160000
v 2.672901 1.857188 0.160000
v 2.692812 1.877099 0.160000
v 2.705595 1.902188 0.160000
v 2.840000 1.620000 0.050000
v 2.835595 1.647812 0.050000
v 2.822812 1.672901 0.050000
v 2.802901 1.692812 0.050000
v 2.777812 1.705595 0.050000
v 2.750000 1.710000 0.050000
v 2.722188 1.705595 0.050000
v 2.697099 1.692812 0.050000
v 2.677188 1.672901 0.050000
v 2.664405 1.647812 0.050000
v 2.660000 1.620000 0.050000
v 2.664405 1.592188 0.050000
v 2.677188 1.567099 0.050000
v 2.697099 1.547188 0.050000
v 2.722188 1.534405 0.050000
v 2.750000 1.530000 0.050000
v 2.777812 1.534405 0.050000
v 2.802901 1.547188 0.050000
v 2.822812 1.567099 0.050000
v 2.835595 1.592188 0.050000
v 2.840000 1.620000 0.160000
v 2.835595 1.647812 0.160000
v 2.822812 1.672901 0.160000
v 2.802901 1.692812 0.160000
v 2.777812 1.705595 0.160000
v 2.750000 1.710000 0.160000
v 2.722188 1.705595 0.160000
v 2.697099 1.692812 0.160000
v 2.677188 1.672901 0.160000
v 2.664405 1.647812 0.160000
v 2.660000 1.620000 0.160000
v 2.664405 1.592188 0.160000
v 2.677188 1.567099 0.160000
v 2.697099 1.547188 0.160000
v 2.722188 1.534405 0.160000
v 2.750000 1.530000 0.160000
v 2.777812 1.534405 0.160000
v 2.802901 1.547188 0.160000
v 2.822812 1.567099 0.160000
v 2.835595 1.592188 0.160000
v 2.535000 2.050000 0.050000
v 2.532308 2.066996 0.050000
v 2.524496 2.082328 0.050000
v 2.512328 2.094496 0.050000
v 2.496996 2.102308 0.050000
v 2.480000 2.105000 0.050000
v 2.463004 2.102308 0.050000
v 2.447672 2.094496 0.050000
v 2.435504 2.082328 0.050000
v 2.427692 2.066996 0.050000
v 2.425000 2.050000 0.050000
v 2.427692 2.033004 0.050000
v 2.435504 2.017672 0.050000
v 2.447672 2.005504 0.050000
v 2.463004 1.997692 0.050000
v 2.480000 1.995000 0.050000
v 2.496996 1.997692 0.050000
v 2.512328 2.005504 0.050000
v 2.524496 2.017672 0.050000
v 2.532308 2.033004 0.050000
v 2.535000 2.050000 0.130000
v 2.532308 2.066996 0.130000
v 2.524496 2.082328 0.130000
v 2.512328 2.094496 0.130000
v 2.496996 2.102308 0.130000
v 2.480000 2.105000 0.130000
v 2.463004 2.102308 0.130000
v 2.447672 2.094496 0.130000
v 2.435504 2.082328 0.130000
v 2.427692 2.066996 0.130000
v 2.425000 2.050000 0.130000
v 2.427692 2.033004 0.130000
v 2.435504 2.017672 0.130000
v 2.447672 2.005504 0.130000
v 2.463004 1.997692 0.130000
v 2.480000 1.995000 0.130000
v 2.496996 1.997692 0.130000
v 2.512328 2.005504 0.130000
v 2.524496 2.017672 0.130000
v 2.532308 2.033004 0.130000
v 2.560000 2.020000 0.050000
v 2.840000 2.020000 0.050000
v 2.840000 2.140000 0.050000
v 2.560000 2.140000 0.050000
v 2.560000 2.020000 0.150000
v 2.840000 2.020000 0.150000
v 2.840000 2.140000 0.150000
v 2.560000 2.140000 0.150000
v 2.560000 1.420000 0.050000
v 2.840000 1.420000 0.050000
v 2.840000 1.540000 0.050000
v 2.560000 1.540000 0.050000
v 2.560000 1.420000 0.150000
v 2.840000 1.420000 0.150000
v 2.840000 1.540000 0.150000
v 2.560000 1.540000 0.150000
v 0.000000 4.600000 0.050000
v 0.120000 4.600000 0.050000
v 0.120000 4.720000 0.050000
v 0.000000 4.720000 0.050000
v 0.000000 4.600000 0.270000
v 0.120000 4.600000 0.270000
v 0.120000 4.720000 0.270000
v 0.000000 4.720000 0.270000
v 0.970000 4.600000 0.050000
v 1.230000 4.600000 0.050000
v 1.230000 4.720000 0.050000
v 0.970000 4.720000 0.050000
v 0.970000 4.600000 0.270000
v 1.230000 4.600000 0.270000
v 1.230000 4.720000 0.270000
v 0.970000 4.720000 0.270000
v 2.080000 4.600000 0.050000
v 2.320000 4.600000 0.050000
v 2.320000 4.720000 0.050000
v 2.080000 4.720000 0.050000
v 2.080000 4.600000 0.430000
v 2.320000 4.600000 0.430000
v 2.320000 4.720000 0.430000
v 2.080000 4.720000 0.430000
v 3.860000 4.600000 0.050000
v 3.980000 4.600000 0.050000
v 3.980000 4.720000 0.050000
v 3.860000 4.720000 0.050000
v 3.860000 4.600000 0.270000
v 3.980000 4.600000 0.270000
v 3.980000 4.720000 0.270000
v 3.860000 4.720000 0.270000
v 0.000000 1.270000 0.050000
v 0.120000 1.270000 0.050000
v 0.120000 1.530000 0.050000
v 0.000000 1.530000 0.050000
v 0.000000 1.270000 0.390000
v 0.120000 1.270000 0.390000
v 0.120000 1.530000 0.390000
v 0.000000 1.530000 0.390000
v 0.000000 2.140000 0.050000
v 0.120000 2.140000 0.050000
v 0.120000 2.360000 0.050000
v 0.000000 2.360000 0.050000
v 0.000000 2.140000 0.290000
v 0.120000 2.140000 0.290000
v 0.120000 2.360000 0.290000
v 0.000000 2.360000 0.290000
v 0.000000 2.940000 0.050000
v 0.120000 2.940000 0.050000
v 0.120000 3.160000 0.050000
v 0.000000 3.160000 0.050000
v 0.000000 2.940000 0.290000
v 0.120000 2.940000 0.290000
v 0.120000 3.160000 0.290000
v 0.000000 3.160000 0.290000
v 0.000000 3.490000 0.050000
v 0.120000 3.490000 0.050000
v 0.120000 3.710000 0.050000
v 0.000000 3.710000 0.050000
v 0.000000 3.490000 0.290000
v 0.120000 3.490000 0.290000
v 0.120000 3.710000 0.290000
v 0.000000 3.710000 0.290000
v 3.880000 0.940000 0.050000
v 4.000000 0.940000 0.050000
v 4.000000 1.160000 0.050000
v 3.880000 1.160000 0.050000
v 3.880000 0.940000 0.290000
v 4.000000 0.940000 0.290000
v 4.000000 1.160000 0.290000
v 3.880000 1.160000 0.290000
v 3.880000 2.140000 0.050000
v 4.000000 2.140000 0.050000
v 4.000000 2.360000 0.050000
v 3.880000 2.360000 0.050000
v 3.880000 2.140000 0.330000
v 4.000000 2.140000 0.330000
v 4.000000 2.360000 0.330000
v 3.880000 2.360000 0.330000
v 3.880000 2.940000 0.050000
v 4.000000 2.940000 0.050000
v 4.000000 3.160000 0.050000
v 3.880000 3.160000 0.050000
v 3.880000 2.940000 0.370000
v 4.000000 2.940000 0.370000
v 4.000000 3.160000 0.370000
v 3.880000 3.160000 0.370000
v 3.880000 3.490000 0.050000
v 4.000000 3.490000 0.050000
v 4.000000 3.710000 0.050000
v 3.880000 3.710000 0.050000
v 3.880000 3.490000 0.290000
v 4.000000 3.490000 0.290000
v 4.000000 3.710000 0.290000
v 3.880000 3.710000 0.290000
v 0.000000 0.000000 0.050000
v 0.120000 0.000000 0.050000
v 0.120000 0.120000 0.050000
v 0.000000 0.120000 0.050000
v 0.000000 0.000000 0.290000
v 0.120000 0.000000 0.290000
v 0.120000 0.120000 0.290000
v 0.000000 0.120000 0.290000
v 0.970000 0.000000 0.050000
v 1.230000 0.000000 0.050000
v 1.230000 0.120000 0.050000
v 0.970000 0.120000 0.050000
v 0.970000 0.000000 0.290000
v 1.230000 0.000000 0.290000
v 1.230000 0.120000 0.290000
v 0.970000 0.120000 0.290000
v 1.770000 0.000000 0.050000
v 2.030000 0.000000 0.050000
v 2.030000 0.120000 0.050000
v 1.770000 0.120000 0.050000
v 1.770000 0.000000 0.330000
v 2.030000 0.000000 0.330000
v 2.030000 0.120000 0.330000
v 1.770000 0.120000 0.330000
v 2.470000 0.000000 0.050000
v 2.730000 0.000000 0.050000
v 2.730000 0.120000 0.050000
v 2.470000 0.120000 0.050000
v 2.470000 0.000000 0.290000
v 2.730000 0.000000 0.290000
v 2.730000 0.120000 0.290000
v 2.470000 0.120000 0.290000
v 2.940000 0.000000 0.050000
v 3.060000 0.000000 0.050000
v 3.060000 0.120000 0.050000
v 2.940000 0.120000 0.050000
v 2.940000 0.000000 0.430000
v 3.060000 0.000000 0.430000
v 3.060000 0.120000 0.430000
v 2.940000 0.120000 0.430000
v 3.860000 0.000000 0.050000
v 3.980000 0.000000 0.050000
v 3.980000 0.120000 0.050000
v 3.860000 0.120000 0.050000
v 3.860000 0.000000 0.290000
v 3.980000 0.000000 0.290000
v 3.980000 0.120000 0.290000
v 3.860000 0.120000 0.290000
v 0.117500 0.700000 0.050000
v 0.112374 0.712374 0.050000
v 0.100000 0.717500 0.050000
v 0.087626 0.712374 0.050000
v 0.082500 0.700000 0.050000
v 0.087626 0.687626 0.050000
v 0.100000 0.682500 0.050000
v 0.112374 0.687626 0.050000
v 0.117500 0.700000 0.150000
v 0.112374 0.712374 0.150000
v 0.100000 0.717500 0.150000
v 0.087626 0.712374 0.150000
v 0.082500 0.700000 0.150000
v 0.087626 0.687626 0.150000
v 0.100000 0.682500 0.150000
v 0.112374 0.687626 0.150000
v 0.117500 0.822222 0.050000
v 0.112374 0.834597 0.050000
v 0.100000 0.839722 0.050000
v 0.087626 0.834597 0.050000
v 0.082500 0.822222 0.050000
v 0.087626 0.809848 0.050000
v 0.100000 0.804722 0.050000
v 0.112374 0.809848 0.050000
v 0.117500 0.822222 0.150000
v 0.112374 0.834597 0.150000
v 0.100000 0.839722 0.150000
v 0.087626 0.834597 0.150000
v 0.082500 0.822222 0.150000
v 0.087626 0.809848 0.150000
v 0.100000 0.804722 0.150000
v 0.112374 0.809848 0.150000
v 0.117500 0.944444 0.050000
v 0.112374 0.956819 0.050000
v 0.100000 0.961944 0.050000
v 0.087626 0.956819 0.050000
v 0.082500 0.944444 0.050000
v 0.087626 0.932070 0.050000
v 0.100000 0.926944 0.050000
v 0.112374 0.932070 0.050000
v 0.117500 0.944444 0.150000
v 0.112374 0.956819 0.150000
v 0.100000 0.961944 0.150000
v 0.087626 0.956819 0.150000
v 0.082500 0.944444 0.150000
v 0.087626 0.932070 0.150000
v 0.100000 0.926944 0.150000
v 0.112374 0.932070 0.150000
v 0.117500 1.066667 0.050000
v 0.112374 1.079041 0.050000
v 0.100000 1.084167 0.050000
v 0.087626 1.079041 0.050000
v 0.082500 1.066667 0.050000
v 0.087626 1.054292 0.050000
v 0.100000 1.049167 0.050000
v 0.112374 1.054292 0.050000
v 0.117500 1.066667 0.150000
v 0.112374 1.079041 0.150000
v 0.100000 1.084167 0.150000
v 0.087626 1.079041 0.150000
v 0.082500 1.066667 0.150000
v 0.087626 1.054292 0.150000
v 0.100000 1.049167 0.150000
v 0.112374 1.054292 0.150000
v 0.117500 1.188889 0.050000
v 0.112374 1.201263 0.050000
v 0.100000 1.206389 0.050000
v 0.087626 1.201263 0.050000
v 0.082500 1.188889 0.050000
v 0.087626 1.176515 0.050000
v 0.100000 1.171389 0.050000
v 0.112374 1.176515 0.050000
v 0.117500 1.188889 0.150000
v 0.112374 1.201263 0.150000
v 0.100000 1.206389 0.150000
v 0.087626 1.201263 0.150000
v 0.082500 1.188889 0.150000
v 0.087626 1.176515 0.150000
v 0.100000 1.171389 0.150000
v 0.112374 1.176515 0.150000
v 0.117500 1.311111 0.050000
v 0.112374 1.323485 0.050000
v 0.100000 1.328611 0.050000
v 0.087626 1.323485 0.050000
v 0.082500 1.311111 0.050000
v 0.087626 1.298737 0.050000
v 0.100000 1.293611 0.050000
v 0.112374 1.298737 0.050000
v 0.117500 1.311111 0.150000
v 0.112374 1.323485 0.150000
v 0.100000 1.328611 0.150000
v 0.087626 1.323485 0.150000
v 0.082500 1.311111 0.150000
v 0.087626 1.298737 0.150000
v 0.100000 1.293611 0.150000
v 0.112374 1.298737 0.150000
v 0.117500 1.433333 0.050000
v 0.112374 1.445708 0.050000
v 0.100000 1.450833 0.050000
v 0.087626 1.445708 0.050000
v 0.082500 1.433333 0.050000
v 0.087626 1.420959 0.050000
v 0.100000 1.415833 0.050000
v 0.112374 1.420959 0.050000
v 0.117500 1.433333 0.150000
v 0.112374 1.445708 0.150000
v 0.100000 1.450833 0.150000
v 0.087626 1.445708 0.150000
v 0.082500 1.433333 0.150000
v 0.087626 1.420959 0.150000
v 0.100000 1.415833 0.150000
v 0.112374 1.420959 0.150000
v 0.117500 1.555556 0.050000
v 0.112374 1.567930 0.050000
v 0.100000 1.573056 0.050000
v 0.087626 1.567930 0.050000
v 0.082500 1.555556 0.050000
v 0.087626 1.543181 0.050000
v 0.100000 1.538056 0.050000
v 0.112374 1.543181 0.050000
v 0.117500 1.555556 0.150000
v 0.112374 1.567930 0.150000
v 0.100000 1.573056 0.150000
v 0.087626 1.567930 0.150000
v 0.082500 1.555556 0.150000
v 0.087626 1.543181 0.150000
v 0.100000 1.538056 0.150000
v 0.112374 1.543181 0.150000
v 0.117500 1.677778 0.050000
v 0.112374 1.690152 0.050000
v 0.100000 1.695278 0.050000
v 0.087626 1.690152 0.050000
v 0.082500 1.677778 0.050000
v 0.087626 1.665403 0.050000
v 0.100000 1.660278 0.050000
v 0.112374 1.665403 0.050000
v 0.117500 1.677778 0.150000
v 0.112374 1.690152 0.150000
v 0.100000 1.695278 0.150000
v 0.087626 1.690152 0.150000
v 0.082500 1.677778 0.150000
v 0.087626 1.665403 0.150000
v 0.100000 1.660278 0.150000
v 0.112374 1.665403 0.150000
v 0.117500 1.800000 0.050000
v 0.112374 1.812374 0.050000
v 0.100000 1.817500 0.050000
v 0.087626 1.812374 0.050000
v 0.082500 1.800000 0.050000
v 0.087626 1.787626 0.050000
v 0.100000 1.782500 0.050000
v 0.112374 1.787626 0.050000
v 0.117500 1.800000 0.150000
v 0.112374 1.812374 0.150000
v 0.100000 1.817500 0.150000
v 0.087626 1.812374 0.150000
v 0.082500 1.800000 0.150000
v 0.087626 1.787626 0.150000
v 0.100000 1.782500 0.150000
v 0.112374 1.787626 0.150000
v 0.117500 1.922222 0.050000
v 0.112374 1.934597 0.050000
v 0.100000 1.939722 0.050000
v 0.087626 1.934597 0.050000
v 0.082500 1.922222 0.050000
v 0.087626 1.909848 0.050000
v 0.100000 1.904722 0.050000
v 0.112374 1.909848 0.050000
v 0.117500 1.922222 0.150000
v 0.112374 1.934597 0.150000
v 0.100000 1.939722 0.150000
v 0.087626 1.934597 0.150000
v 0.082500 1.922222 0.150000
v 0.087626 1.909848 0.150000
v 0.100000 1.904722 0.150000
v 0.112374 1.909848 0.150000
v 0.117500 2.044444 0.050000
v 0.112374 2.056819 0.050000
v 0.100000 2.061944 0.050000
v 0.087626 2.056819 0.050000
v 0.082500 2.044444 0.050000
v 0.087626 2.032070 0.050000
v 0.100000 2.026944 0.050000
v 0.112374 2.032070 0.050000
v 0.117500 2.044444 0.150000
v 0.112374 2.056819 0.150000
v 0.100000 2.061944 0.150000
v 0.087626 2.056819 0.150000
v 0.082500 2.044444 0.150000
v 0.087626 2.032070 0.150000
v 0.100000 2.026944 0.150000
v 0.112374 2.032070 0.150000
v 0.117500 2.166667 0.050000
v 0.112374 2.179041 0.050000
v 0.100000 2.184167 0.050000
v 0.087626 2.179041 0.050000
v 0.082500 2.166667 0.050000
v 0.087626 2.154292 0.050000
v 0.100000 2.149167 0.050000
v 0.112374 2.154292 0.050000
v 0.117500 2.166667 0.150000
v 0.112374 2.179041 0.150000
v 0.100000 2.184167 0.150000
v 0.087626 2.179041 0.150000
v 0.082500 2.166667 0.150000
v 0.087626 2.154292 0.150000
v 0.100000 2.149167 0.150000
v 0.112374 2.154292 0.150000
v 0.117500 2.288889 0.050000
v 0.112374 2.301263 0.050000
v 0.100000 2.306389 0.050000
v 0.087626 2.301263 0.050000
v 0.082500 2.288889 0.050000
v 0.087626 2.276515 0.050000
v 0.100000 2.271389 0.050000
v 0.112374 2.276515 0.050000
v 0.117500 2.288889 0.150000
v 0.112374 2.301263 0.150000
v 0.100000 2.306389 0.150000
v 0.087626 2.301263 0.150000
v 0.082500 2.288889 0.150000
v 0.087626 2.276515 0.150000
v 0.100000 2.271389 0.150000
v 0.112374 2.276515 0.150000
v 0.117500 2.411111 0.050000
v 0.112374 2.423485 0.050000
v 0.100000 2.428611 0.050000
v 0.087626 2.423485 0.050000
v 0.082500 2.411111 0.050000
v 0.087626 2.398737 0.050000
v 0.100000 2.393611 0.050000
v 0.112374 2.398737 0.050000
v 0.117500 2.411111 0.150000
v 0.112374 2.423485 0.150000
v 0.100000 2.428611 0.150000
v 0.087626 2.423485 0.150000
v 0.082500 2.411111 0.150000
v 0.087626 2.398737 0.150000
v 0.100000 2.393611 0.150000
v 0.112374 2.398737 0.150000
v 0.117500 2.533333 0.050000
v 0.112374 2.545708 0.050000
v 0.100000 2.550833 0.050000
v 0.087626 2.545708 0.050000
v 0.082500 2.533333 0.050000
v 0.087626 2.520959 0.050000
v 0.100000 2.515833 0.050000
v 0.112374 2.520959 0.050000
v 0.117500 2.533333 0.150000
v 0.112374 2.545708 0.150000
v 0.100000 2.550833 0.150000
v 0.087626 2.545708 0.150000
v 0.082500 2.533333 0.150000
v 0.087626 2.520959 0.150000
v 0.100000 2.515833 0.150000
v 0.112374 2.520959 0.150000
v 0.117500 2.655556 0.050000
v 0.112374 2.667930 0.050000
v 0.100000 2.673056 0.050000
v 0.087626 2.667930 0.050000
v 0.082500 2.655556 0.050000
v 0.087626 2.643181 0.050000
v 0.100000 2.638056 0.050000
v 0.112374 2.643181 0.050000
v 0.117500 2.655556 0.150000
v 0.112374 2.667930 0.150000
v 0.100000 2.673056 0.150000
v 0.087626 2.667930 0.150000
v 0.082500 2.655556 0.150000
v 0.087626 2.643181 0.150000
v 0.100000 2.638056 0.150000
v 0.112374 2.643181 0.150000
v 0.117500 2.777778 0.050000
v 0.112374 2.790152 0.050000
v 0.100000 2.795278 0.050000
v 0.087626 2.790152 0.050000
v 0.082500 2.777778 0.050000
v 0.087626 2.765403 0.050000
v 0.100000 2.760278 0.050000
v 0.112374 2.765403 0.050000
v 0.117500 2.777778 0.150000
v 0.112374 2.790152 0.150000
v 0.100000 2.795278 0.150000
v 0.087626 2.790152 0.150000
v 0.082500 2.777778 0.150000
v 0.087626 2.765403 0.150000
v 0.100000 2.760278 0.150000
v 0.112374 2.765403 0.150000
v 0.117500 2.900000 0.050000
v 0.112374 2.912374 0.050000
v 0.100000 2.917500 0.050000
v 0.087626 2.912374 0.050000
v 0.082500 2.900000 0.050000
v 0.087626 2.887626 0.050000
v 0.100000 2.882500 0.050000
v 0.112374 2.887626 0.050000
v 0.117500 2.900000 0.150000
v 0.112374 2.912374 0.150000
v 0.100000 2.917500 0.150000
v 0.087626 2.912374 0.150000
v 0.082500 2.900000 0.150000
v 0.087626 2.887626 0.150000
v 0.100000 2.882500 0.150000
v 0.112374 2.887626 0.150000
v 0.117500 3.022222 0.050000
v 0.112374 3.034597 0.050000
v 0.100000 3.039722 0.050000
v 0.087626 3.034597 0.050000
v 0.082500 3.022222 0.050000
v 0.087626 3.009848 0.050000
v 0.100000 3.004722 0.050000
v 0.112374 3.009848 0.050000
v 0.117500 3.022222 0.150000
v 0.112374 3.034597 0.150000
v 0.100000 3.039722 0.150000
v 0.087626 3.034597 0.150000
v 0.082500 3.022222 0.150000
v 0.087626 3.009848 0.150000
v 0.100000 3.004722 0.150000
v 0.112374 3.009848 0.150000
v 0.117500 3.144444 0.050000
v 0.112374 3.156819 0.050000
v 0.100000 3.161944 0.050000
v 0.087626 3.156819 0.050000
v 0.082500 3.144444 0.050000
v 0.087626 3.132070 0.050000
v 0.100000 3.126944 0.050000
v 0.112374 3.132070 0.050000
v 0.117500 3.144444 0.150000
v 0.112374 3.156819 0.150000
v 0.100000 3.161944 0.150000
v 0.087626 3.156819 0.150000
v 0.082500 3.144444 0.150000
v 0.087626 3.132070 0.150000
v 0.100000 3.126944 0.150000
v 0.112374 3.132070 0.150000
v 0.117500 3.266667 0.050000
v 0.112374 3.279041 0.050000
v 0.100000 3.284167 0.050000
v 0.087626 3.279041 0.050000
v 0.082500 3.266667 0.050000
v 0.087626 3.254292 0.050000
v 0.100000 3.249167 0.050000
v 0.112374 3.254292 0.050000
v 0.117500 3.266667 0.150000
v 0.112374 3.279041 0.150000
v 0.100000 3.284167 0.150000
v 0.087626 3.279041 0.150000
v 0.082500 3.266667 0.150000
v 0.087626 3.254292 0.150000
v 0.100000 3.249167 0.150000
v 0.112374 3.254292 0.150000
v 0.117500 3.388889 0.050000
v 0.112374 3.401263 0.050000
v 0.100000 3.406389 0.050000
v 0.087626 3.401263 0.050000
v 0.082500 3.388889 0.050000
v 0.087626 3.376515 0.050000
v 0.100000 3.371389 0.050000
v 0.112374 3.376515 0.050000
v 0.117500 3.388889 0.150000
v 0.112374 3.401263 0.150000
v 0.100000 3.406389 0.150000
v 0.087626 3.401263 0.150000
v 0.082500 3.388889 0.150000
v 0.087626 3.376515 0.150000
v 0.100000 3.371389 0.150000
v 0.112374 3.376515 0.150000
v 0.117500 3.511111 0.050000
v 0.112374 3.523485 0.050000
v 0.100000 3.528611 0.050000
v 0.087626 3.523485 0.050000
v 0.082500 3.511111 0.050000
v 0.087626 3.498737 0.050000
v 0.100000 3.493611 0.050000
v 0.112374 3.498737 0.050000
v 0.117500 3.511111 0.150000
v 0.112374 3.523485 0.150000
v 0.100000 3.528611 0.150000
v 0.087626 3.523485 0.150000
v 0.082500 3.511111 0.150000
v 0.087626 3.498737 0.150000
v 0.100000 3.493611 0.150000
v 0.112374 3.498737 0.150000
v 0.117500 3.633333 0.050000
v 0.112374 3.645708 0.050000
v 0.100000 3.650833 0.050000
v 0.087626 3.645708 0.050000
v 0.082500 3.633333 0.050000
v 0.087626 3.620959 0.050000
v 0.100000 3.615833 0.050000
v 0.112374 3.620959 0.050000
v 0.117500 3.633333 0.150000
v 0.112374 3.645708 0.150000
v 0.100000 3.650833 0.150000
v 0.087626 3.645708 0.150000
v 0.082500 3.633333 0.150000
v 0.087626 3.620959 0.150000
v 0.100000 3.615833 0.150000
v 0.112374 3.620959 0.150000
v 0.117500 3.755556 0.050000
v 0.112374 3.767930 0.050000
v 0.100000 3.773056 0.050000
v 0.087626 3.767930 0.050000
v 0.082500 3.755556 0.050000
v 0.087626 3.743181 0.050000
v 0.100000 3.738056 0.050000
v 0.112374 3.743181 0.050000
v 0.117500 3.755556 0.150000
v 0.112374 3.767930 0.150000
v 0.100000 3.773056 0.150000
v 0.087626 3.767930 0.150000
v 0.082500 3.755556 0.150000
v 0.087626 3.743181 0.150000
v 0.100000 3.738056 0.150000
v 0.112374 3.743181 0.150000
v 0.117500 3.877778 0.050000
v 0.112374 3.890152 0.050000
v 0.100000 3.895278 0.050000
v 0.087626 3.890152 0.050000
v 0.082500 3.877778 0.050000
v 0.087626 3.865403 0.050000
v 0.100000 3.860278 0.050000
v 0.112374 3.865403 0.050000
v 0.117500 3.877778 0.150000
v 0.112374 3.890152 0.150000
v 0.100000 3.895278 0.150000
v 0.087626 3.890152 0.150000
v 0.082500 3.877778 0.150000
v 0.087626 3.865403 0.150000
v 0.100000 3.860278 0.150000
v 0.112374 3.865403 0.150000
v 0.117500 4.000000 0.050000
v 0.112374 4.012374 0.050000
v 0.100000 4.017500 0.050000
v 0.087626 4.012374 0.050000
v 0.082500 4.000000 0.050000
v 0.087626 3.987626 0.050000
v 0.100000 3.982500 0.050000
v 0.112374 3.987626 0.050000
v 0.117500 4.000000 0.150000
v 0.112374 4.012374 0.150000
v 0.100000 4.017500 0.150000
v 0.087626 4.012374 0.150000
v 0.082500 4.000000 0.150000
v 0.087626 3.987626 0.150000
v 0.100000 3.982500 0.150000
v 0.112374 3.987626 0.150000
v 0.267500 0.700000 0.050000
v 0.262374 0.712374 0.050000
v 0.250000 0.717500 0.050000
v 0.237626 0.712374 0.050000
v 0.232500 0.700000 0.050000
v 0.237626 0.687626 0.050000
v 0.250000 0.682500 0.050000
v 0.262374 0.687626 0.050000
v 0.267500 0.700000 0.150000
v 0.262374 0.712374 0.150000
v 0.250000 0.717500 0.150000
v 0.237626 0.712374 0.150000
v 0.232500 0.700000 0.150000
v 0.237626 0.687626 0.150000
v 0.250000 0.682500 0.150000
v 0.262374 0.687626 0.150000
v 0.267500 0.822222 0.050000
v 0.262374 0.834597 0.050000
v 0.250000 0.839722 0.050000
v 0.237626 0.834597 0.050000
v 0.232500 0.822222 0.050000
v 0.237626 0.809848 0.050000
v 0.250000 0.804722 0.050000
v 0.262374 0.809848 0.050000
v 0.267500 0.822222 0.150000
v 0.262374 0.834597 0.150000
v 0.250000 0.839722 0.150000
v 0.237626 0.834597 0.150000
v 0.232500 0.822222 0.150000
v 0.237626 0.809848 0.150000
v 0.250000 0.804722 0.150000
v 0.262374 0.809848 0.150000
v 0.267500 0.944444 0.050000
v 0.262374 0.956819 0.050000
v 0.250000 0.961944 0.050000
v 0.237626 0.956819 0.050000
v 0.232500 0.944444 0.050000
v 0.237626 0.932070 0.050000
v 0.250000 0.926944 0.050000
v 0.262374 0.932070 0.050000
v 0.267500 0.944444 0.150000
v 0.262374 0.956819 0.150000
v 0.250000 0.961944 0.150000
v 0.237626 0.956819 0.150000
v 0.232500 0.944444 0.150000
v 0.237626 0.932070 0.150000
v 0.250000 0.926944 0.150000
v 0.262374 0.932070 0.150000
v 0.267500 1.066667 0.050000
v 0.262374 1.079041 0.050000
v 0.250000 1.084167 0.050000
v 0.237626 1.079041 0.050000
v 0.232500 1.066667 0.050000
v 0.237626 1.054292 0.050000
v 0.250000 1.049167 0.050000
v 0.262374 1.054292 0.050000
v 0.267500 1.066667 0.150000
v 0.262374 1.079041 0.150000
v 0.250000 1.084167 0.150000
v 0.237626 1.079041 0.150000
v 0.232500 1.066667 0.150000
v 0.237626 1.054292 0.150000
v 0.250000 1.049167 0.150000
v 0.262374 1.054292 0.150000
v 0.267500 1.188889 0.050000
v 0.262374 1.201263 0.050000
v 0.250000 1.206389 0.050000
v 0.237626 1.201263 0.050000
v 0.232500 1.188889 0.050000
v 0.237626 1.176515 0.050000
v 0.250000 1.171389 0.050000
v 0.262374 1.176515 0.050000
v 0.267500 1.188889 0.150000
v 0.262374 1.201263 0.150000
v 0.250000 1.206389 0.150000
v 0.237626 1.201263 0.150000
v 0.232500 1.188889 0.150000
v 0.237626 1.176515 0.150000
v 0.250000 1.171389 0.150000
v 0.262374 1.176515 0.150000
v 0.267500 1.311111 0.050000
v 0.262374 1.323485 0.050000
v 0.250000 1.328611 0.050000
v 0.237626 1.323485 0.050000
v 0.232500 1.311111 0.050000
v 0.237626 1.298737 0.050000
v 0.250000 1.293611 0.050000
v 0.262374 1.298737 0.050000
v 0.267500 1.311111 0.150000
v 0.262374 1.323485 0.150000
v 0.250000 1.328611 0.150000
v 0.237626 1.323485 0.150000
v 0.232500 1.311111 0.150000
v 0.237626 1.298737 0.150000
v 0.250000 1.293611 0.150000
v 0.262374 1.298737 0.150000
v 0.267500 1.433333 0.050000
v 0.262374 1.445708 0.050000
v 0.250000 1.450833 0.050000
v 0.237626 1.445708 0.050000
v 0.232500 1.433333 0.050000
v 0.237626 1.420959 0.050000
v 0.250000 1.415833 0.050000
v 0.262374 1.420959 0.050000
v 0.267500 1.433333 0.150000
v 0.262374 1.445708 0.150000
v 0.250000 1.450833 0.150000
v 0.237626 1.445708 0.150000
v 0.232500 1.433333 0.150000
v 0.237626 1.420959 0.150000
v 0.250000 1.415833 0.150000
v 0.262374 1.420959 0.150000
v 0.267500 1.555556 0.050000
v 0.262374 1.567930 0.050000
v 0.250000 1.573056 0.050000
v 0.237626 1.567930 0.050000
v 0.232500 1.555556 0.050000
v 0.237626 1.543181 0.050000
v 0.250000 1.538056 0.050000
v 0.262374 1.543181 0.050000
v 0.267500 1.555556 0.150000
v 0.262374 1.567930 0.150000
v 0.250000 1.573056 0.150000
v 0.237626 1.567930 0.150000
v 0.232500 1.555556 0.150000
v 0.237626 1.543181 0.150000
v 0.250000 1.538056 0.150000
v 0.262374 1.543181 0.150000
v 0.267500 1.677778 0.050000
v 0.262374 1.690152 0.050000
v 0.250000 1.695278 0.050000
v 0.237626 1.690152 0.050000
v 0.232500 1.677778 0.050000
v 0.237626 1.665403 0.050000
v 0.250000 1.660278 0.050000
v 0.262374 1.665403 0.050000
v 0.267500 1.677778 0.150000
v 0.262374 1.690152 0.150000
v 0.250000 1.695278 0.150000
v 0.237626 1.690152 0.150000
v 0.232500 1.677778 0.150000
v 0.237626 1.665403 0.150000
v 0.250000 1.660278 0.150000
v 0.262374 1.665403 0.150000
v 0.267500 1.800000 0.050000
v 0.262374 1.812374 0.050000
v 0.250000 1.817500 0.050000
v 0.237626 1.812374 0.050000
v 0.232500 1.800000 0.050000
v 0.237626 1.787626 0.050000
v 0.250000 1.782500 0.050000
v 0.262374 1.787626 0.050000
v 0.267500 1.800000 0.150000
v 0.262374 1.812374 0.150000
v 0.250000 1.817500 0.150000
v 0.237626 1.812374 0.150000
v 0.232500 1.800000 0.150000
v 0.237626 1.787626 0.150000
v 0.250000 1.782500 0.150000
v 0.262374 1.787626 0.150000
v 0.267500 1.922222 0.050000
v 0.262374 1.934597 0.050000
v 0.250000 1.939722 0.050000
v 0.237626 1.934597 0.050000
v 0.232500 1.922222 0.050000
v 0.237626 1.909848 0.050000
v 0.250000 1.904722 0.050000
v 0.262374 1.909848 0.050000
v 0.267500 1.922222 0.150000
v 0.262374 1.934597 0.150000
v 0.250000 1.939722 0.150000
v 0.237626 1.934597 0.150000
v 0.232500 1.922222 0.150000
v 0.237626 1.909848 0.150000
v 0.250000 1.904722 0.150000
v 0.262374 1.909848 0.150000
v 0.267500 2.044444 0.050000
v 0.262374 2.056819 0.050000
v 0.250000 2.061944 0.050000
v 0.237626 2.056819 0.050000
v 0.232500 2.044444 0.050000
v 0.237626 2.032070 0.050000
v 0.250000 2.026944 0.050000
v 0.262374 2.032070 0.050000
v 0.267500 2.044444 0.150000
v 0.262374 2.056819 0.150000
v 0.250000 2.061944 0.150000
v 0.237626 2.056819 0.150000
v 0.232500 2.044444 0.150000
v 0.237626 2.032070 0.150000
v 0.250000 2.026944 0.150000
v 0.262374 2.032070 0.150000
v 0.267500 2.166667 0.050000
v 0.262374 2.179041 0.050000
v 0.250000 2.184167 0.050000
v 0.237626 2.179041 0.050000
v 0.232500 2.166667 0.050000
v 0.237626 2.154292 0.050000
v 0.250000 2.149167 0.050000
v 0.262374 2.154292 0.050000
v 0.267500 2.166667 0.150000
v 0.262374 2.179041 0.150000
v 0.250000 2.184167 0.150000
v 0.237626 2.179041 0.150000
v 0.232500 2.166667 0.150000
v 0.237626 2.154292 0.150000
v 0.250000 2.149167 0.150000
v 0.262374 2.154292 0.150000
v 0.267500 2.288889 0.050000
v 0.262374 2.301263 0.050000
v 0.250000 2.306389 0.050000
v 0.237626 2.301263 0.050000
v 0.232500 2.288889 0.050000
v 0.237626 2.276515 0.050000
v 0.250000 2.271389 0.050000
v 0.262374 2.276515 0.050000
v 0.267500 2.288889 0.150000
v 0.262374 2.301263 0.150000
v 0.250000 2.306389 0.150000
v 0.237626 2.301263 0.150000
v 0.232500 2.288889 0.150000
v 0.237626 2.276515 0.150000
v 0.250000 2.271389 0.150000
v 0.262374 2.276515 0.150000
v 0.267500 2.411111 0.050000
v 0.262374 2.423485 0.050000
v 0.250000 2.428611 0.050000
v 0.237626 2.423485 0.050000
v 0.232500 2.411111 0.050000
v 0.237626 2.398737 0.050000
v 0.250000 2.393611 0.050000
v 0.262374 2.398737 0.050000
v 0.267500 2.411111 0.150000
v 0.262374 2.423485 0.150000
v 0.250000 2.428611 0.150000
v 0.237626 2.423485 0.150000
v 0.232500 2.411111 0.150000
v 0.237626 2.398737 0.150000
v 0.250000 2.393611 0.150000
v 0.262374 2.398737 0.150000
v 0.267500 2.533333 0.050000
v 0.262374 2.545708 0.050000
v 0.250000 2.550833 0.050000
v 0.237626 2.545708 0.050000
v 0.232500 2.533333 0.050000
v 0.237626 2.520959 0.050000
v 0.250000 2.515833 0.050000
v 0.262374 2.520959 0.050000
v 0.267500 2.533333 0.150000
v 0.262374 2.545708 0.150000
v 0.250000 2.550833 0.150000
v 0.237626 2.545708 0.150000
v 0.232500 2.533333 0.150000
v 0.237626 2.520959 0.150000
v 0.250000 2.515833 0.150000
v 0.262374 2.520959 0.150000
v 0.267500 2.655556 0.050000
v 0.262374 2.667930 0.050000
v 0.250000 2.673056 0.050000
v 0.237626 2.667930 0.050000
v 0.232500 2.655556 0.050000
v 0.237626 2.643181 0.050000
v 0.250000 2.638056 0.050000
v 0.262374 2.643181 0.050000
v 0.267500 2.655556 0.150000
v 0.262374 2.667930 0.150000
v 0.250000 2.673056 0.150000
v 0.237626 2.667930 0.150000
v 0.232500 2.655556 0.150000
v 0.237626 2.643181 0.150000
v 0.250000 2.638056 0.150000
v 0.262374 2.643181 0.150000
v 0.267500 2.777778 0.050000
v 0.262374 2.790152 0.050000
v 0.250000 2.795278 0.050000
v 0.237626 2.790152 0.050000
v 0.232500 2.777778 0.050000
v 0.237626 2.765403 0.050000
v 0.250000 2.760278 0.050000
v 0.262374 2.765403 0.050000
v 0.267500 2.777778 0.150000
v 0.262374 2.790152 0.150000
v 0.250000 2.795278 0.150000
v 0.237626 2.790152 0.150000
v 0.232500 2.777778 0.150000
v 0.237626 2.765403 0.150000
v 0.250000 2.760278 0.150000
v 0.262374 2.765403 0.150000
v 0.267500 2.900000 0.050000
v 0.262374 2.912374 0.050000
v 0.250000 2.917500 0.050000
v 0.237626 2.912374 0.050000
v 0.232500 2.900000 0.050000
v 0.237626 2.887626 0.050000
v 0.250000 2.882500 0.050000
v 0.262374 2.887626 0.050000
v 0.267500 2.900000 0.150000
v 0.262374 2.912374 0.150000
v 0.250000 2.917500 0.150000
v 0.237626 2.912374 0.150000
v 0.232500 2.900000 0.150000
v 0.237626 2.887626 0.150000
v 0.250000 2.882500 0.150000
v 0.262374 2.887626 0.150000
v 0.267500 3.022222 0.050000
v 0.262374 3.034597 0.050000
v 0.250000 3.039722 0.050000
v 0.237626 3.034597 0.050000
v 0.232500 3.022222 0.050000
v 0.237626 3.009848 0.050000
v 0.250000 3.004722 0.050000
v 0.262374 3.009848 0.050000
v 0.267500 3.022222 0.150000
v 0.262374 3.034597 0.150000
v 0.250000 3.039722 0.150000
v 0.237626 3.034597 0.150000
v 0.232500 3.022222 0.150000
v 0.237626 3.009848 0.150000
v 0.250000 3.004722 0.150000
v 0.262374 3.009848 0.150000
v 0.267500 3.144444 0.050000
v 0.262374 3.156819 0.050000
v 0.250000 3.161944 0.050000
v 0.237626 3.156819 0.050000
v 0.232500 3.144444 0.050000
v 0.237626 3.132070 0.050000
v 0.250000 3.126944 0.050000
v 0.262374 3.132070 0.050000
v 0.267500 3.144444 0.150000
v 0.262374 3.156819 0.150000
v 0.250000 3.161944 0.150000
v 0.237626 3.156819 0.150000
v 0.232500 3.144444 0.150000
v 0.237626 3.132070 0.150000
v 0.250000 3.126944 0.150000
v 0.262374 3.132070 0.150000
v 0.267500 3.266667 0.050000
v 0.262374 3.279041 0.050000
v 0.250000 3.284167 0.050000
v 0.237626 3.279041 0.050000
v 0.232500 3.266667 0.050000
v 0.237626 3.254292 0.050000
v 0.250000 3.249167 0.050000
v 0.262374 3.254292 0.050000
v 0.267500 3.266667 0.150000
v 0.262374 3.279041 0.150000
v 0.250000 3.284167 0.150000
v 0.237626 3.279041 0.150000
v 0.232500 3.266667 0.150000
v 0.237626 3.254292 0.150000
v 0.250000 3.249167 0.150000
v 0.262374 3.254292 0.150000
v 0.267500 3.388889 0.050000
v 0.262374 3.401263 0.050000
v 0.250000 3.406389 0.050000
v 0.237626 3.401263 0.050000
v 0.232500 3.388889 0.050000
v 0.237626 3.376515 0.050000
v 0.250000 3.371389 0.050000
v 0.262374 3.376515 0.050000
v 0.267500 3.388889 0.150000
v 0.262374 3.401263 0.150000
v 0.250000 3.406389 0.150000
v 0.237626 3.401263 0.150000
v 0.232500 3.388889 0.150000
v 0.237626 3.376515 0.150000
v 0.250000 3.371389 0.150000
v 0.262374 3.376515 0.150000
v 0.267500 3.511111 0.050000
v 0.262374 3.523485 0.050000
v 0.250000 3.528611 0.050000
v 0.237626 3.523485 0.050000
v 0.232500 3.511111 0.050000
v 0.237626 3.498737 0.050000
v 0.250000 3.493611 0.050000
v 0.262374 3.498737 0.050000
v 0.267500 3.511111 0.150000
v 0.262374 3.523485 0.150000
v 0.250000 3.528611 0.150000
v 0.237626 3.523485 0.150000
v 0.232500 3.511111 0.150000
v 0.237626 3.498737 0.150000
v 0.250000 3.493611 0.150000
v 0.262374 3.498737 0.150000
v 0.267500 3.633333 0.050000
v 0.262374 3.645708 0.050000
v 0.250000 3.650833 0.050000
v 0.237626 3.645708 0.050000
v 0.232500 3.633333 0.050000
v 0.237626 3.620959 0.050000
v 0.250000 3.615833 0.050000
v 0.262374 3.620959 0.050000
v 0.267500 3.633333 0.150000
v 0.262374 3.645708 0.150000
v 0.250000 3.650833 0.150000
v 0.237626 3.645708 0.150000
v 0.232500 3.633333 0.150000
v 0.237626 3.620959 0.150000
v 0.250000 3.615833 0.150000
v 0.262374 3.620959 0.150000
v 0.267500 3.755556 0.050000
v 0.262374 3.767930 0.050000
v 0.250000 3.773056 0.050000
v 0.237626 3.767930 0.050000
v 0.232500 3.755556 0.050000
v 0.237626 3.743181 0.050000
v 0.250000 3.738056 0.050000
v 0.262374 3.743181 0.050000
v 0.267500 3.755556 0.150000
v 0.262374 3.767930 0.150000
v 0.250000 3.773056 0.150000
v 0.237626 3.767930 0.150000
v 0.232500 3.755556 0.150000
v 0.237626 3.743181 0.150000
v 0.250000 3.738056 0.150000
v 0.262374 3.743181 0.150000
v 0.267500 3.877778 0.050000
v 0.262374 3.890152 0.050000
v 0.250000 3.895278 0.050000
v 0.237626 3.890152 0.050000
v 0.232500 3.877778 0.050000
v 0.237626 3.865403 0.050000
v 0.250000 3.860278 0.050000
v 0.262374 3.865403 0.050000
v 0.267500 3.877778 0.150000
v 0.262374 3.890152 0.150000
v 0.250000 3.895278 0.150000
v 0.237626 3.890152 0.150000
v 0.232500 3.877778 0.150000
v 0.237626 3.865403 0.150000
v 0.250000 3.860278 0.150000
v 0.262374 3.865403 0.150000
v 0.267500 4.000000 0.050000
v 0.262374 4.012374 0.050000
v 0.250000 4.017500 0.050000
v 0.237626 4.012374 0.050000
v 0.232500 4.000000 0.050000
v 0.237626 3.987626 0.050000
v 0.250000 3.982500 0.050000
v 0.262374 3.987626 0.050000
v 0.267500 4.000000 0.150000
v 0.262374 4.012374 0.150000
v 0.250000 4.017500 0.150000
v 0.237626 4.012374 0.150000
v 0.232500 4.000000 0.150000
v 0.237626 3.987626 0.150000
v 0.250000 3.982500 0.150000
v 0.262374 3.987626 0.150000
v 3.917500 0.700000 0.050000
v 3.912374 0.712374 0.050000
v 3.900000 0.717500 0.050000
v 3.887626 0.712374 0.050000
v 3.882500 0.700000 0.050000
v 3.887626 0.687626 0.050000
v 3.900000 0.682500 0.050000
v 3.912374 0.687626 0.050000
v 3.917500 0.700000 0.150000
v 3.912374 0.712374 0.150000
v 3.900000 0.717500 0.150000
v 3.887626 0.712374 0.150000
v 3.882500 0.700000 0.150000
v 3.887626 0.687626 0.150000
v 3.900000 0.682500 0.150000
v 3.912374 0.687626 0.150000
v 3.917500 0.822222 0.050000
v 3.912374 0.834597 0.050000
v 3.900000 0.839722 0.050000
v 3.887626 0.834597 0.050000
v 3.882500 0.822222 0.050000
v 3.887626 0.809848 0.050000
v 3.900000 0.804722 0.050000
v 3.912374 0.809848 0.050000
v 3.917500 0.822222 0.150000
v 3.912374 0.834597 0.150000
v 3.900000 0.839722 0.150000
v 3.887626 0.834597 0.150000
v 3.882500 0.822222 0.150000
v 3.887626 0.809848 0.150000
v 3.900000 0.804722 0.150000
v 3.912374 0.809848 0.150000
v 3.917500 0.944444 0.050000
v 3.912374 0.956819 0.050000
v 3.900000 0.961944 0.050000
v 3.887626 0.956819 0.050000
v 3.882500 0.944444 0.050000
v 3.887626 0.932070 0.050000
v 3.900000 0.926944 0.050000
v 3.912374 0.932070 0.050000
v 3.917500 0.944444 0.150000
v 3.912374 0.956819 0.150000
v 3.900000 0.961944 0.150000
v 3.887626 0.956819 0.150000
v 3.882500 0.944444 0.150000
v 3.887626 0.932070 0.150000
v 3.900000 0.926944 0.150000
v 3.912374 0.932070 0.150000
v 3.917500 1.066667 0.050000
v 3.912374 1.079041 0.050000
v 3.900000 1.084167 0.050000
v 3.887626 1.079041 0.050000
v 3.882500 1.066667 0.050000
v 3.887626 1.054292 0.050000
v 3.900000 1.049167 0.050000
v 3.912374 1.054292 0.050000
v 3.917500 1.066667 0.150000
v 3.912374 1.079041 0.150000
v 3.900000 1.084167 0.150000
v 3.887626 1.079041 0.150000
v 3.882500 1.066667 0.150000
v 3.887626 1.054292 0.150000
v 3.900000 1.049167 0.150000
v 3.912374 1.054292 0.150000
v 3.917500 1.188889 0.050000
v 3.912374 1.201263 0.050000
v 3.900000 1.206389 0.050000
v 3.887626 1.201263 0.050000
v 3.882500 1.188889 0.050000
v 3.887626 1.176515 0.050000
v 3.900000 1.171389 0.050000
v 3.912374 1.176515 0.050000
v 3.917500 1.188889 0.150000
v 3.912374 1.201263 0.150000
v 3.900000 1.206389 0.150000
v 3.887626 1.201263 0.150000
v 3.882500 1.188889 0.150000
v 3.887626 1.176515 0.150000
v 3.900000 1.171389 0.150000
v 3.912374 1.176515 0.150000
v 3.917500 1.311111 0.050000
v 3.912374 1.323485 0.050000
v 3.900000 1.328611 0.050000
v 3.887626 1.323485 0.050000
v 3.882500 1.311111 0.050000
v 3.887626 1.298737 0.050000
v 3.900000 1.293611 0.050000
v 3.912374 1.298737 0.050000
v 3.917500 1.311111 0.150000
v 3.912374 1.323485 0.150000
v 3.900000 1.328611 0.150000
v 3.887626 1.323485 0.150000
v 3.882500 1.311111 0.150000
v 3.887626 1.298737 0.150000
v 3.900000 1.293611 0.150000
v 3.912374 1.298737 0.150000
v 3.917500 1.433333 0.050000
v 3.912374 1.445708 0.050000
v 3.900000 1.450833 0.050000
v 3.887626 1.445708 0.050000
v 3.882500 1.433333 0.050000
v 3.887626 1.420959 0.050000
v 3.900000 1.415833 0.050000
v 3.912374 1.420959 0.050000
v 3.917500 1.433333 0.150000
v 3.912374 1.445708 0.150000
v 3.900000 1.450833 0.150000
v 3.887626 1.445708 0.150000
v 3.882500 1.433333 0.150000
v 3.887626 1.420959 0.150000
v 3.900000 1.415833 0.150000
v 3.912374 1.420959 0.150000
v 3.917500 1.555556 0.050000
v 3.912374 1.567930 0.050000
v 3.900000 1.573056 0.050000
v 3.887626 1.567930 0.050000
v 3.882500 1.555556 0.050000
v 3.887626 1.543181 0.050000
v 3.900000 1.538056 0.050000
v 3.912374 1.543181 0.050000
v 3.917500 1.555556 0.150000
v 3.912374 1.567930 0.150000
v 3.900000 1.573056 0.150000
v 3.887626 1.567930 0.150000
v 3.882500 1.555556 0.150000
v 3.887626 1.543181 0.150000
v 3.900000 1.538056 0.150000
v 3.912374 1.543181 0.150000
v 3.917500 1.677778 0.050000
v 3.912374 1.690152 0.050000
v 3.900000 1.695278 0.050000
v 3.887626 1.690152 0.050000
v 3.882500 1.677778 0.050000
v 3.887626 1.665403 0.050000
v 3.900000 1.660278 0.050000
v 3.912374 1.665403 0.050000
v 3.917500 1.677778 0.150000
v 3.912374 1.690152 0.150000
v 3.900000 1.695278 0.150000
v 3.887626 1.690152 0.150000
v 3.882500 1.677778 0.150000
v 3.887626 1.665403 0.150000
v 3.900000 1.660278 0.150000
v 3.912374 1.665403 0.150000
v 3.917500 1.800000 0.050000
v 3.912374 1.812374 0.050000
v 3.900000 1.817500 0.050000
v 3.887626 1.812374 0.050000
v 3.882500 1.800000 0.050000
v 3.887626 1.787626 0.050000
v 3.900000 1.782500 0.050000
v 3.912374 1.787626 0.050000
v 3.917500 1.800000 0.150000
v 3.912374 1.812374 0.150000
v 3.900000 1.817500 0.150000
v 3.887626 1.812374 0.150000
v 3.882500 1.800000 0.150000
v 3.887626 1.787626 0.150000
v 3.900000 1.782500 0.150000
v 3.912374 1.787626 0.150000
v 3.917500 1.922222 0.050000
v 3.912374 1.934597 0.050000
v 3.900000 1.939722 0.050000
v 3.887626 1.934597 0.050000
v 3.882500 1.922222 0.050000
v 3.887626 1.909848 0.050000
v 3.900000 1.904722 0.050000
v 3.912374 1.909848 0.050000
v 3.917500 1.922222 0.150000
v 3.912374 1.934597 0.150000
v 3.900000 1.939722 0.150000
v 3.887626 1.934597 0.150000
v 3.882500 1.922222 0.150000
v 3.887626 1.909848 0.150000
v 3.900000 1.904722 0.150000
v 3.912374 1.909848 0.150000
v 3.917500 2.044444 0.050000
v 3.912374 2.056819 0.050000
v 3.900000 2.061944 0.050000
v 3.887626 2.056819 0.050000
v 3.882500 2.044444 0.050000
v 3.887626 2.032070 0.050000
v 3.900000 2.026944 0.050000
v 3.912374 2.032070 0.050000
v 3.917500 2.044444 0.150000
v 3.912374 2.056819 0.150000
v 3.900000 2.061944 0.150000
v 3.887626 2.056819 0.150000
v 3.882500 2.044444 0.150000
v 3.887626 2.032070 0.150000
v 3.900000 2.026944 0.150000
v 3.912374 2.032070 0.150000
v 3.917500 2.166667 0.050000
v 3.912374 2.179041 0.050000
v 3.900000 2.184167 0.050000
v 3.887626 2.179041 0.050000
v 3.882500 2.166667 0.050000
v 3.887626 2.154292 0.050000
v 3.900000 2.149167 0.050000
v 3.912374 2.154292 0.050000
v 3.917500 2.166667 0.150000
v 3.912374 2.179041 0.150000
v 3.900000 2.184167 0.150000
v 3.887626 2.179041 0.150000
v 3.882500 2.166667 0.150000
v 3.887626 2.154292 0.150000
v 3.900000 2.149167 0.150000
v 3.912374 2.154292 0.150000
v 3.917500 2.288889 0.050000
v 3.912374 2.301263 0.050000
v 3.900000 2.306389 0.050000
v 3.887626 2.301263 0.050000
v 3.882500 2.288889 0.050000
v 3.887626 2.276515 0.050000
v 3.900000 2.271389 0.050000
v 3.912374 2.276515 0.050000
v 3.917500 2.288889 0.150000
v 3.912374 2.301263 0.150000
v 3.900000 2.306389 0.150000
v 3.887626 2.301263 0.150000
v 3.882500 2.288889 0.150000
v 3.887626 2.276515 0.150000
v 3.900000 2.271389 0.150000
v 3.912374 2.276515 0.150000
v 3.917500 2.411111 0.050000
v 3.912374 2.423485 0.050000
v 3.900000 2.428611 0.050000
v 3.887626 2.423485 0.050000
v 3.882500 2.411111 0.050000
v 3.887626 2.398737 0.050000
v 3.900000 2.393611 0.050000
v 3.912374 2.398737 0.050000
v 3.917500 2.411111 0.150000
v 3.912374 2.423485 0.150000
v 3.900000 2.428611 0.150000
v 3.887626 2.423485 0.150000
v 3.882500 2.411111 0.150000
v 3.887626 2.398737 0.150000
v 3.900000 2.393611 0.150000
v 3.912374 2.398737 0.150000
v 3.917500 2.533333 0.050000
v 3.912374 2.545708 0.050000
v 3.900000 2.550833 0.050000
v 3.887626 2.545708 0.050000
v 3.882500 2.533333 0.050000
v 3.887626 2.520959 0.050000
v 3.900000 2.515833 0.050000
v 3.912374 2.520959 0.050000
v 3.917500 2.533333 0.150000
v 3.912374 2.545708 0.150000
v 3.900000 2.550833 0.150000
v 3.887626 2.545708 0.150000
v 3.882500 2.533333 0.150000
v 3.887626 2.520959 0.150000
v 3.900000 2.515833 0.150000
v 3.912374 2.520959 0.150000
v 3.917500 2.655556 0.050000
v 3.912374 2.667930 0.050000
v 3.900000 2.673056 0.050000
v 3.887626 2.667930 0.050000
v 3.882500 2.655556 0.050000
v 3.887626 2.643181 0.050000
v 3.900000 2.638056 0.050000
v 3.912374 2.643181 0.050000
v 3.917500 2.655556 0.150000
v 3.912374 2.667930 0.150000
v 3.900000 2.673056 0.150000
v 3.887626 2.667930 0.150000
v 3.882500 2.655556 0.150000
v 3.887626 2.643181 0.150000
v 3.900000 2.638056 0.150000
v 3.912374 2.643181 0.150000
v 3.917500 2.777778 0.050000
v 3.912374 2.790152 0.050000
v 3.900000 2.795278 0.050000
v 3.887626 2.790152 0.050000
v 3.882500 2.777778 0.050000
v 3.887626 2.765403 0.050000
v 3.900000 2.760278 0.050000
v 3.912374 2.765403 0.050000
v 3.917500 2.777778 0.150000
v 3.912374 2.790152 0.150000
v 3.900000 2.795278 0.150000
v 3.887626 2.790152 0.150000
v 3.882500 2.777778 0.150000
v 3.887626 2.765403 0.150000
v 3.900000 2.760278 0.150000
v 3.912374 2.765403 0.150000
v 3.917500 2.900000 0.050000
v 3.912374 2.912374 0.050000
v 3.900000 2.917500 0.050000
v 3.887626 2.912374 0.050000
v 3.882500 2.900000 0.050000
v 3.887626 2.887626 0.050000
v 3.900000 2.882500 0.050000
v 3.912374 2.887626 0.050000
v 3.917500 2.900000 0.150000
v 3.912374 2.912374 0.150000
v 3.900000 2.917500 0.150000
v 3.887626 2.912374 0.150000
v 3.882500 2.900000 0.150000
v 3.887626 2.887626 0.150000
v 3.900000 2.882500 0.150000
v 3.912374 2.887626 0.150000
v 3.917500 3.022222 0.050000
v 3.912374 3.034597 0.050000
v 3.900000 3.039722 0.050000
v 3.887626 3.034597 0.050000
v 3.882500 3.022222 0.050000
v 3.887626 3.009848 0.050000
v 3.900000 3.004722 0.050000
v 3.912374 3.009848 0.050000
v 3.917500 3.022222 0.150000
v 3.912374 3.034597 0.150000
v 3.900000 3.039722 0.150000
v 3.887626 3.034597 0.150000
v 3.882500 3.022222 0.150000
v 3.887626 3.009848 0.150000
v 3.900000 3.004722 0.150000
v 3.912374 3.009848 0.150000
v 3.917500 3.144444 0.050000
v 3.912374 3.156819 0.050000
v 3.900000 3.161944 0.050000
v 3.887626 3.156819 0.050000
v 3.882500 3.144444 0.050000
v 3.887626 3.132070 0.050000
v 3.900000 3.126944 0.050000
v 3.912374 3.132070 0.050000
v 3.917500 3.144444 0.150000
v 3.912374 3.156819 0.150000
v 3.900000 3.161944 0.150000
v 3.887626 3.156819 0.150000
v 3.882500 3.144444 0.150000
v 3.887626 3.132070 0.150000
v 3.900000 3.126944 0.150000
v 3.912374 3.132070 0.150000
v 3.917500 3.266667 0.050000
v 3.912374 3.279041 0.050000
v 3.900000 3.284167 0.050000
v 3.887626 3.279041 0.050000
v 3.882500 3.266667 0.050000
v 3.887626 3.254292 0.050000
v 3.900000 3.249167 0.050000
v 3.912374 3.254292 0.050000
v 3.917500 3.266667 0.150000
v 3.912374 3.279041 0.150000
v 3.900000 3.284167 0.150000
v 3.887626 3.279041 0.150000
v 3.882500 3.266667 0.150000
v 3.887626 3.254292 0.150000
v 3.900000 3.249167 0.150000
v 3.912374 3.254292 0.150000
v 3.917500 3.388889 0.050000
v 3.912374 3.401263 0.050000
v 3.900000 3.406389 0.050000
v 3.887626 3.401263 0.050000
v 3.882500 3.388889 0.050000
v 3.887626 3.376515 0.050000
v 3.900000 3.371389 0.050000
v 3.912374 3.376515 0.050000
v 3.917500 3.388889 0.150000
v 3.912374 3.401263 0.150000
v 3.900000 3.406389 0.150000
v 3.887626 3.401263 0.150000
v 3.882500 3.388889 0.150000
v 3.887626 3.376515 0.150000
v 3.900000 3.371389 0.150000
v 3.912374 3.376515 0.150000
v 3.917500 3.511111 0.050000
v 3.912374 3.523485 0.050000
v 3.900000 3.528611 0.050000
v 3.887626 3.523485 0.050000
v 3.882500 3.511111 0.050000
v 3.887626 3.498737 0.050000
v 3.900000 3.493611 0.050000
v 3.912374 3.498737 0.050000
v 3.917500 3.511111 0.150000
v 3.912374 3.523485 0.150000
v 3.900000 3.528611 0.150000
v 3.887626 3.523485 0.150000
v 3.882500 3.511111 0.150000
v 3.887626 3.498737 0.150000
v 3.900000 3.493611 0.150000
v 3.912374 3.498737 0.150000
v 3.917500 3.633333 0.050000
v 3.912374 3.645708 0.050000
v 3.900000 3.650833 0.050000
v 3.887626 3.645708 0.050000
v 3.882500 3.633333 0.050000
v 3.887626 3.620959 0.050000
v 3.900000 3.615833 0.050000
v 3.912374 3.620959 0.050000
v 3.917500 3.633333 0.150000
v 3.912374 3.645708 0.150000
v 3.900000 3.650833 0.150000
v 3.887626 3.645708 0.150000
v 3.882500 3.633333 0.150000
v 3.887626 3.620959 0.150000
v 3.900000 3.615833 0.150000
v 3.912374 3.620959 0.150000
v 3.917500 3.755556 0.050000
v 3.912374 3.767930 0.050000
v 3.900000 3.773056 0.050000
v 3.887626 3.767930 0.050000
v 3.882500 3.755556 0.050000
v 3.887626 3.743181 0.050000
v 3.900000 3.738056 0.050000
v 3.912374 3.743181 0.050000
v 3.917500 3.755556 0.150000
v 3.912374 3.767930 0.150000
v 3.900000 3.773056 0.150000
v 3.887626 3.767930 0.150000
v 3.882500 3.755556 0.150000
v 3.887626 3.743181 0.150000
v 3.900000 3.738056 0.150000
v 3.912374 3.743181 0.150000
v 3.917500 3.877778 0.050000
v 3.912374 3.890152 0.050000
v 3.900000 3.895278 0.050000
v 3.887626 3.890152 0.050000
v 3.882500 3.877778 0.050000
v 3.887626 3.865403 0.050000
v 3.900000 3.860278 0.050000
v 3.912374 3.865403 0.050000
v 3.917500 3.877778 0.150000
v 3.912374 3.890152 0.150000
v 3.900000 3.895278 0.150000
v 3.887626 3.890152 0.150000
v 3.882500 3.877778 0.150000
v 3.887626 3.865403 0.150000
v 3.900000 3.860278 0.150000
v 3.912374 3.865403 0.150000
v 3.917500 4.000000 0.050000
v 3.912374 4.012374 0.050000
v 3.900000 4.017500 0.050000
v 3.887626 4.012374 0.050000
v 3.882500 4.000000 0.050000
v 3.887626 3.987626 0.050000
v 3.900000 3.982500 0.050000
v 3.912374 3.987626 0.050000
v 3.917500 4.000000 0.150000
v 3.912374 4.012374 0.150000
v 3.900000 4.017500 0.150000
v 3.887626 4.012374 0.150000
v 3.882500 4.000000 0.150000
v 3.887626 3.987626 0.150000
v 3.900000 3.982500 0.150000
v 3.912374 3.987626 0.150000
v 3.767500 0.700000 0.050000
v 3.762374 0.712374 0.050000
v 3.750000 0.717500 0.050000
v 3.737626 0.712374 0.050000
v 3.732500 0.700000 0.050000
v 3.737626 0.687626 0.050000
v 3.750000 0.682500 0.050000
v 3.762374 0.687626 0.050000
v 3.767500 0.700000 0.150000
v 3.762374 0.712374 0.150000
v 3.750000 0.717500 0.150000
v 3.737626 0.712374 0.150000
v 3.732500 0.700000 0.150000
v 3.737626 0.687626 0.150000
v 3.750000 0.682500 0.150000
v 3.762374 0.687626 0.150000
v 3.767500 0.822222 0.050000
v 3.762374 0.834597 0.050000
v 3.750000 0.839722 0.050000
v 3.737626 0.834597 0.050000
v 3.732500 0.822222 0.050000
v 3.737626 0.809848 0.050000
v 3.750000 0.804722 0.050000
v 3.762374 0.809848 0.050000
v 3.767500 0.822222 0.150000
v 3.762374 0.834597 0.150000
v 3.750000 0.839722 0.150000
v 3.737626 0.834597 0.150000
v 3.732500 0.822222 0.150000
v 3.737626 0.809848 0.150000
v 3.750000 0.804722 0.150000
v 3.762374 0.809848 0.150000
v 3.767500 0.944444 0.050000
v 3.762374 0.956819 0.050000
v 3.750000 0.961944 0.050000
v 3.737626 0.956819 0.050000
v 3.732500 0.944444 0.050000
v 3.737626 0.932070 0.050000
v 3.750000 0.926944 0.050000
v 3.762374 0.932070 0.050000
v 3.767500 0.944444 0.150000
v 3.762374 0.956819 0.150000
v 3.750000 0.961944 0.150000
v 3.737626 0.956819 0.150000
v 3.732500 0.944444 0.150000
v 3.737626 0.932070 0.150000
v 3.750000 0.926944 0.150000
v 3.762374 0.932070 0.150000
v 3.767500 1.066667 0.050000
v 3.762374 1.079041 0.050000
v 3.750000 1.084167 0.050000
v 3.737626 1.079041 0.050000
v 3.732500 1.066667 0.050000
v 3.737626 1.054292 0.050000
v 3.750000 1.049167 0.050000
v 3.762374 1.054292 0.050000
v 3.767500 1.066667 0.150000
v 3.762374 1.079041 0.150000
v 3.750000 1.084167 0.150000
v 3.737626 1.079041 0.150000
v 3.732500 1.066667 0.150000
v 3.737626 1.054292 0.150000
v 3.750000 1.049167 0.150000
v 3.762374 1.054292 0.150000
v 3.767500 1.188889 0.050000
v 3.762374 1.201263 0.050000
v 3.750000 1.206389 0.050000
v 3.737626 1.201263 0.050000
v 3.732500 1.188889 0.050000
v 3.737626 1.176515 0.050000
v 3.750000 1.171389 0.050000
v 3.762374 1.176515 0.050000
v 3.767500 1.188889 0.150000
v 3.762374 1.201263 0.150000
v 3.750000 1.206389 0.150000
v 3.737626 1.201263 0.150000
v 3.732500 1.188889 0.150000
v 3.737626 1.176515 0.150000
v 3.750000 1.171389 0.150000
v 3.762374 1.176515 0.150000
v 3.767500 1.311111 0.050000
v 3.762374 1.323485 0.050000
v 3.750000 1.328611 0.050000
v 3.737626 1.323485 0.050000
v 3.732500 1.311111 0.050000
v 3.737626 1.298737 0.050000
v 3.750000 1.293611 0.050000
v 3.762374 1.298737 0.050000
v 3.767500 1.311111 0.150000
v 3.762374 1.323485 0.150000
v 3.750000 1.328611 0.150000
v 3.737626 1.323485 0.150000
v 3.732500 1.311111 0.150000
v 3.737626 1.298737 0.150000
v 3.750000 1.293611 0.150000
v 3.762374 1.298737 0.150000
v 3.767500 1.433333 0.050000
v 3.762374 1.445708 0.050000
v 3.750000 1.450833 0.050000
v 3.737626 1.445708 0.050000
v 3.732500 1.433333 0.050000
v 3.737626 1.420959 0.050000
v 3.750000 1.415833 0.050000
v 3.762374 1.420959 0.050000
v 3.767500 1.433333 0.150000
v 3.762374 1.445708 0.150000
v 3.750000 1.450833 0.150000
v 3.737626 1.445708 0.150000
v 3.732500 1.433333 0.150000
v 3.737626 1.420959 0.150000
v 3.750000 1.415833 0.150000
v 3.762374 1.420959 0.150000
v 3.767500 1.555556 0.050000
v 3.762374 1.567930 0.050000
v 3.750000 1.573056 0.050000
v 3.737626 1.567930 0.050000
v 3.732500 1.555556 0.050000
v 3.737626 1.543181 0.050000
v 3.750000 1.538056 0.050000
v 3.762374 1.543181 0.050000
v 3.767500 1.555556 0.150000
v 3.762374 1.567930 0.150000
v 3.750000 1.573056 0.150000
v 3.737626 1.567930 0.150000
v 3.732500 1.555556 0.150000
v 3.737626 1.543181 0.150000
v 3.750000 1.538056 0.150000
v 3.762374 1.543181 0.150000
v 3.767500 1.677778 0.050000
v 3.762374 1.690152 0.050000
v 3.750000 1.695278 0.050000
v 3.737626 1.690152 0.050000
v 3.732500 1.677778 0.050000
v 3.737626 1.665403 0.050000
v 3.750000 1.660278 0.050000
v 3.762374 1.665403 0.050000
v 3.767500 1.677778 0.150000
v 3.762374 1.690152 0.150000
v 3.750000 1.695278 0.150000
v 3.737626 1.690152 0.150000
v 3.732500 1.677778 0.150000
v 3.737626 1.665403 0.150000
v 3.750000 1.660278 0.150000
v 3.762374 1.665403 0.150000
v 3.767500 1.800000 0.050000
v 3.762374 1.812374 0.050000
v 3.750000 1.817500 0.050000
v 3.737626 1.812374 0.050000
v 3.732500 1.800000 0.050000
v 3.737626 1.787626 0.050000
v 3.750000 1.782500 0.050000
v 3.762374 1.787626 0.050000
v 3.767500 1.800000 0.150000
v 3.762374 1.812374 0.150000
v 3.750000 1.817500 0.150000
v 3.737626 1.812374 0.150000
v 3.732500 1.800000 0.150000
v 3.737626 1.787626 0.150000
v 3.750000 1.782500 0.150000
v 3.762374 1.787626 0.150000
v 3.767500 1.922222 0.050000
v 3.762374 1.934597 0.050000
v 3.750000 1.939722 0.050000
v 3.737626 1.934597 0.050000
v 3.732500 1.922222 0.050000
v 3.737626 1.909848 0.050000
v 3.750000 1.904722 0.050000
v 3.762374 1.909848 0.050000
v 3.767500 1.922222 0.150000
v 3.762374 1.934597 0.150000
v 3.750000 1.939722 0.150000
v 3.737626 1.934597 0.150000
v 3.732500 1.922222 0.150000
v 3.737626 1.909848 0.150000
v 3.750000 1.904722 0.150000
v 3.762374 1.909848 0.150000
v 3.767500 2.044444 0.050000
v 3.762374 2.056819 0.050000
v 3.750000 2.061944 0.050000
v 3.737626 2.056819 0.050000
v 3.732500 2.044444 0.050000
v 3.737626 2.032070 0.050000
v 3.750000 2.026944 0.050000
v 3.762374 2.032070 0.050000
v 3.767500 2.044444 0.150000
v 3.762374 2.056819 0.150000
v 3.750000 2.061944 0.150000
v 3.737626 2.056819 0.150000
v 3.732500 2.044444 0.150000
v 3.737626 2.032070 0.150000
v 3.750000 2.026944 0.150000
v 3.762374 2.032070 0.150000
v 3.767500 2.166667 0.050000
v 3.762374 2.179041 0.050000
v 3.750000 2.184167 0.050000
v 3.737626 2.179041 0.050000
v 3.732500 2.166667 0.050000
v 3.737626 2.154292 0.050000
v 3.750000 2.149167 0.050000
v 3.762374 2.154292 0.050000
v 3.767500 2.166667 0.150000
v 3.762374 2.179041 0.150000
v 3.750000 2.184167 0.150000
v 3.737626 2.179041 0.150000
v 3.732500 2.166667 0.150000
v 3.737626 2.154292 0.150000
v 3.750000 2.149167 0.150000
v 3.762374 2.154292 0.150000
v 3.767500 2.288889 0.050000
v 3.762374 2.301263 0.050000
v 3.750000 2.306389 0.050000
v 3.737626 2.301263 0.050000
v 3.732500 2.288889 0.050000
v 3.737626 2.276515 0.050000
v 3.750000 2.271389 0.050000
v 3.762374 2.276515 0.050000
v 3.767500 2.288889 0.150000
v 3.762374 2.301263 0.150000
v 3.750000 2.306389 0.150000
v 3.737626 2.301263 0.150000
v 3.732500 2.288889 0.150000
v 3.737626 2.276515 0.150000
v 3.750000 2.271389 0.150000
v 3.762374 2.276515 0.150000
v 3.767500 2.411111 0.050000
v 3.762374 2.423485 0.050000
v 3.750000 2.428611 0.050000
v 3.737626 2.423485 0.050000
v 3.732500 2.411111 0.050000
v 3.737626 2.398737 0.050000
v 3.750000 2.393611 0.050000
v 3.762374 2.398737 0.050000
v 3.767500 2.411111 0.150000
v 3.762374 2.423485 0.150000
v 3.750000 2.428611 0.150000
v 3.737626 2.423485 0.150000
v 3.732500 2.411111 0.150000
v 3.737626 2.398737 0.150000
v 3.750000 2.393611 0.150000
v 3.762374 2.398737 0.150000
v 3.767500 2.533333 0.050000
v 3.762374 2.545708 0.050000
v 3.750000 2.550833 0.050000
v 3.737626 2.545708 0.050000
v 3.732500 2.533333 0.050000
v 3.737626 2.520959 0.050000
v 3.750000 2.515833 0.050000
v 3.762374 2.520959 0.050000
v 3.767500 2.533333 0.150000
v 3.762374 2.545708 0.150000
v 3.750000 2.550833 0.150000
v 3.737626 2.545708 0.150000
v 3.732500 2.533333 0.150000
v 3.737626 2.520959 0.150000
v 3.750000 2.515833 0.150000
v 3.762374 2.520959 0.150000
v 3.767500 2.655556 0.050000
v 3.762374 2.667930 0.050000
v 3.750000 2.673056 0.050000
v 3.737626 2.667930 0.050000
v 3.732500 2.655556 0.050000
v 3.737626 2.643181 0.050000
v 3.750000 2.638056 0.050000
v 3.762374 2.643181 0.050000
v 3.767500 2.655556 0.150000
v 3.762374 2.667930 0.150000
v 3.750000 2.673056 0.150000
v 3.737626 2.667930 0.150000
v 3.732500 2.655556 0.150000
v 3.737626 2.643181 0.150000
v 3.750000 2.638056 0.150000
v 3.762374 2.643181 0.150000
v 3.767500 2.777778 0.050000
v 3.762374 2.790152 0.050000
v 3.750000 2.795278 0.050000
v 3.737626 2.790152 0.050000
v 3.732500 2.777778 0.050000
v 3.737626 2.765403 0.050000
v 3.750000 2.760278 0.050000
v 3.762374 2.765403 0.050000
v 3.767500 2.777778 0.150000
v 3.762374 2.790152 0.150000
v 3.750000 2.795278 0.150000
v 3.737626 2.790152 0.150000
v 3.732500 2.777778 0.150000
v 3.737626 2.765403 0.150000
v 3.750000 2.760278 0.150000
v 3.762374 2.765403 0.150000
v 3.767500 2.900000 0.050000
v 3.762374 2.912374 0.050000
v 3.750000 2.917500 0.050000
v 3.737626 2.912374 0.050000
v 3.732500 2.900000 0.050000
v 3.737626 2.887626 0.050000
v 3.750000 2.882500 0.050000
v 3.762374 2.887626 0.050000
v 3.767500 2.900000 0.150000
v 3.762374 2.912374 0.150000
v 3.750000 2.917500 0.150000
v 3.737626 2.912374 0.150000
v 3.732500 2.900000 0.150000
v 3.737626 2.887626 0.150000
v 3.750000 2.882500 0.150000
v 3.762374 2.887626 0.150000
v 3.767500 3.022222 0.050000
v 3.762374 3.034597 0.050000
v 3.750000 3.039722 0.050000
v 3.737626 3.034597 0.050000
v 3.732500 3.022222 0.050000
v 3.737626 3.009848 0.050000
v 3.750000 3.004722 0.050000
v 3.762374 3.009848 0.050000
v 3.767500 3.022222 0.150000
v 3.762374 3.034597 0.150000
v 3.750000 3.039722 0.150000
v 3.737626 3.034597 0.150000
v 3.732500 3.022222 0.150000
v 3.737626 3.009848 0.150000
v 3.750000 3.004722 0.150000
v 3.762374 3.009848 0.150000
v 3.767500 3.144444 0.050000
v 3.762374 3.156819 0.050000
v 3.750000 3.161944 0.050000
v 3.737626 3.156819 0.050000
v 3.732500 3.144444 0.050000
v 3.737626 3.132070 0.050000
v 3.750000 3.126944 0.050000
v 3.762374 3.132070 0.050000
v 3.767500 3.144444 0.150000
v 3.762374 3.156819 0.150000
v 3.750000 3.161944 0.150000
v 3.737626 3.156819 0.150000
v 3.732500 3.144444 0.150000
v 3.737626 3.132070 0.150000
v 3.750000 3.126944 0.150000
v 3.762374 3.132070 0.150000
v 3.767500 3.266667 0.050000
v 3.762374 3.279041 0.050000
v 3.750000 3.284167 0.050000
v 3.737626 3.279041 0.050000
v 3.732500 3.266667 0.050000
v 3.737626 3.254292 0.050000
v 3.750000 3.249167 0.050000
v 3.762374 3.254292 0.050000
v 3.767500 3.266667 0.150000
v 3.762374 3.279041 0.150000
v 3.750000 3.284167 0.150000
v 3.737626 3.279041 0.150000
v 3.732500 3.266667 0.150000
v 3.737626 3.254292 0.150000
v 3.750000 3.249167 0.150000
v 3.762374 3.254292 0.150000
v 3.767500 3.388889 0.050000
v 3.762374 3.401263 0.050000
v 3.750000 3.406389 0.050000
v 3.737626 3.401263 0.050000
v 3.732500 3.388889 0.050000
v 3.737626 3.376515 0.050000
v 3.750000 3.371389 0.050000
v 3.762374 3.376515 0.050000
v 3.767500 3.388889 0.150000
v 3.762374 3.401263 0.150000
v 3.750000 3.406389 0.150000
v 3.737626 3.401263 0.150000
v 3.732500 3.388889 0.150000
v 3.737626 3.376515 0.150000
v 3.750000 3.371389 0.150000
v 3.762374 3.376515 0.150000
v 3.767500 3.511111 0.050000
v 3.762374 3.523485 0.050000
v 3.750000 3.528611 0.050000
v 3.737626 3.523485 0.050000
v 3.732500 3.511111 0.050000
v 3.737626 3.498737 0.050000
v 3.750000 3.493611 0.050000
v 3.762374 3.498737 0.050000
v 3.767500 3.511111 0.150000
v 3.762374 3.523485 0.150000
v 3.750000 3.528611 0.150000
v 3.737626 3.523485 0.150000
v 3.732500 3.511111 0.150000
v 3.737626 3.498737 0.150000
v 3.750000 3.493611 0.150000
v 3.762374 3.498737 0.150000
v 3.767500 3.633333 0.050000
v 3.762374 3.645708 0.050000
v 3.750000 3.650833 0.050000
v 3.737626 3.645708 0.050000
v 3.732500 3.633333 0.050000
v 3.737626 3.620959 0.050000
v 3.750000 3.615833 0.050000
v 3.762374 3.620959 0.050000
v 3.767500 3.633333 0.150000
v 3.762374 3.645708 0.150000
v 3.750000 3.650833 0.150000
v 3.737626 3.645708 0.150000
v 3.732500 3.633333 0.150000
v 3.737626 3.620959 0.150000
v 3.750000 3.615833 0.150000
v 3.762374 3.620959 0.150000
v 3.767500 3.755556 0.050000
v 3.762374 3.767930 0.050000
v 3.750000 3.773056 0.050000
v 3.737626 3.767930 0.050000
v 3.732500 3.755556 0.050000
v 3.737626 3.743181 0.050000
v 3.750000 3.738056 0.050000
v 3.762374 3.743181 0.050000
v 3.767500 3.755556 0.150000
v 3.762374 3.767930 0.150000
v 3.750000 3.773056 0.150000
v 3.737626 3.767930 0.150000
v 3.732500 3.755556 0.150000
v 3.737626 3.743181 0.150000
v 3.750000 3.738056 0.150000
v 3.762374 3.743181 0.150000
v 3.767500 3.877778 0.050000
v 3.762374 3.890152 0.050000
v 3.750000 3.895278 0.050000
v 3.737626 3.890152 0.050000
v 3.732500 3.877778 0.050000
v 3.737626 3.865403 0.050000
v 3.750000 3.860278 0.050000
v 3.762374 3.865403 0.050000
v 3.767500 3.877778 0.150000
v 3.762374 3.890152 0.150000
v 3.750000 3.895278 0.150000
v 3.737626 3.890152 0.150000
v 3.732500 3.877778 0.150000
v 3.737626 3.865403 0.150000
v 3.750000 3.860278 0.150000
v 3.762374 3.865403 0.150000
v 3.767500 4.000000 0.050000
v 3.762374 4.012374 0.050000
v 3.750000 4.017500 0.050000
v 3.737626 4.012374 0.050000
v 3.732500 4.000000 0.050000
v 3.737626 3.987626 0.050000
v 3.750000 3.982500 0.050000
v 3.762374 3.987626 0.050000
v 3.767500 4.000000 0.150000
v 3.762374 4.012374 0.150000
v 3.750000 4.017500 0.150000
v 3.737626 4.012374 0.150000
v 3.732500 4.000000 0.150000
v 3.737626 3.987626 0.150000
v 3.750000 3.982500 0.150000
v 3.762374 3.987626 0.150000
v 0.717500 0.100000 0.050000
v 0.712374 0.112374 0.050000
v 0.700000 0.117500 0.050000
v 0.687626 0.112374 0.050000
v 0.682500 0.100000 0.050000
v 0.687626 0.087626 0.050000
v 0.700000 0.082500 0.050000
v 0.712374 0.087626 0.050000
v 0.717500 0.100000 0.150000
v 0.712374 0.112374 0.150000
v 0.700000 0.117500 0.150000
v 0.687626 0.112374 0.150000
v 0.682500 0.100000 0.150000
v 0.687626 0.087626 0.150000
v 0.700000 0.082500 0.150000
v 0.712374 0.087626 0.150000
v 0.835682 0.100000 0.050000
v 0.830556 0.112374 0.050000
v 0.818182 0.117500 0.050000
v 0.805807 0.112374 0.050000
v 0.800682 0.100000 0.050000
v 0.805807 0.087626 0.050000
v 0.818182 0.082500 0.050000
v 0.830556 0.087626 0.050000
v 0.835682 0.100000 0.150000
v 0.830556 0.112374 0.150000
v 0.818182 0.117500 0.150000
v 0.805807 0.112374 0.150000
v 0.800682 0.100000 0.150000
v 0.805807 0.087626 0.150000
v 0.818182 0.082500 0.150000
v 0.830556 0.087626 0.150000
v 0.953864 0.100000 0.050000
v 0.948738 0.112374 0.050000
v 0.936364 0.117500 0.050000
v 0.923989 0.112374 0.050000
v 0.918864 0.100000 0.050000
v 0.923989 0.087626 0.050000
v 0.936364 0.082500 0.050000
v 0.948738 0.087626 0.050000
v 0.953864 0.100000 0.150000
v 0.948738 0.112374 0.150000
v 0.936364 0.117500 0.150000
v 0.923989 0.112374 0.150000
v 0.918864 0.100000 0.150000
v 0.923989 0.087626 0.150000
v 0.936364 0.082500 0.150000
v 0.948738 0.087626 0.150000
v 1.072045 0.100000 0.050000
v 1.066920 0.112374 0.050000
v 1.054545 0.117500 0.050000
v 1.042171 0.112374 0.050000
v 1.037045 0.100000 0.050000
v 1.042171 0.087626 0.050000
v 1.054545 0.082500 0.050000
v 1.066920 0.087626 0.050000
v 1.072045 0.100000 0.150000
v 1.066920 0.112374 0.150000
v 1.054545 0.117500 0.150000
v 1.042171 0.112374 0.150000
v 1.037045 0.100000 0.150000
v 1.042171 0.087626 0.150000
v 1.054545 0.082500 0.150000
v 1.066920 0.087626 0.150000
v 1.190227 0.100000 0.050000
v 1.185102 0.112374 0.050000
v 1.172727 0.117500 0.050000
v 1.160353 0.112374 0.050000
v 1.155227 0.100000 0.050000
v 1.160353 0.087626 0.050000
v 1.172727 0.082500 0.050000
v 1.185102 0.087626 0.050000
v 1.190227 0.100000 0.150000
v 1.185102 0.112374 0.150000
v 1.172727 0.117500 0.150000
v 1.160353 0.112374 0.150000
v 1.155227 0.100000 0.150000
v 1.160353 0.087626 0.150000
v 1.172727 0.082500 0.150000
v 1.185102 0.087626 0.150000
v 1.308409 0.100000 0.050000
v 1.303283 0.112374 0.050000
v 1.290909 0.117500 0.050000
v 1.278535 0.112374 0.050000
v 1.273409 0.100000 0.050000
v 1.278535 0.087626 0.050000
v 1.290909 0.082500 0.050000
v 1.303283 0.087626 0.050000
v 1.308409 0.100000 0.150000
v 1.303283 0.112374 0.150000
v 1.290909 0.117500 0.150000
v 1.278535 0.112374 0.150000
v 1.273409 0.100000 0.150000
v 1.278535 0.087626 0.150000
v 1.290909 0.082500 0.150000
v 1.303283 0.087626 0.150000
v 1.426591 0.100000 0.050000
v 1.421465 0.112374 0.050000
v 1.409091 0.117500 0.050000
v 1.396717 0.112374 0.050000
v 1.391591 0.100000 0.050000
v 1.396717 0.087626 0.050000
v 1.409091 0.082500 0.050000
v 1.421465 0.087626 0.050000
v 1.426591 0.100000 0.150000
v 1.421465 0.112374 0.150000
v 1.409091 0.117500 0.150000
v 1.396717 0.112374 0.150000
v 1.391591 0.100000 0.150000
v 1.396717 0.087626 0.150000
v 1.409091 0.082500 0.150000
v 1.421465 0.087626 0.150000
v 1.544773 0.100000 0.050000
v 1.539647 0.112374 0.050000
v 1.527273 0.117500 0.050000
v 1.514898 0.112374 0.050000
v 1.509773 0.100000 0.050000
v 1.514898 0.087626 0.050000
v 1.527273 0.082500 0.050000
v 1.539647 0.087626 0.050000
v 1.544773 0.100000 0.150000
v 1.539647 0.112374 0.150000
v 1.527273 0.117500 0.150000
v 1.514898 0.112374 0.150000
v 1.509773 0.100000 0.150000
v 1.514898 0.087626 0.150000
v 1.527273 0.082500 0.150000
v 1.539647 0.087626 0.150000
v 1.662955 0.100000 0.050000
v 1.657829 0.112374 0.050000
v 1.645455 0.117500 0.050000
v 1.633080 0.112374 0.050000
v 1.627955 0.100000 0.050000
v 1.633080 0.087626 0.050000
v 1.645455 0.082500 0.050000
v 1.657829 0.087626 0.050000
v 1.662955 0.100000 0.150000
v 1.657829 0.112374 0.150000
v 1.645455 0.117500 0.150000
v 1.633080 0.112374 0.150000
v 1.627955 0.100000 0.150000
v 1.633080 0.087626 0.150000
v 1.645455 0.082500 0.150000
v 1.657829 0.087626 0.150000
v 1.781136 0.100000 0.050000
v 1.776011 0.112374 0.050000
v 1.763636 0.117500 0.050000
v 1.751262 0.112374 0.050000
v 1.746136 0.100000 0.050000
v 1.751262 0.087626 0.050000
v 1.763636 0.082500 0.050000
v 1.776011 0.087626 0.050000
v 1.781136 0.100000 0.150000
v 1.776011 0.112374 0.150000
v 1.763636 0.117500 0.150000
v 1.751262 0.112374 0.150000
v 1.746136 0.100000 0.150000
v 1.751262 0.087626 0.150000
v 1.763636 0.082500 0.150000
v 1.776011 0.087626 0.150000
v 1.899318 0.100000 0.050000
v 1.894193 0.112374 0.050000
v 1.881818 0.117500 0.050000
v 1.869444 0.112374 0.050000
v 1.864318 0.100000 0.050000
v 1.869444 0.087626 0.050000
v 1.881818 0.082500 0.050000
v 1.894193 0.087626 0.050000
v 1.899318 0.100000 0.150000
v 1.894193 0.112374 0.150000
v 1.881818 0.117500 0.150000
v 1.869444 0.112374 0.150000
v 1.864318 0.100000 0.150000
v 1.869444 0.087626 0.150000
v 1.881818 0.082500 0.150000
v 1.894193 0.087626 0.150000
v 2.017500 0.100000 0.050000
v 2.012374 0.112374 0.050000
v 2.000000 0.117500 0.050000
v 1.987626 0.112374 0.050000
v 1.982500 0.100000 0.050000
v 1.987626 0.087626 0.050000
v 2.000000 0.082500 0.050000
v 2.012374 0.087626 0.050000
v 2.017500 0.100000 0.150000
v 2.012374 0.112374 0.150000
v 2.000000 0.117500 0.150000
v 1.987626 0.112374 0.150000
v 1.982500 0.100000 0.150000
v 1.987626 0.087626 0.150000
v 2.000000 0.082500 0.150000
v 2.012374 0.087626 0.150000
v 2.135682 0.100000 0.050000
v 2.130556 0.112374 0.050000
v 2.118182 0.117500 0.050000
v 2.105807 0.112374 0.050000
v 2.100682 0.100000 0.050000
v 2.105807 0.087626 0.050000
v 2.118182 0.082500 0.050000
v 2.130556 0.087626 0.050000
v 2.135682 0.100000 0.150000
v 2.130556 0.112374 0.150000
v 2.118182 0.117500 0.150000
v 2.105807 0.112374 0.150000
v 2.100682 0.100000 0.150000
v 2.105807 0.087626 0.150000
v 2.118182 0.082500 0.150000
v 2.130556 0.087626 0.150000
v 2.253864 0.100000 0.050000
v 2.248738 0.112374 0.050000
v 2.236364 0.117500 0.050000
v 2.223989 0.112374 0.050000
v 2.218864 0.100000 0.050000
v 2.223989 0.087626 0.050000
v 2.236364 0.082500 0.050000
v 2.248738 0.087626 0.050000
v 2.253864 0.100000 0.150000
v 2.248738 0.112374 0.150000
v 2.236364 0.117500 0.150000
v 2.223989 0.112374 0.150000
v 2.218864 0.100000 0.150000
v 2.223989 0.087626 0.150000
v 2.236364 0.082500 0.150000
v 2.248738 0.087626 0.150000
v 2.372045 0.100000 0.050000
v 2.366920 0.112374 0.050000
v 2.354545 0.117500 0.050000
v 2.342171 0.112374 0.050000
v 2.337045 0.100000 0.050000
v 2.342171 0.087626 0.050000
v 2.354545 0.082500 0.050000
v 2.366920 0.087626 0.050000
v 2.372045 0.100000 0.150000
v 2.366920 0.112374 0.150000
v 2.354545 0.117500 0.150000
v 2.342171 0.112374 0.150000
v 2.337045 0.100000 0.150000
v 2.342171 0.087626 0.150000
v 2.354545 0.082500 0.150000
v 2.366920 0.087626 0.150000
v 2.490227 0.100000 0.050000
v 2.485102 0.112374 0.050000
v 2.472727 0.117500 0.050000
v 2.460353 0.112374 0.050000
v 2.455227 0.100000 0.050000
v 2.460353 0.087626 0.050000
v 2.472727 0.082500 0.050000
v 2.485102 0.087626 0.050000
v 2.490227 0.100000 0.150000
v 2.485102 0.112374 0.150000
v 2.472727 0.117500 0.150000
v 2.460353 0.112374 0.150000
v 2.455227 0.100000 0.150000
v 2.460353 0.087626 0.150000
v 2.472727 0.082500 0.150000
v 2.485102 0.087626 0.150000
v 2.608409 0.100000 0.050000
v 2.603283 0.112374 0.050000
v 2.590909 0.117500 0.050000
v 2.578535 0.112374 0.050000
v 2.573409 0.100000 0.050000
v 2.578535 0.087626 0.050000
v 2.590909 0.082500 0.050000
v 2.603283 0.087626 0.050000
v 2.608409 0.100000 0.150000
v 2.603283 0.112374 0.150000
v 2.590909 0.117500 0.150000
v 2.578535 0.112374 0.150000
v 2.573409 0.100000 0.150000
v 2.578535 0.087626 0.150000
v 2.590909 0.082500 0.150000
v 2.603283 0.087626 0.150000
v 2.726591 0.100000 0.050000
v 2.721465 0.112374 0.050000
v 2.709091 0.117500 0.050000
v 2.696717 0.112374 0.050000
v 2.691591 0.100000 0.050000
v 2.696717 0.087626 0.050000
v 2.709091 0.082500 0.050000
v 2.721465 0.087626 0.050000
v 2.726591 0.100000 0.150000
v 2.721465 0.112374 0.150000
v 2.709091 0.117500 0.150000
v 2.696717 0.112374 0.150000
v 2.691591 0.100000 0.150000
v 2.696717 0.087626 0.150000
v 2.709091 0.082500 0.150000
v 2.721465 0.087626 0.150000
v 2.844773 0.100000 0.050000
v 2.839647 0.112374 0.050000
v 2.827273 0.117500 0.050000
v 2.814898 0.112374 0.050000
v 2.809773 0.100000 0.050000
v 2.814898 0.087626 0.050000
v 2.827273 0.082500 0.050000
v 2.839647 0.087626 0.050000
v 2.844773 0.100000 0.150000
v 2.839647 0.112374 0.150000
v 2.827273 0.117500 0.150000
v 2.814898 0.112374 0.150000
v 2.809773 0.100000 0.150000
v 2.814898 0.087626 0.150000
v 2.827273 0.082500 0.150000
v 2.839647 0.087626 0.150000
v 2.962955 0.100000 0.050000
v 2.957829 0.112374 0.050000
v 2.945455 0.117500 0.050000
v 2.933080 0.112374 0.050000
v 2.927955 0.100000 0.050000
v 2.933080 0.087626 0.050000
v 2.945455 0.082500 0.050000
v 2.957829 0.087626 0.050000
v 2.962955 0.100000 0.150000
v 2.957829 0.112374 0.150000
v 2.945455 0.117500 0.150000
v 2.933080 0.112374 0.150000
v 2.927955 0.100000 0.150000
v 2.933080 0.087626 0.150000
v 2.945455 0.082500 0.150000
v 2.957829 0.087626 0.150000
v 3.081136 0.100000 0.050000
v 3.076011 0.112374 0.050000
v 3.063636 0.117500 0.050000
v 3.051262 0.112374 0.050000
v 3.046136 0.100000 0.050000
v 3.051262 0.087626 0.050000
v 3.063636 0.082500 0.050000
v 3.076011 0.087626 0.050000
v 3.081136 0.100000 0.150000
v 3.076011 0.112374 0.150000
v 3.063636 0.117500 0.150000
v 3.051262 0.112374 0.150000
v 3.046136 0.100000 0.150000
v 3.051262 0.087626 0.150000
v 3.063636 0.082500 0.150000
v 3.076011 0.087626 0.150000
v 3.199318 0.100000 0.050000
v 3.194193 0.112374 0.050000
v 3.181818 0.117500 0.050000
v 3.169444 0.112374 0.050000
v 3.164318 0.100000 0.050000
v 3.169444 0.087626 0.050000
v 3.181818 0.082500 0.050000
v 3.194193 0.087626 0.050000
v 3.199318 0.100000 0.150000
v 3.194193 0.112374 0.150000
v 3.181818 0.117500 0.150000
v 3.169444 0.112374 0.150000
v 3.164318 0.100000 0.150000
v 3.169444 0.087626 0.150000
v 3.181818 0.082500 0.150000
v 3.194193 0.087626 0.150000
v 3.317500 0.100000 0.050000
v 3.312374 0.112374 0.050000
v 3.300000 0.117500 0.050000
v 3.287626 0.112374 0.050000
v 3.282500 0.100000 0.050000
v 3.287626 0.087626 0.050000
v 3.300000 0.082500 0.050000
v 3.312374 0.087626 0.050000
v 3.317500 0.100000 0.150000
v 3.312374 0.112374 0.150000
v 3.300000 0.117500 0.150000
v 3.287626 0.112374 0.150000
v 3.282500 0.100000 0.150000
v 3.287626 0.087626 0.150000
v 3.300000 0.082500 0.150000
v 3.312374 0.087626 0.150000
v 0.717500 0.300000 0.050000
v 0.712374 0.312374 0.050000
v 0.700000 0.317500 0.050000
v 0.687626 0.312374 0.050000
v 0.682500 0.300000 0.050000
v 0.687626 0.287626 0.050000
v 0.700000 0.282500 0.050000
v 0.712374 0.287626 0.050000
v 0.717500 0.300000 0.130000
v 0.712374 0.312374 0.130000
v 0.700000 0.317500 0.130000
v 0.687626 0.312374 0.130000
v 0.682500 0.300000 0.130000
v 0.687626 0.287626 0.130000
v 0.700000 0.282500 0.130000
v 0.712374 0.287626 0.130000
v 0.835682 0.300000 0.050000
v 0.830556 0.312374 0.050000
v 0.818182 0.317500 0.050000
v 0.805807 0.312374 0.050000
v 0.800682 0.300000 0.050000
v 0.805807 0.287626 0.050000
v 0.818182 0.282500 0.050000
v 0.830556 0.287626 0.050000
v 0.835682 0.300000 0.130000
v 0.830556 0.312374 0.130000
v 0.818182 0.317500 0.130000
v 0.805807 0.312374 0.130000
v 0.800682 0.300000 0.130000
v 0.805807 0.287626 0.130000
v 0.818182 0.282500 0.130000
v 0.830556 0.287626 0.130000
v 0.953864 0.300000 0.050000
v 0.948738 0.312374 0.050000
v 0.936364 0.317500 0.050000
v 0.923989 0.312374 0.050000
v 0.918864 0.300000 0.050000
v 0.923989 0.287626 0.050000
v 0.936364 0.282500 0.050000
v 0.948738 0.287626 0.050000
v 0.953864 0.300000 0.130000
v 0.948738 0.312374 0.130000
v 0.936364 0.317500 0.130000
v 0.923989 0.312374 0.130000
v 0.918864 0.300000 0.130000
v 0.923989 0.287626 0.130000
v 0.936364 0.282500 0.130000
v 0.948738 0.287626 0.130000
v 1.072045 0.300000 0.050000
v 1.066920 0.312374 0.050000
v 1.054545 0.317500 0.050000
v 1.042171 0.312374 0.050000
v 1.037045 0.300000 0.050000
v 1.042171 0.287626 0.050000
v 1.054545 0.282500 0.050000
v 1.066920 0.287626 0.050000
v 1.072045 0.300000 0.130000
v 1.066920 0.312374 0.130000
v 1.054545 0.317500 0.130000
v 1.042171 0.312374 0.130000
v 1.037045 0.300000 0.130000
v 1.042171 0.287626 0.130000
v 1.054545 0.282500 0.130000
v 1.066920 0.287626 0.130000
v 1.190227 0.300000 0.050000
v 1.185102 0.312374 0.050000
v 1.172727 0.317500 0.050000
v 1.160353 0.312374 0.050000
v 1.155227 0.300000 0.050000
v 1.160353 0.287626 0.050000
v 1.172727 0.282500 0.050000
v 1.185102 0.287626 0.050000
v 1.190227 0.300000 0.130000
v 1.185102 0.312374 0.130000
v 1.172727 0.317500 0.130000
v 1.160353 0.312374 0.130000
v 1.155227 0.300000 0.130000
v 1.160353 0.287626 0.130000
v 1.172727 0.282500 0.130000
v 1.185102 0.287626 0.130000
v 1.308409 0.300000 0.050000
v 1.303283 0.312374 0.050000
v 1.290909 0.317500 0.050000
v 1.278535 0.312374 0.050000
v 1.273409 0.300000 0.050000
v 1.278535 0.287626 0.050000
v 1.290909 0.282500 0.050000
v 1.303283 0.287626 0.050000
v 1.308409 0.300000 0.130000
v 1.303283 0.312374 0.130000
v 1.290909 0.317500 0.130000
v 1.278535 0.312374 0.130000
v 1.273409 0.300000 0.130000
v 1.278535 0.287626 0.130000
v 1.290909 0.282500 0.130000
v 1.303283 0.287626 0.130000
v 1.426591 0.300000 0.050000
v 1.421465 0.312374 0.050000
v 1.409091 0.317500 0.050000
v 1.396717 0.312374 0.050000
v 1.391591 0.300000 0.050000
v 1.396717 0.287626 0.050000
v 1.409091 0.282500 0.050000
v 1.421465 0.287626 0.050000
v 1.426591 0.300000 0.130000
v 1.421465 0.312374 0.130000
v 1.409091 0.317500 0.130000
v 1.396717 0.312374 0.130000
v 1.391591 0.300000 0.130000
v 1.396717 0.287626 0.130000
v 1.409091 0.282500 0.130000
v 1.421465 0.287626 0.130000
v 1.544773 0.300000 0.050000
v 1.539647 0.312374 0.050000
v 1.527273 0.317500 0.050000
v 1.514898 0.312374 0.050000
v 1.509773 0.300000 0.050000
v 1.514898 0.287626 0.050000
v 1.527273 0.282500 0.050000
v 1.539647 0.287626 0.050000
v 1.544773 0.300000 0.130000
v 1.539647 0.312374 0.130000
v 1.527273 0.317500 0.130000
v 1.514898 0.312374 0.130000
v 1.509773 0.300000 0.130000
v 1.514898 0.287626 0.130000
v 1.527273 0.282500 0.130000
v 1.539647 0.287626 0.130000
v 1.662955 0.300000 0.050000
v 1.657829 0.312374 0.050000
v 1.645455 0.317500 0.050000
v 1.633080 0.312374 0.050000
v 1.627955 0.300000 0.050000
v 1.633080 0.287626 0.050000
v 1.645455 0.282500 0.050000
v 1.657829 0.287626 0.050000
v 1.662955 0.300000 0.130000
v 1.657829 0.312374 0.130000
v 1.645455 0.317500 0.130000
v 1.633080 0.312374 0.130000
v 1.627955 0.300000 0.130000
v 1.633080 0.287626 0.130000
v 1.645455 0.282500 0.130000
v 1.657829 0.287626 0.130000
v 1.781136 0.300000 0.050000
v 1.776011 0.312374 0.050000
v 1.763636 0.317500 0.050000
v 1.751262 0.312374 0.050000
v 1.746136 0.300000 0.050000
v 1.751262 0.287626 0.050000
v 1.763636 0.282500 0.050000
v 1.776011 0.287626 0.050000
v 1.781136 0.300000 0.130000
v 1.776011 0.312374 0.130000
v 1.763636 0.317500 0.130000
v 1.751262 0.312374 0.130000
v 1.746136 0.300000 0.130000
v 1.751262 0.287626 0.130000
v 1.763636 0.282500 0.130000
v 1.776011 0.287626 0.130000
v 1.899318 0.300000 0.050000
v 1.894193 0.312374 0.050000
v 1.881818 0.317500 0.050000
v 1.869444 0.312374 0.050000
v 1.864318 0.300000 0.050000
v 1.869444 0.287626 0.050000
v 1.881818 0.282500 0.050000
v 1.894193 0.287626 0.050000
v 1.899318 0.300000 0.130000
v 1.894193 0.312374 0.130000
v 1.881818 0.317500 0.130000
v 1.869444 0.312374 0.130000
v 1.864318 0.300000 0.130000
v 1.869444 0.287626 0.130000
v 1.881818 0.282500 0.130000
v 1.894193 0.287626 0.130000
v 2.017500 0.300000 0.050000
v 2.012374 0.312374 0.050000
v 2.000000 0.317500 0.050000
v 1.987626 0.312374 0.050000
v 1.982500 0.300000 0.050000
v 1.987626 0.287626 0.050000
v 2.000000 0.282500 0.050000
v 2.012374 0.287626 0.050000
v 2.017500 0.300000 0.130000
v 2.012374 0.312374 0.130000
v 2.000000 0.317500 0.130000
v 1.987626 0.312374 0.130000
v 1.982500 0.300000 0.130000
v 1.987626 0.287626 0.130000
v 2.000000 0.282500 0.130000
v 2.012374 0.287626 0.130000
v 2.135682 0.300000 0.050000
v 2.130556 0.312374 0.050000
v 2.118182 0.317500 0.050000
v 2.105807 0.312374 0.050000
v 2.100682 0.300000 0.050000
v 2.105807 0.287626 0.050000
v 2.118182 0.282500 0.050000
v 2.130556 0.287626 0.050000
v 2.135682 0.300000 0.130000
v 2.130556 0.312374 0.130000
v 2.118182 0.317500 0.130000
v 2.105807 0.312374 0.130000
v 2.100682 0.300000 0.130000
v 2.105807 0.287626 0.130000
v 2.118182 0.282500 0.130000
v 2.130556 0.287626 0.130000
v 2.253864 0.300000 0.050000
v 2.248738 0.312374 0.050000
v 2.236364 0.317500 0.050000
v 2.223989 0.312374 0.050000
v 2.218864 0.300000 0.050000
v 2.223989 0.287626 0.050000
v 2.236364 0.282500 0.050000
v 2.248738 0.287626 0.050000
v 2.253864 0.300000 0.130000
v 2.248738 0.312374 0.130000
v 2.236364 0.317500 0.130000
v 2.223989 0.312374 0.130000
v 2.218864 0.300000 0.130000
v 2.223989 0.287626 0.130000
v 2.236364 0.282500 0.130000
v 2.248738 0.287626 0.130000
v 2.372045 0.300000 0.050000
v 2.366920 0.312374 0.050000
v 2.354545 0.317500 0.050000
v 2.342171 0.312374 0.050000
v 2.337045 0.300000 0.050000
v 2.342171 0.287626 0.050000
v 2.354545 0.282500 0.050000
v 2.366920 0.287626 0.050000
v 2.372045 0.300000 0.130000
v 2.366920 0.312374 0.130000
v 2.354545 0.317500 0.130000
v 2.342171 0.312374 0.130000
v 2.337045 0.300000 0.130000
v 2.342171 0.287626 0.130000
v 2.354545 0.282500 0.130000
v 2.366920 0.287626 0.130000
v 2.490227 0.300000 0.050000
v 2.485102 0.312374 0.050000
v 2.472727 0.317500 0.050000
v 2.460353 0.312374 0.050000
v 2.455227 0.300000 0.050000
v 2.460353 0.287626 0.050000
v 2.472727 0.282500 0.050000
v 2.485102 0.287626 0.050000
v 2.490227 0.300000 0.130000
v 2.485102 0.312374 0.130000
v 2.472727 0.317500 0.130000
v 2.460353 0.312374 0.130000
v 2.455227 0.300000 0.130000
v 2.460353 0.287626 0.130000
v 2.472727 0.282500 0.130000
v 2.485102 0.287626 0.130000
v 2.608409 0.300000 0.050000
v 2.603283 0.312374 0.050000
v 2.590909 0.317500 0.050000
v 2.578535 0.312374 0.050000
v 2.573409 0.300000 0.050000
v 2.578535 0.287626 0.050000
v 2.590909 0.282500 0.050000
v 2.603283 0.287626 0.050000
v 2.608409 0.300000 0.130000
v 2.603283 0.312374 0.130000
v 2.590909 0.317500 0.130000
v 2.578535 0.312374 0.130000
v 2.573409 0.300000 0.130000
v 2.578535 0.287626 0.130000
v 2.590909 0.282500 0.130000
v 2.603283 0.287626 0.130000
v 2.726591 0.300000 0.050000
v 2.721465 0.312374 0.050000
v 2.709091 0.317500 0.050000
v 2.696717 0.312374 0.050000
v 2.691591 0.300000 0.050000
v 2.696717 0.287626 0.050000
v 2.709091 0.282500 0.050000
v 2.721465 0.287626 0.050000
v 2.726591 0.300000 0.130000
v 2.721465 0.312374 0.130000
v 2.709091 0.317500 0.130000
v 2.696717 0.312374 0.130000
v 2.691591 0.300000 0.130000
v 2.696717 0.287626 0.130000
v 2.709091 0.282500 0.130000
v 2.721465 0.287626 0.130000
v 2.844773 0.300000 0.050000
v 2.839647 0.312374 0.050000
v 2.827273 0.317500 0.050000
v 2.814898 0.312374 0.050000
v 2.809773 0.300000 0.050000
v 2.814898 0.287626 0.050000
v 2.827273 0.282500 0.050000
v 2.839647 0.287626 0.050000
v 2.844773 0.300000 0.130000
v 2.839647 0.312374 0.130000
v 2.827273 0.317500 0.130000
v 2.814898 0.312374 0.130000
v 2.809773 0.300000 0.130000
v 2.814898 0.287626 0.130000
v 2.827273 0.282500 0.130000
v 2.839647 0.287626 0.130000
v 2.962955 0.300000 0.050000
v 2.957829 0.312374 0.050000
v 2.945455 0.317500 0.050000
v 2.933080 0.312374 0.050000
v 2.927955 0.300000 0.050000
v 2.933080 0.287626 0.050000
v 2.945455 0.282500 0.050000
v 2.957829 0.287626 0.050000
v 2.962955 0.300000 0.130000
v 2.957829 0.312374 0.130000
v 2.945455 0.317500 0.130000
v 2.933080 0.312374 0.130000
v 2.927955 0.300000 0.130000
v 2.933080 0.287626 0.130000
v 2.945455 0.282500 0.130000
v 2.957829 0.287626 0.130000
v 3.081136 0.300000 0.050000
v 3.076011 0.312374 0.050000
v 3.063636 0.317500 0.050000
v 3.051262 0.312374 0.050000
v 3.046136 0.300000 0.050000
v 3.051262 0.287626 0.050000
v 3.063636 0.282500 0.050000
v 3.076011 0.287626 0.050000
v 3.081136 0.300000 0.130000
v 3.076011 0.312374 0.130000
v 3.063636 0.317500 0.130000
v 3.051262 0.312374 0.130000
v 3.046136 0.300000 0.130000
v 3.051262 0.287626 0.130000
v 3.063636 0.282500 0.130000
v 3.076011 0.287626 0.130000
v 3.199318 0.300000 0.050000
v 3.194193 0.312374 0.050000
v 3.181818 0.317500 0.050000
v 3.169444 0.312374 0.050000
v 3.164318 0.300000 0.050000
v 3.169444 0.287626 0.050000
v 3.181818 0.282500 0.050000
v 3.194193 0.287626 0.050000
v 3.199318 0.300000 0.130000
v 3.194193 0.312374 0.130000
v 3.181818 0.317500 0.130000
v 3.169444 0.312374 0.130000
v 3.164318 0.300000 0.130000
v 3.169444 0.287626 0.130000
v 3.181818 0.282500 0.130000
v 3.194193 0.287626 0.130000
v 3.317500 0.300000 0.050000
v 3.312374 0.312374 0.050000
v 3.300000 0.317500 0.050000
v 3.287626 0.312374 0.050000
v 3.282500 0.300000 0.050000
v 3.287626 0.287626 0.050000
v 3.300000 0.282500 0.050000
v 3.312374 0.287626 0.050000
v 3.317500 0.300000 0.130000
v 3.312374 0.312374 0.130000
v 3.300000 0.317500 0.130000
v 3.287626 0.312374 0.130000
v 3.282500 0.300000 0.130000
v 3.287626 0.287626 0.130000
v 3.300000 0.282500 0.130000
v 3.312374 0.287626 0.130000
v 0.717500 4.650000 0.050000
v 0.712374 4.662374 0.050000
v 0.700000 4.667500 0.050000
v 0.687626 4.662374 0.050000
v 0.682500 4.650000 0.050000
v 0.687626 4.637626 0.050000
v 0.700000 4.632500 0.050000
v 0.712374 4.637626 0.050000
v 0.717500 4.650000 0.150000
v 0.712374 4.662374 0.150000
v 0.700000 4.667500 0.150000
v 0.687626 4.662374 0.150000
v 0.682500 4.650000 0.150000
v 0.687626 4.637626 0.150000
v 0.700000 4.632500 0.150000
v 0.712374 4.637626 0.150000
v 0.835682 4.650000 0.050000
v 0.830556 4.662374 0.050000
v 0.818182 4.667500 0.050000
v 0.805807 4.662374 0.050000
v 0.800682 4.650000 0.050000
v 0.805807 4.637626 0.050000
v 0.818182 4.632500 0.050000
v 0.830556 4.637626 0.050000
v 0.835682 4.650000 0.150000
v 0.830556 4.662374 0.150000
v 0.818182 4.667500 0.150000
v 0.805807 4.662374 0.150000
v 0.800682 4.650000 0.150000
v 0.805807 4.637626 0.150000
v 0.818182 4.632500 0.150000
v 0.830556 4.637626 0.150000
v 0.953864 4.650000 0.050000
v 0.948738 4.662374 0.050000
v 0.936364 4.667500 0.050000
v 0.923989 4.662374 0.050000
v 0.918864 4.650000 0.050000
v 0.923989 4.637626 0.050000
v 0.936364 4.632500 0.050000
v 0.948738 4.637626 0.050000
v 0.953864 4.650000 0.150000
v 0.948738 4.662374 0.150000
v 0.936364 4.667500 0.150000
v 0.923989 4.662374 0.150000
v 0.918864 4.650000 0.150000
v 0.923989 4.637626 0.150000
v 0.936364 4.632500 0.150000
v 0.948738 4.637626 0.150000
v 1.072045 4.650000 0.050000
v 1.066920 4.662374 0.050000
v 1.054545 4.667500 0.050000
v 1.042171 4.662374 0.050000
v 1.037045 4.650000 0.050000
v 1.042171 4.637626 0.050000
v 1.054545 4.632500 0.050000
v 1.066920 4.637626 0.050000
v 1.072045 4.650000 0.150000
v 1.066920 4.662374 0.150000
v 1.054545 4.667500 0.150000
v 1.042171 4.662374 0.150000
v 1.037045 4.650000 0.150000
v 1.042171 4.637626 0.150000
v 1.054545 4.632500 0.150000
v 1.066920 4.637626 0.150000
v 1.190227 4.650000 0.050000
v 1.185102 4.662374 0.050000
v 1.172727 4.667500 0.050000
v 1.160353 4.662374 0.050000
v 1.155227 4.650000 0.050000
v 1.160353 4.637626 0.050000
v 1.172727 4.632500 0.050000
v 1.185102 4.637626 0.050000
v 1.190227 4.650000 0.150000
v 1.185102 4.662374 0.150000
v 1.172727 4.667500 0.150000
v 1.160353 4.662374 0.150000
v 1.155227 4.650000 0.150000
v 1.160353 4.637626 0.150000
v 1.172727 4.632500 0.150000
v 1.185102 4.637626 0.150000
v 1.308409 4.650000 0.050000
v 1.303283 4.662374 0.050000
v 1.290909 4.667500 0.050000
v 1.278535 4.662374 0.050000
v 1.273409 4.650000 0.050000
v 1.278535 4.637626 0.050000
v 1.290909 4.632500 0.050000
v 1.303283 4.637626 0.050000
v 1.308409 4.650000 0.150000
v 1.303283 4.662374 0.150000
v 1.290909 4.667500 0.150000
v 1.278535 4.662374 0.150000
v 1.273409 4.650000 0.150000
v 1.278535 4.637626 0.150000
v 1.290909 4.632500 0.150000
v 1.303283 4.637626 0.150000
v 1.426591 4.650000 0.050000
v 1.421465 4.662374 0.050000
v 1.409091 4.667500 0.050000
v 1.396717 4.662374 0.050000
v 1.391591 4.650000 0.050000
v 1.396717 4.637626 0.050000
v 1.409091 4.632500 0.050000
v 1.421465 4.637626 0.050000
v 1.426591 4.650000 0.150000
v 1.421465 4.662374 0.150000
v 1.409091 4.667500 0.150000
v 1.396717 4.662374 0.150000
v 1.391591 4.650000 0.150000
v 1.396717 4.637626 0.150000
v 1.409091 4.632500 0.150000
v 1.421465 4.637626 0.150000
v 1.544773 4.650000 0.050000
v 1.539647 4.662374 0.050000
v 1.527273 4.667500 0.050000
v 1.514898 4.662374 0.050000
v 1.509773 4.650000 0.050000
v 1.514898 4.637626 0.050000
v 1.527273 4.632500 0.050000
v 1.539647 4.637626 0.050000
v 1.544773 4.650000 0.150000
v 1.539647 4.662374 0.150000
v 1.527273 4.667500 0.150000
v 1.514898 4.662374 0.150000
v 1.509773 4.650000 0.150000
v 1.514898 4.637626 0.150000
v 1.527273 4.632500 0.150000
v 1.539647 4.637626 0.150000
v 1.662955 4.650000 0.050000
v 1.657829 4.662374 0.050000
v 1.645455 4.667500 0.050000
v 1.633080 4.662374 0.050000
v 1.627955 4.650000 0.050000
v 1.633080 4.637626 0.050000
v 1.645455 4.632500 0.050000
v 1.657829 4.637626 0.050000
v 1.662955 4.650000 0.150000
v 1.657829 4.662374 0.150000
v 1.645455 4.667500 0.150000
v 1.633080 4.662374 0.150000
v 1.627955 4.650000 0.150000
v 1.633080 4.637626 0.150000
v 1.645455 4.632500 0.150000
v 1.657829 4.637626 0.150000
v 1.781136 4.650000 0.050000
v 1.776011 4.662374 0.050000
v 1.763636 4.667500 0.050000
v 1.751262 4.662374 0.050000
v 1.746136 4.650000 0.050000
v 1.751262 4.637626 0.050000
v 1.763636 4.632500 0.050000
v 1.776011 4.637626 0.050000
v 1.781136 4.650000 0.150000
v 1.776011 4.662374 0.150000
v 1.763636 4.667500 0.150000
v 1.751262 4.662374 0.150000
v 1.746136 4.650000 0.150000
v 1.751262 4.637626 0.150000
v 1.763636 4.632500 0.150000
v 1.776011 4.637626 0.150000
v 1.899318 4.650000 0.050000
v 1.894193 4.662374 0.050000
v 1.881818 4.667500 0.050000
v 1.869444 4.662374 0.050000
v 1.864318 4.650000 0.050000
v 1.869444 4.637626 0.050000
v 1.881818 4.632500 0.050000
v 1.894193 4.637626 0.050000
v 1.899318 4.650000 0.150000
v 1.894193 4.662374 0.150000
v 1.881818 4.667500 0.150000
v 1.869444 4.662374 0.150000
v 1.864318 4.650000 0.150000
v 1.869444 4.637626 0.150000
v 1.881818 4.632500 0.150000
v 1.894193 4.637626 0.150000
v 2.017500 4.650000 0.050000
v 2.012374 4.662374 0.050000
v 2.000000 4.667500 0.050000
v 1.987626 4.662374 0.050000
v 1.982500 4.650000 0.050000
v 1.987626 4.637626 0.050000
v 2.000000 4.632500 0.050000
v 2.012374 4.637626 0.050000
v 2.017500 4.650000 0.150000
v 2.012374 4.662374 0.150000
v 2.000000 4.667500 0.150000
v 1.987626 4.662374 0.150000
v 1.982500 4.650000 0.150000
v 1.987626 4.637626 0.150000
v 2.000000 4.632500 0.150000
v 2.012374 4.637626 0.150000
v 2.135682 4.650000 0.050000
v 2.130556 4.662374 0.050000
v 2.118182 4.667500 0.050000
v 2.105807 4.662374 0.050000
v 2.100682 4.650000 0.050000
v 2.105807 4.637626 0.050000
v 2.118182 4.632500 0.050000
v 2.130556 4.637626 0.050000
v 2.135682 4.650000 0.150000
v 2.130556 4.662374 0.150000
v 2.118182 4.667500 0.150000
v 2.105807 4.662374 0.150000
v 2.100682 4.650000 0.150000
v 2.105807 4.637626 0.150000
v 2.118182 4.632500 0.150000
v 2.130556 4.637626 0.150000
v 2.253864 4.650000 0.050000
v 2.248738 4.662374 0.050000
v 2.236364 4.667500 0.050000
v 2.223989 4.662374 0.050000
v 2.218864 4.650000 0.050000
v 2.223989 4.637626 0.050000
v 2.236364 4.632500 0.050000
v 2.248738 4.637626 0.050000
v 2.253864 4.650000 0.150000
v 2.248738 4.662374 0.150000
v 2.236364 4.667500 0.150000
v 2.223989 4.662374 0.150000
v 2.218864 4.650000 0.150000
v 2.223989 4.637626 0.150000
v 2.236364 4.632500 0.150000
v 2.248738 4.637626 0.150000
v 2.372045 4.650000 0.050000
v 2.366920 4.662374 0.050000
v 2.354545 4.667500 0.050000
v 2.342171 4.662374 0.050000
v 2.337045 4.650000 0.050000
v 2.342171 4.637626 0.050000
v 2.354545 4.632500 0.050000
v 2.366920 4.637626 0.050000
v 2.372045 4.650000 0.150000
v 2.366920 4.662374 0.150000
v 2.354545 4.667500 0.150000
v 2.342171 4.662374 0.150000
v 2.337045 4.650000 0.150000
v 2.342171 4.637626 0.150000
v 2.354545 4.632500 0.150000
v 2.366920 4.637626 0.150000
v 2.490227 4.650000 0.050000
v 2.485102 4.662374 0.050000
v 2.472727 4.667500 0.050000
v 2.460353 4.662374 0.050000
v 2.455227 4.650000 0.050000
v 2.460353 4.637626 0.050000
v 2.472727 4.632500 0.050000
v 2.485102 4.637626 0.050000
v 2.490227 4.650000 0.150000
v 2.485102 4.662374 0.150000
v 2.472727 4.667500 0.150000
v 2.460353 4.662374 0.150000
v 2.455227 4.650000 0.150000
v 2.460353 4.637626 0.150000
v 2.472727 4.632500 0.150000
v 2.485102 4.637626 0.150000
v 2.608409 4.650000 0.050000
v 2.603283 4.662374 0.050000
v 2.590909 4.667500 0.050000
v 2.578535 4.662374 0.050000
v 2.573409 4.650000 0.050000
v 2.578535 4.637626 0.050000
v 2.590909 4.632500 0.050000
v 2.603283 4.637626 0.050000
v 2.608409 4.650000 0.150000
v 2.603283 4.662374 0.150000
v 2.590909 4.667500 0.150000
v 2.578535 4.662374 0.150000
v 2.573409 4.650000 0.150000
v 2.578535 4.637626 0.150000
v 2.590909 4.632500 0.150000
v 2.603283 4.637626 0.150000
v 2.726591 4.650000 0.050000
v 2.721465 4.662374 0.050000
v 2.709091 4.667500 0.050000
v 2.696717 4.662374 0.050000
v 2.691591 4.650000 0.050000
v 2.696717 4.637626 0.050000
v 2.709091 4.632500 0.050000
v 2.721465 4.637626 0.050000
v 2.726591 4.650000 0.150000
v 2.721465 4.662374 0.150000
v 2.709091 4.667500 0.150000
v 2.696717 4.662374 0.150000
v 2.691591 4.650000 0.150000
v 2.696717 4.637626 0.150000
v 2.709091 4.632500 0.150000
v 2.721465 4.637626 0.150000
v 2.844773 4.650000 0.050000
v 2.839647 4.662374 0.050000
v 2.827273 4.667500 0.050000
v 2.814898 4.662374 0.050000
v 2.809773 4.650000 0.050000
v 2.814898 4.637626 0.050000
v 2.827273 4.632500 0.050000
v 2.839647 4.637626 0.050000
v 2.844773 4.650000 0.150000
v 2.839647 4.662374 0.150000
v 2.827273 4.667500 0.150000
v 2.814898 4.662374 0.150000
v 2.809773 4.650000 0.150000
v 2.814898 4.637626 0.150000
v 2.827273 4.632500 0.150000
v 2.839647 4.637626 0.150000
v 2.962955 4.650000 0.050000
v 2.957829 4.662374 0.050000
v 2.945455 4.667500 0.050000
v 2.933080 4.662374 0.050000
v 2.927955 4.650000 0.050000
v 2.933080 4.637626 0.050000
v 2.945455 4.632500 0.050000
v 2.957829 4.637626 0.050000
v 2.962955 4.650000 0.150000
v 2.957829 4.662374 0.150000
v 2.945455 4.667500 0.150000
v 2.933080 4.662374 0.150000
v 2.927955 4.650000 0.150000
v 2.933080 4.637626 0.150000
v 2.945455 4.632500 0.150000
v 2.957829 4.637626 0.150000
v 3.081136 4.650000 0.050000
v 3.076011 4.662374 0.050000
v 3.063636 4.667500 0.050000
v 3.051262 4.662374 0.050000
v 3.046136 4.650000 0.050000
v 3.051262 4.637626 0.050000
v 3.063636 4.632500 0.050000
v 3.076011 4.637626 0.050000
v 3.081136 4.650000 0.150000
v 3.076011 4.662374 0.150000
v 3.063636 4.667500 0.150000
v 3.051262 4.662374 0.150000
v 3.046136 4.650000 0.150000
v 3.051262 4.637626 0.150000
v 3.063636 4.632500 0.150000
v 3.076011 4.637626 0.150000
v 3.199318 4.650000 0.050000
v 3.194193 4.662374 0.050000
v 3.181818 4.667500 0.050000
v 3.169444 4.662374 0.050000
v 3.164318 4.650000 0.050000
v 3.169444 4.637626 0.050000
v 3.181818 4.632500 0.050000
v 3.194193 4.637626 0.050000
v 3.199318 4.650000 0.150000
v 3.194193 4.662374 0.150000
v 3.181818 4.667500 0.150000
v 3.169444 4.662374 0.150000
v 3.164318 4.650000 0.150000
v 3.169444 4.637626 0.150000
v 3.181818 4.632500 0.150000
v 3.194193 4.637626 0.150000
v 3.317500 4.650000 0.050000
v 3.312374 4.662374 0.050000
v 3.300000 4.667500 0.050000
v 3.287626 4.662374 0.050000
v 3.282500 4.650000 0.050000
v 3.287626 4.637626 0.050000
v 3.300000 4.632500 0.050000
v 3.312374 4.637626 0.050000
v 3.317500 4.650000 0.150000
v 3.312374 4.662374 0.150000
v 3.300000 4.667500 0.150000
v 3.287626 4.662374 0.150000
v 3.282500 4.650000 0.150000
v 3.287626 4.637626 0.150000
v 3.300000 4.632500 0.150000
v 3.312374 4.637626 0.150000
v 0.717500 4.450000 0.050000
v 0.712374 4.462374 0.050000
v 0.700000 4.467500 0.050000
v 0.687626 4.462374 0.050000
v 0.682500 4.450000 0.050000
v 0.687626 4.437626 0.050000
v 0.700000 4.432500 0.050000
v 0.712374 4.437626 0.050000
v 0.717500 4.450000 0.180000
v 0.712374 4.462374 0.180000
v 0.700000 4.467500 0.180000
v 0.687626 4.462374 0.180000
v 0.682500 4.450000 0.180000
v 0.687626 4.437626 0.180000
v 0.700000 4.432500 0.180000
v 0.712374 4.437626 0.180000
v 0.835682 4.450000 0.050000
v 0.830556 4.462374 0.050000
v 0.818182 4.467500 0.050000
v 0.805807 4.462374 0.050000
v 0.800682 4.450000 0.050000
v 0.805807 4.437626 0.050000
v 0.818182 4.432500 0.050000
v 0.830556 4.437626 0.050000
v 0.835682 4.450000 0.180000
v 0.830556 4.462374 0.180000
v 0.818182 4.467500 0.180000
v 0.805807 4.462374 0.180000
v 0.800682 4.450000 0.180000
v 0.805807 4.437626 0.180000
v 0.818182 4.432500 0.180000
v 0.830556 4.437626 0.180000
v 0.953864 4.450000 0.050000
v 0.948738 4.462374 0.050000
v 0.936364 4.467500 0.050000
v 0.923989 4.462374 0.050000
v 0.918864 4.450000 0.050000
v 0.923989 4.437626 0.050000
v 0.936364 4.432500 0.050000
v 0.948738 4.437626 0.050000
v 0.953864 4.450000 0.180000
v 0.948738 4.462374 0.180000
v 0.936364 4.467500 0.180000
v 0.923989 4.462374 0.180000
v 0.918864 4.450000 0.180000
v 0.923989 4.437626 0.180000
v 0.936364 4.432500 0.180000
v 0.948738 4.437626 0.180000
v 1.072045 4.450000 0.050000
v 1.066920 4.462374 0.050000
v 1.054545 4.467500 0.050000
v 1.042171 4.462374 0.050000
v 1.037045 4.450000 0.050000
v 1.042171 4.437626 0.050000
v 1.054545 4.432500 0.050000
v 1.066920 4.437626 0.050000
v 1.072045 4.450000 0.180000
v 1.066920 4.462374 0.180000
v 1.054545 4.467500 0.180000
v 1.042171 4.462374 0.180000
v 1.037045 4.450000 0.180000
v 1.042171 4.437626 0.180000
v 1.054545 4.432500 0.180000
v 1.066920 4.437626 0.180000
v 1.190227 4.450000 0.050000
v 1.185102 4.462374 0.050000
v 1.172727 4.467500 0.050000
v 1.160353 4.462374 0.050000
v 1.155227 4.450000 0.050000
v 1.160353 4.437626 0.050000
v 1.172727 4.432500 0.050000
v 1.185102 4.437626 0.050000
v 1.190227 4.450000 0.180000
v 1.185102 4.462374 0.180000
v 1.172727 4.467500 0.180000
v 1.160353 4.462374 0.180000
v 1.155227 4.450000 0.180000
v 1.160353 4.437626 0.180000
v 1.172727 4.432500 0.180000
v 1.185102 4.437626 0.180000
v 1.308409 4.450000 0.050000
v 1.303283 4.462374 0.050000
v 1.290909 4.467500 0.050000
v 1.278535 4.462374 0.050000
v 1.273409 4.450000 0.050000
v 1.278535 4.437626 0.050000
v 1.290909 4.432500 0.050000
v 1.303283 4.437626 0.050000
v 1.308409 4.450000 0.180000
v 1.303283 4.462374 0.180000
v 1.290909 4.467500 0.180000
v 1.278535 4.462374 0.180000
v 1.273409 4.450000 0.180000
v 1.278535 4.437626 0.180000
v 1.290909 4.432500 0.180000
v 1.303283 4.437626 0.180000
v 1.426591 4.450000 0.050000
v 1.421465 4.462374 0.050000
v 1.409091 4.467500 0.050000
v 1.396717 4.462374 0.050000
v 1.391591 4.450000 0.050000
v 1.396717 4.437626 0.050000
v 1.409091 4.432500 0.050000
v 1.421465 4.437626 0.050000
v 1.426591 4.450000 0.180000
v 1.421465 4.462374 0.180000
v 1.409091 4.467500 0.180000
v 1.396717 4.462374 0.180000
v 1.391591 4.450000 0.180000
v 1.396717 4.437626 0.180000
v 1.409091 4.432500 0.180000
v 1.421465 4.437626 0.180000
v 1.544773 4.450000 0.050000
v 1.539647 4.462374 0.050000
v 1.527273 4.467500 0.050000
v 1.514898 4.462374 0.050000
v 1.509773 4.450000 0.050000
v 1.514898 4.437626 0.050000
v 1.527273 4.432500 0.050000
v 1.539647 4.437626 0.050000
v 1.544773 4.450000 0.180000
v 1.539647 4.462374 0.180000
v 1.527273 4.467500 0.180000
v 1.514898 4.462374 0.180000
v 1.509773 4.450000 0.180000
v 1.514898 4.437626 0.180000
v 1.527273 4.432500 0.180000
v 1.539647 4.437626 0.180000
v 1.662955 4.450000 0.050000
v 1.657829 4.462374 0.050000
v 1.645455 4.467500 0.050000
v 1.633080 4.462374 0.050000
v 1.627955 4.450000 0.050000
v 1.633080 4.437626 0.050000
v 1.645455 4.432500 0.050000
v 1.657829 4.437626 0.050000
v 1.662955 4.450000 0.180000
v 1.657829 4.462374 0.180000
v 1.645455 4.467500 0.180000
v 1.633080 4.462374 0.180000
v 1.627955 4.450000 0.180000
v 1.633080 4.437626 0.180000
v 1.645455 4.432500 0.180000
v 1.657829 4.437626 0.180000
v 1.781136 4.450000 0.050000
v 1.776011 4.462374 0.050000
v 1.763636 4.467500 0.050000
v 1.751262 4.462374 0.050000
v 1.746136 4.450000 0.050000
v 1.751262 4.437626 0.050000
v 1.763636 4.432500 0.050000
v 1.776011 4.437626 0.050000
v 1.781136 4.450000 0.180000
v 1.776011 4.462374 0.180000
v 1.763636 4.467500 0.180000
v 1.751262 4.462374 0.180000
v 1.746136 4.450000 0.180000
v 1.751262 4.437626 0.180000
v 1.763636 4.432500 0.180000
v 1.776011 4.437626 0.180000
v 1.899318 4.450000 0.050000
v 1.894193 4.462374 0.050000
v 1.881818 4.467500 0.050000
v 1.869444 4.462374 0.050000
v 1.864318 4.450000 0.050000
v 1.869444 4.437626 0.050000
v 1.881818 4.432500 0.050000
v 1.894193 4.437626 0.050000
v 1.899318 4.450000 0.180000
v 1.894193 4.462374 0.180000
v 1.881818 4.467500 0.180000
v 1.869444 4.462374 0.180000
v 1.864318 4.450000 0.180000
v 1.869444 4.437626 0.180000
v 1.881818 4.432500 0.180000
v 1.894193 4.437626 0.180000
v 2.017500 4.450000 0.050000
v 2.012374 4.462374 0.050000
v 2.000000 4.467500 0.050000
v 1.987626 4.462374 0.050000
v 1.982500 4.450000 0.050000
v 1.987626 4.437626 0.050000
v 2.000000 4.432500 0.050000
v 2.012374 4.437626 0.050000
v 2.017500 4.450000 0.180000
v 2.012374 4.462374 0.180000
v 2.000000 4.467500 0.180000
v 1.987626 4.462374 0.180000
v 1.982500 4.450000 0.180000
v 1.987626 4.437626 0.180000
v 2.000000 4.432500 0.180000
v 2.012374 4.437626 0.180000
v 2.135682 4.450000 0.050000
v 2.130556 4.462374 0.050000
v 2.118182 4.467500 0.050000
v 2.105807 4.462374 0.050000
v 2.100682 4.450000 0.050000
v 2.105807 4.437626 0.050000
v 2.118182 4.432500 0.050000
v 2.130556 4.437626 0.050000
v 2.135682 4.450000 0.180000
v 2.130556 4.462374 0.180000
v 2.118182 4.467500 0.180000
v 2.105807 4.462374 0.180000
v 2.100682 4.450000 0.180000
v 2.105807 4.437626 0.180000
v 2.118182 4.432500 0.180000
v 2.130556 4.437626 0.180000
v 2.253864 4.450000 0.050000
v 2.248738 4.462374 0.050000
v 2.236364 4.467500 0.050000
v 2.223989 4.462374 0.050000
v 2.218864 4.450000 0.050000
v 2.223989 4.437626 0.050000
v 2.236364 4.432500 0.050000
v 2.248738 4.437626 0.050000
v 2.253864 4.450000 0.180000
v 2.248738 4.462374 0.180000
v 2.236364 4.467500 0.180000
v 2.223989 4.462374 0.180000
v 2.218864 4.450000 0.180000
v 2.223989 4.437626 0.180000
v 2.236364 4.432500 0.180000
v 2.248738 4.437626 0.180000
v 2.372045 4.450000 0.050000
v 2.366920 4.462374 0.050000
v 2.354545 4.467500 0.050000
v 2.342171 4.462374 0.050000
v 2.337045 4.450000 0.050000
v 2.342171 4.437626 0.050000
v 2.354545 4.432500 0.050000
v 2.366920 4.437626 0.050000
v 2.372045 4.450000 0.180000
v 2.366920 4.462374 0.180000
v 2.354545 4.467500 0.180000
v 2.342171 4.462374 0.180000
v 2.337045 4.450000 0.180000
v 2.342171 4.437626 0.180000
v 2.354545 4.432500 0.180000
v 2.366920 4.437626 0.180000
v 2.490227 4.450000 0.050000
v 2.485102 4.462374 0.050000
v 2.472727 4.467500 0.050000
v 2.460353 4.462374 0.050000
v 2.455227 4.450000 0.050000
v 2.460353 4.437626 0.050000
v 2.472727 4.432500 0.050000
v 2.485102 4.437626 0.050000
v 2.490227 4.450000 0.180000
v 2.485102 4.462374 0.180000
v 2.472727 4.467500 0.180000
v 2.460353 4.462374 0.180000
v 2.455227 4.450000 0.180000
v 2.460353 4.437626 0.180000
v 2.472727 4.432500 0.180000
v 2.485102 4.437626 0.180000
v 2.608409 4.450000 0.050000
v 2.603283 4.462374 0.050000
v 2.590909 4.467500 0.050000
v 2.578535 4.462374 0.050000
v 2.573409 4.450000 0.050000
v 2.578535 4.437626 0.050000
v 2.590909 4.432500 0.050000
v 2.603283 4.437626 0.050000
v 2.608409 4.450000 0.180000
v 2.603283 4.462374 0.180000
v 2.590909 4.467500 0.180000
v 2.578535 4.462374 0.180000
v 2.573409 4.450000 0.180000
v 2.578535 4.437626 0.180000
v 2.590909 4.432500 0.180000
v 2.603283 4.437626 0.180000
v 2.726591 4.450000 0.050000
v 2.721465 4.462374 0.050000
v 2.709091 4.467500 0.050000
v 2.696717 4.462374 0.050000
v 2.691591 4.450000 0.050000
v 2.696717 4.437626 0.050000
v 2.709091 4.432500 0.050000
v 2.721465 4.437626 0.050000
v 2.726591 4.450000 0.180000
v 2.721465 4.462374 0.180000
v 2.709091 4.467500 0.180000
v 2.696717 4.462374 0.180000
v 2.691591 4.450000 0.180000
v 2.696717 4.437626 0.180000
v 2.709091 4.432500 0.180000
v 2.721465 4.437626 0.180000
v 2.844773 4.450000 0.050000
v 2.839647 4.462374 0.050000
v 2.827273 4.467500 0.050000
v 2.814898 4.462374 0.050000
v 2.809773 4.450000 0.050000
v 2.814898 4.437626 0.050000
v 2.827273 4.432500 0.050000
v 2.839647 4.437626 0.050000
v 2.844773 4.450000 0.180000
v 2.839647 4.462374 0.180000
v 2.827273 4.467500 0.180000
v 2.814898 4.462374 0.180000
v 2.809773 4.450000 0.180000
v 2.814898 4.437626 0.180000
v 2.827273 4.432500 0.180000
v 2.839647 4.437626 0.180000
v 2.962955 4.450000 0.050000
v 2.957829 4.462374 0.050000
v 2.945455 4.467500 0.050000
v 2.933080 4.462374 0.050000
v 2.927955 4.450000 0.050000
v 2.933080 4.437626 0.050000
v 2.945455 4.432500 0.050000
v 2.957829 4.437626 0.050000
v 2.962955 4.450000 0.180000
v 2.957829 4.462374 0.180000
v 2.945455 4.467500 0.180000
v 2.933080 4.462374 0.180000
v 2.927955 4.450000 0.180000
v 2.933080 4.437626 0.180000
v 2.945455 4.432500 0.180000
v 2.957829 4.437626 0.180000
v 3.081136 4.450000 0.050000
v 3.076011 4.462374 0.050000
v 3.063636 4.467500 0.050000
v 3.051262 4.462374 0.050000
v 3.046136 4.450000 0.050000
v 3.051262 4.437626 0.050000
v 3.063636 4.432500 0.050000
v 3.076011 4.437626 0.050000
v 3.081136 4.450000 0.180000
v 3.076011 4.462374 0.180000
v 3.063636 4.467500 0.180000
v 3.051262 4.462374 0.180000
v 3.046136 4.450000 0.180000
v 3.051262 4.437626 0.180000
v 3.063636 4.432500 0.180000
v 3.076011 4.437626 0.180000
v 3.199318 4.450000 0.050000
v 3.194193 4.462374 0.050000
v 3.181818 4.467500 0.050000
v 3.169444 4.462374 0.050000
v 3.164318 4.450000 0.050000
v 3.169444 4.437626 0.050000
v 3.181818 4.432500 0.050000
v 3.194193 4.437626 0.050000
v 3.199318 4.450000 0.180000
v 3.194193 4.462374 0.180000
v 3.181818 4.467500 0.180000
v 3.169444 4.462374 0.180000
v 3.164318 4.450000 0.180000
v 3.169444 4.437626 0.180000
v 3.181818 4.432500 0.180000
v 3.194193 4.437626 0.180000
v 3.317500 4.450000 0.050000
v 3.312374 4.462374 0.050000
v 3.300000 4.467500 0.050000
v 3.287626 4.462374 0.050000
v 3.282500 4.450000 0.050000
v 3.287626 4.437626 0.050000
v 3.300000 4.432500 0.050000
v 3.312374 4.437626 0.050000
v 3.317500 4.450000 0.180000
v 3.312374 4.462374 0.180000
v 3.300000 4.467500 0.180000
v 3.287626 4.462374 0.180000
v 3.282500 4.450000 0.180000
v 3.287626 4.437626 0.180000
v 3.300000 4.432500 0.180000
v 3.312374 4.437626 0.180000
v 0.065000 0.065000 0.050000
v 0.095000 0.065000 0.050000
v 0.095000 0.095000 0.050000
v 0.065000 0.095000 0.050000
v 0.065000 0.065000 0.230000
v 0.095000 0.065000 0.230000
v 0.095000 0.095000 0.230000
v 0.065000 0.095000 0.230000
v 0.905000 0.065000 0.050000
v 0.935000 0.065000 0.050000
v 0.935000 0.095000 0.050000
v 0.905000 0.095000 0.050000
v 0.905000 0.065000 0.230000
v 0.935000 0.065000 0.230000
v 0.935000 0.095000 0.230000
v 0.905000 0.095000 0.230000
v 0.065000 0.905000 0.050000
v 0.095000 0.905000 0.050000
v 0.095000 0.935000 0.050000
v 0.065000 0.935000 0.050000
v 0.065000 0.905000 0.230000
v 0.095000 0.905000 0.230000
v 0.095000 0.935000 0.230000
v 0.065000 0.935000 0.230000
v 0.905000 0.905000 0.050000
v 0.935000 0.905000 0.050000
v 0.935000 0.935000 0.050000
v 0.905000 0.935000 0.050000
v 0.905000 0.905000 0.230000
v 0.935000 0.905000 0.230000
v 0.935000 0.935000 0.230000
v 0.905000 0.935000 0.230000
v 3.065000 0.065000 0.050000
v 3.095000 0.065000 0.050000
v 3.095000 0.095000 0.050000
v 3.065000 0.095000 0.050000
v 3.065000 0.065000 0.230000
v 3.095000 0.065000 0.230000
v 3.095000 0.095000 0.230000
v 3.065000 0.095000 0.230000
v 3.905000 0.065000 0.050000
v 3.935000 0.065000 0.050000
v 3.935000 0.095000 0.050000
v 3.905000 0.095000 0.050000
v 3.905000 0.065000 0.230000
v 3.935000 0.065000 0.230000
v 3.935000 0.095000 0.230000
v 3.905000 0.095000 0.230000
v 3.065000 0.905000 0.050000
v 3.095000 0.905000 0.050000
v 3.095000 0.935000 0.050000
v 3.065000 0.935000 0.050000
v 3.065000 0.905000 0.230000
v 3.095000 0.905000 0.230000
v 3.095000 0.935000 0.230000
v 3.065000 0.935000 0.230000
v 3.905000 0.905000 0.050000
v 3.935000 0.905000 0.050000
v 3.935000 0.935000 0.050000
v 3.905000 0.935000 0.050000
v 3.905000 0.905000 0.230000
v 3.935000 0.905000 0.230000
v 3.935000 0.935000 0.230000
v 3.905000 0.935000 0.230000
v 0.065000 3.765000 0.050000
v 0.095000 3.765000 0.050000
v 0.095000 3.795000 0.050000
v 0.065000 3.795000 0.050000
v 0.065000 3.765000 0.230000
v 0.095000 3.765000 0.230000
v 0.095000 3.795000 0.230000
v 0.065000 3.795000 0.230000
v 0.905000 3.765000 0.050000
v 0.935000 3.765000 0.050000
v 0.935000 3.795000 0.050000
v 0.905000 3.795000 0.050000
v 0.905000 3.765000 0.230000
v 0.935000 3.765000 0.230000
v 0.935000 3.795000 0.230000
v 0.905000 3.795000 0.230000
v 0.065000 4.605000 0.050000
v 0.095000 4.605000 0.050000
v 0.095000 4.635000 0.050000
v 0.065000 4.635000 0.050000
v 0.065000 4.605000 0.230000
v 0.095000 4.605000 0.230000
v 0.095000 4.635000 0.230000
v 0.065000 4.635000 0.230000
v 0.905000 4.605000 0.050000
v 0.935000 4.605000 0.050000
v 0.935000 4.635000 0.050000
v 0.905000 4.635000 0.050000
v 0.905000 4.605000 0.230000
v 0.935000 4.605000 0.230000
v 0.935000 4.635000 0.230000
v 0.905000 4.635000 0.230000
v 3.065000 3.765000 0.050000
v 3.095000 3.765000 0.050000
v 3.095000 3.795000 0.050000
v 3.065000 3.795000 0.050000
v 3.065000 3.765000 0.230000
v 3.095000 3.765000 0.230000
v 3.095000 3.795000 0.230000
v 3.065000 3.795000 0.230000
v 3.905000 3.765000 0.050000
v 3.935000 3.765000 0.050000
v 3.935000 3.795000 0.050000
v 3.905000 3.795000 0.050000
v 3.905000 3.765000 0.230000
v 3.935000 3.765000 0.230000
v 3.935000 3.795000 0.230000
v 3.905000 3.795000 0.230000
v 3.065000 4.605000 0.050000
v 3.095000 4.605000 0.050000
v 3.095000 4.635000 0.050000
v 3.065000 4.635000 0.050000
v 3.065000 4.605000 0.230000
v 3.095000 4.605000 0.230000
v 3.095000 4.635000 0.230000
v 3.065000 4.635000 0.230000
v 3.905000 4.605000 0.050000
v 3.935000 4.605000 0.050000
v 3.935000 4.635000 0.050000
v 3.905000 4.635000 0.050000
v 3.905000 4.605000 0.230000
v 3.935000 4.605000 0.230000
v 3.935000 4.635000 0.230000
v 3.905000 4.635000 0.230000
v 1.812500 2.950000 0.050000
v 1.808839 2.958839 0.050000
v 1.800000 2.962500 0.050000
v 1.791161 2.958839 0.050000
v 1.787500 2.950000 0.050000
v 1.791161 2.941161 0.050000
v 1.800000 2.937500 0.050000
v 1.808839 2.941161 0.050000
v 1.812500 2.950000 0.100000
v 1.808839 2.958839 0.100000
v 1.800000 2.962500 0.100000
v 1.791161 2.958839 0.100000
v 1.787500 2.950000 0.100000
v 1.791161 2.941161 0.100000
v 1.800000 2.937500 0.100000
v 1.808839 2.941161 0.100000
v 1.724632 3.162132 0.050000
v 1.720971 3.170971 0.050000
v 1.712132 3.174632 0.050000
v 1.703293 3.170971 0.050000
v 1.699632 3.162132 0.050000
v 1.703293 3.153293 0.050000
v 1.712132 3.149632 0.050000
v 1.720971 3.153293 0.050000
v 1.724632 3.162132 0.100000
v 1.720971 3.170971 0.100000
v 1.712132 3.174632 0.100000
v 1.703293 3.170971 0.100000
v 1.699632 3.162132 0.100000
v 1.703293 3.153293 0.100000
v 1.712132 3.149632 0.100000
v 1.720971 3.153293 0.100000
v 1.512500 3.250000 0.050000
v 1.508839 3.258839 0.050000
v 1.500000 3.262500 0.050000
v 1.491161 3.258839 0.050000
v 1.487500 3.250000 0.050000
v 1.491161 3.241161 0.050000
v 1.500000 3.237500 0.050000
v 1.508839 3.241161 0.050000
v 1.512500 3.250000 0.100000
v 1.508839 3.258839 0.100000
v 1.500000 3.262500 0.100000
v 1.491161 3.258839 0.100000
v 1.487500 3.250000 0.100000
v 1.491161 3.241161 0.100000
v 1.500000 3.237500 0.100000
v 1.508839 3.241161 0.100000
v 1.300368 3.162132 0.050000
v 1.296707 3.170971 0.050000
v 1.287868 3.174632 0.050000
v 1.279029 3.170971 0.050000
v 1.275368 3.162132 0.050000
v 1.279029 3.153293 0.050000
v 1.287868 3.149632 0.050000
v 1.296707 3.153293 0.050000
v 1.300368 3.162132 0.100000
v 1.296707 3.170971 0.100000
v 1.287868 3.174632 0.100000
v 1.279029 3.170971 0.100000
v 1.275368 3.162132 0.100000
v 1.279029 3.153293 0.100000
v 1.287868 3.149632 0.100000
v 1.296707 3.153293 0.100000
v 1.212500 2.950000 0.050000
v 1.208839 2.958839 0.050000
v 1.200000 2.962500 0.050000
v 1.191161 2.958839 0.050000
v 1.187500 2.950000 0.050000
v 1.191161 2.941161 0.050000
v 1.200000 2.937500 0.050000
v 1.208839 2.941161 0.050000
v 1.212500 2.950000 0.100000
v 1.208839 2.958839 0.100000
v 1.200000 2.962500 0.100000
v 1.191161 2.958839 0.100000
v 1.187500 2.950000 0.100000
v 1.191161 2.941161 0.100000
v 1.200000 2.937500 0.100000
v 1.208839 2.941161 0.100000
v 1.300368 2.737868 0.050000
v 1.296707 2.746707 0.050000
v 1.287868 2.750368 0.050000
v 1.279029 2.746707 0.050000
v 1.275368 2.737868 0.050000
v 1.279029 2.729029 0.050000
v 1.287868 2.725368 0.050000
v 1.296707 2.729029 0.050000
v 1.300368 2.737868 0.100000
v 1.296707 2.746707 0.100000
v 1.287868 2.750368 0.100000
v 1.279029 2.746707 0.100000
v 1.275368 2.737868 0.100000
v 1.279029 2.729029 0.100000
v 1.287868 2.725368 0.100000
v 1.296707 2.729029 0.100000
v 1.512500 2.650000 0.050000
v 1.508839 2.658839 0.050000
v 1.500000 2.662500 0.050000
v 1.491161 2.658839 0.050000
v 1.487500 2.650000 0.050000
v 1.491161 2.641161 0.050000
v 1.500000 2.637500 0.050000
v 1.508839 2.641161 0.050000
v 1.512500 2.650000 0.100000
v 1.508839 2.658839 0.100000
v 1.500000 2.662500 0.100000
v 1.491161 2.658839 0.100000
v 1.487500 2.650000 0.100000
v 1.491161 2.641161 0.100000
v 1.500000 2.637500 0.100000
v 1.508839 2.641161 0.100000
v 1.724632 2.737868 0.050000
v 1.720971 2.746707 0.050000
v 1.712132 2.750368 0.050000
v 1.703293 2.746707 0.050000
v 1.699632 2.737868 0.050000
v 1.703293 2.729029 0.050000
v 1.712132 2.725368 0.050000
v 1.720971 2.729029 0.050000
v 1.724632 2.737868 0.100000
v 1.720971 2.746707 0.100000
v 1.712132 2.750368 0.100000
v 1.703293 2.746707 0.100000
v 1.699632 2.737868 0.100000
v 1.703293 2.729029 0.100000
v 1.712132 2.725368 0.100000
v 1.720971 2.729029 0.100000
v 2.812500 2.950000 0.050000
v 2.808839 2.958839 0.050000
v 2.800000 2.962500 0.050000
v 2.791161 2.958839 0.050000
v 2.787500 2.950000 0.050000
v 2.791161 2.941161 0.050000
v 2.800000 2.937500 0.050000
v 2.808839 2.941161 0.050000
v 2.812500 2.950000 0.100000
v 2.808839 2.958839 0.100000
v 2.800000 2.962500 0.100000
v 2.791161 2.958839 0.100000
v 2.787500 2.950000 0.100000
v 2.791161 2.941161 0.100000
v 2.800000 2.937500 0.100000
v 2.808839 2.941161 0.100000
v 2.724632 3.162132 0.050000
v 2.720971 3.170971 0.050000
v 2.712132 3.174632 0.050000
v 2.703293 3.170971 0.050000
v 2.699632 3.162132 0.050000
v 2.703293 3.153293 0.050000
v 2.712132 3.149632 0.050000
v 2.720971 3.153293 0.050000
v 2.724632 3.162132 0.100000
v 2.720971 3.170971 0.100000
v 2.712132 3.174632 0.100000
v 2.703293 3.170971 0.100000
v 2.699632 3.162132 0.100000
v 2.703293 3.153293 0.100000
v 2.712132 3.149632 0.100000
v 2.720971 3.153293 0.100000
v 2.512500 3.250000 0.050000
v 2.508839 3.258839 0.050000
v 2.500000 3.262500 0.050000
v 2.491161 3.258839 0.050000
v 2.487500 3.250000 0.050000
v 2.491161 3.241161 0.050000
v 2.500000 3.237500 0.050000
v 2.508839 3.241161 0.050000
v 2.512500 3.250000 0.100000
v 2.508839 3.258839 0.100000
v 2.500000 3.262500 0.100000
v 2.491161 3.258839 0.100000
v 2.487500 3.250000 0.100000
v 2.491161 3.241161 0.100000
v 2.500000 3.237500 0.100000
v 2.508839 3.241161 0.100000
v 2.300368 3.162132 0.050000
v 2.296707 3.170971 0.050000
v 2.287868 3.174632 0.050000
v 2.279029 3.170971 0.050000
v 2.275368 3.162132 0.050000
v 2.279029 3.153293 0.050000
v 2.287868 3.149632 0.050000
v 2.296707 3.153293 0.050000
v 2.300368 3.162132 0.100000
v 2.296707 3.170971 0.100000
v 2.287868 3.174632 0.100000
v 2.279029 3.170971 0.100000
v 2.275368 3.162132 0.100000
v 2.279029 3.153293 0.100000
v 2.287868 3.149632 0.100000
v 2.296707 3.153293 0.100000
v 2.212500 2.950000 0.050000
v 2.208839 2.958839 0.050000
v 2.200000 2.962500 0.050000
v 2.191161 2.958839 0.050000
v 2.187500 2.950000 0.050000
v 2.191161 2.941161 0.050000
v 2.200000 2.937500 0.050000
v 2.208839 2.941161 0.050000
v 2.212500 2.950000 0.100000
v 2.208839 2.958839 0.100000
v 2.200000 2.962500 0.100000
v 2.191161 2.958839 0.100000
v 2.187500 2.950000 0.100000
v 2.191161 2.941161 0.100000
v 2.200000 2.937500 0.100000
v 2.208839 2.941161 0.100000
v 2.300368 2.737868 0.050000
v 2.296707 2.746707 0.050000
v 2.287868 2.750368 0.050000
v 2.279029 2.746707 0.050000
v 2.275368 2.737868 0.050000
v 2.279029 2.729029 0.050000
v 2.287868 2.725368 0.050000
v 2.296707 2.729029 0.050000
v 2.300368 2.737868 0.100000
v 2.296707 2.746707 0.100000
v 2.287868 2.750368 0.100000
v 2.279029 2.746707 0.100000
v 2.275368 2.737868 0.100000
v 2.279029 2.729029 0.100000
v 2.287868 2.725368 0.100000
v 2.296707 2.729029 0.100000
v 2.512500 2.650000 0.050000
v 2.508839 2.658839 0.050000
v 2.500000 2.662500 0.050000
v 2.491161 2.658839 0.050000
v 2.487500 2.650000 0.050000
v 2.491161 2.641161 0.050000
v 2.500000 2.637500 0.050000
v 2.508839 2.641161 0.050000
v 2.512500 2.650000 0.100000
v 2.508839 2.658839 0.100000
v 2.500000 2.662500 0.100000
v 2.491161 2.658839 0.100000
v 2.487500 2.650000 0.100000
v 2.491161 2.641161 0.100000
v 2.500000 2.637500 0.100000
v 2.508839 2.641161 0.100000
v 2.724632 2.737868 0.050000
v 2.720971 2.746707 0.050000
v 2.712132 2.750368 0.050000
v 2.703293 2.746707 0.050000
v 2.699632 2.737868 0.050000
v 2.703293 2.729029 0.050000
v 2.712132 2.725368 0.050000
v 2.720971 2.729029 0.050000
v 2.724632 2.737868 0.100000
v 2.720971 2.746707 0.100000
v 2.712132 2.750368 0.100000
v 2.703293 2.746707 0.100000
v 2.699632 2.737868 0.100000
v 2.703293 2.729029 0.100000
v 2.712132 2.725368 0.100000
v 2.720971 2.729029 0.100000
v 1.812500 1.750000 0.050000
v 1.808839 1.758839 0.050000
v 1.800000 1.762500 0.050000
v 1.791161 1.758839 0.050000
v 1.787500 1.750000 0.050000
v 1.791161 1.741161 0.050000
v 1.800000 1.737500 0.050000
v 1.808839 1.741161 0.050000
v 1.812500 1.750000 0.100000
v 1.808839 1.758839 0.100000
v 1.800000 1.762500 0.100000
v 1.791161 1.758839 0.100000
v 1.787500 1.750000 0.100000
v 1.791161 1.741161 0.100000
v 1.800000 1.737500 0.100000
v 1.808839 1.741161 0.100000
v 1.724632 1.962132 0.050000
v 1.720971 1.970971 0.050000
v 1.712132 1.974632 0.050000
v 1.703293 1.970971 0.050000
v 1.699632 1.962132 0.050000
v 1.703293 1.953293 0.050000
v 1.712132 1.949632 0.050000
v 1.720971 1.953293 0.050000
v 1.724632 1.962132 0.100000
v 1.720971 1.970971 0.100000
v 1.712132 1.974632 0.100000
v 1.703293 1.970971 0.100000
v 1.699632 1.962132 0.100000
v 1.703293 1.953293 0.100000
v 1.712132 1.949632 0.100000
v 1.720971 1.953293 0.100000
v 1.512500 2.050000 0.050000
v 1.508839 2.058839 0.050000
v 1.500000 2.062500 0.050000
v 1.491161 2.058839 0.050000
v 1.487500 2.050000 0.050000
v 1.491161 2.041161 0.050000
v 1.500000 2.037500 0.050000
v 1.508839 2.041161 0.050000
v 1.512500 2.050000 0.100000
v 1.508839 2.058839 0.100000
v 1.500000 2.062500 0.100000
v 1.491161 2.058839 0.100000
v 1.487500 2.050000 0.100000
v 1.491161 2.041161 0.100000
v 1.500000 2.037500 0.100000
v 1.508839 2.041161 0.100000
v 1.300368 1.962132 0.050000
v 1.296707 1.970971 0.050000
v 1.287868 1.974632 0.050000
v 1.279029 1.970971 0.050000
v 1.275368 1.962132 0.050000
v 1.279029 1.953293 0.050000
v 1.287868 1.949632 0.050000
v 1.296707 1.953293 0.050000
v 1.300368 1.962132 0.100000
v 1.296707 1.970971 0.100000
v 1.287868 1.974632 0.100000
v 1.279029 1.970971 0.100000
v 1.275368 1.962132 0.100000
v 1.279029 1.953293 0.100000
v 1.287868 1.949632 0.100000
v 1.296707 1.953293 0.100000
v 1.212500 1.750000 0.050000
v 1.208839 1.758839 0.050000
v 1.200000 1.762500 0.050000
v 1.191161 1.758839 0.050000
v 1.187500 1.750000 0.050000
v 1.191161 1.741161 0.050000
v 1.200000 1.737500 0.050000
v 1.208839 1.741161 0.050000
v 1.212500 1.750000 0.100000
v 1.208839 1.758839 0.100000
v 1.200000 1.762500 0.100000
v 1.191161 1.758839 0.100000
v 1.187500 1.750000 0.100000
v 1.191161 1.741161 0.100000
v 1.200000 1.737500 0.100000
v 1.208839 1.741161 0.100000
v 1.300368 1.537868 0.050000
v 1.296707 1.546707 0.050000
v 1.287868 1.550368 0.050000
v 1.279029 1.546707 0.050000
v 1.275368 1.537868 0.050000
v 1.279029 1.529029 0.050000
v 1.287868 1.525368 0.050000
v 1.296707 1.529029 0.050000
v 1.300368 1.537868 0.100000
v 1.296707 1.546707 0.100000
v 1.287868 1.550368 0.100000
v 1.279029 1.546707 0.100000
v 1.275368 1.537868 0.100000
v 1.279029 1.529029 0.100000
v 1.287868 1.525368 0.100000
v 1.296707 1.529029 0.100000
v 1.512500 1.450000 0.050000
v 1.508839 1.458839 0.050000
v 1.500000 1.462500 0.050000
v 1.491161 1.458839 0.050000
v 1.487500 1.450000 0.050000
v 1.491161 1.441161 0.050000
v 1.500000 1.437500 0.050000
v 1.508839 1.441161 0.050000
v 1.512500 1.450000 0.100000
v 1.508839 1.458839 0.100000
v 1.500000 1.462500 0.100000
v 1.491161 1.458839 0.100000
v 1.487500 1.450000 0.100000
v 1.491161 1.441161 0.100000
v 1.500000 1.437500 0.100000
v 1.508839 1.441161 0.100000
v 1.724632 1.537868 0.050000
v 1.720971 1.546707 0.050000
v 1.712132 1.550368 0.050000
v 1.703293 1.546707 0.050000
v 1.699632 1.537868 0.050000
v 1.703293 1.529029 0.050000
v 1.712132 1.525368 0.050000
v 1.720971 1.529029 0.050000
v 1.724632 1.537868 0.100000
v 1.720971 1.546707 0.100000
v 1.712132 1.550368 0.100000
v 1.703293 1.546707 0.100000
v 1.699632 1.537868 0.100000
v 1.703293 1.529029 0.100000
v 1.712132 1.525368 0.100000
v 1.720971 1.529029 0.100000
v 2.812500 1.750000 0.050000
v 2.808839 1.758839 0.050000
v 2.800000 1.762500 0.050000
v 2.791161 1.758839 0.050000
v 2.787500 1.750000 0.050000
v 2.791161 1.741161 0.050000
v 2.800000 1.737500 0.050000
v 2.808839 1.741161 0.050000
v 2.812500 1.750000 0.100000
v 2.808839 1.758839 0.100000
v 2.800000 1.762500 0.100000
v 2.791161 1.758839 0.100000
v 2.787500 1.750000 0.100000
v 2.791161 1.741161 0.100000
v 2.800000 1.737500 0.100000
v 2.808839 1.741161 0.100000
v 2.724632 1.962132 0.050000
v 2.720971 1.970971 0.050000
v 2.712132 1.974632 0.050000
v 2.703293 1.970971 0.050000
v 2.699632 1.962132 0.050000
v 2.703293 1.953293 0.050000
v 2.712132 1.949632 0.050000
v 2.720971 1.953293 0.050000
v 2.724632 1.962132 0.100000
v 2.720971 1.970971 0.100000
v 2.712132 1.974632 0.100000
v 2.703293 1.970971 0.100000
v 2.699632 1.962132 0.100000
v 2.703293 1.953293 0.100000
v 2.712132 1.949632 0.100000
v 2.720971 1.953293 0.100000
v 2.512500 2.050000 0.050000
v 2.508839 2.058839 0.050000
v 2.500000 2.062500 0.050000
v 2.491161 2.058839 0.050000
v 2.487500 2.050000 0.050000
v 2.491161 2.041161 0.050000
v 2.500000 2.037500 0.050000
v 2.508839 2.041161 0.050000
v 2.512500 2.050000 0.100000
v 2.508839 2.058839 0.100000
v 2.500000 2.062500 0.100000
v 2.491161 2.058839 0.100000
v 2.487500 2.050000 0.100000
v 2.491161 2.041161 0.100000
v 2.500000 2.037500 0.100000
v 2.508839 2.041161 0.100000
v 2.300368 1.962132 0.050000
v 2.296707 1.970971 0.050000
v 2.287868 1.974632 0.050000
v 2.279029 1.970971 0.050000
v 2.275368 1.962132 0.050000
v 2.279029 1.953293 0.050000
v 2.287868 1.949632 0.050000
v 2.296707 1.953293 0.050000
v 2.300368 1.962132 0.100000
v 2.296707 1.970971 0.100000
v 2.287868 1.974632 0.100000
v 2.279029 1.970971 0.100000
v 2.275368 1.962132 0.100000
v 2.279029 1.953293 0.100000
v 2.287868 1.949632 0.100000
v 2.296707 1.953293 0.100000
v 2.212500 1.750000 0.050000
v 2.208839 1.758839 0.050000
v 2.200000 1.762500 0.050000
v 2.191161 1.758839 0.050000
v 2.187500 1.750000 0.050000
v 2.191161 1.741161 0.050000
v 2.200000 1.737500 0.050000
v 2.208839 1.741161 0.050000
v 2.212500 1.750000 0.100000
v 2.208839 1.758839 0.100000
v 2.200000 1.762500 0.100000
v 2.191161 1.758839 0.100000
v 2.187500 1.750000 0.100000
v 2.191161 1.741161 0.100000
v 2.200000 1.737500 0.100000
v 2.208839 1.741161 0.100000
v 2.300368 1.537868 0.050000
v 2.296707 1.546707 0.050000
v 2.287868 1.550368 0.050000
v 2.279029 1.546707 0.050000
v 2.275368 1.537868 0.050000
v 2.279029 1.529029 0.050000
v 2.287868 1.525368 0.050000
v 2.296707 1.529029 0.050000
v 2.300368 1.537868 0.100000
v 2.296707 1.546707 0.100000
v 2.287868 1.550368 0.100000
v 2.279029 1.546707 0.100000
v 2.275368 1.537868 0.100000
v 2.279029 1.529029 0.100000
v 2.287868 1.525368 0.100000
v 2.296707 1.529029 0.100000
v 2.512500 1.450000 0.050000
v 2.508839 1.458839 0.050000
v 2.500000 1.462500 0.050000
v 2.491161 1.458839 0.050000
v 2.487500 1.450000 0.050000
v 2.491161 1.441161 0.050000
v 2.500000 1.437500 0.050000
v 2.508839 1.441161 0.050000
v 2.512500 1.450000 0.100000
v 2.508839 1.458839 0.100000
v 2.500000 1.462500 0.100000
v 2.491161 1.458839 0.100000
v 2.487500 1.450000 0.100000
v 2.491161 1.441161 0.100000
v 2.500000 1.437500 0.100000
v 2.508839 1.441161 0.100000
v 2.724632 1.537868 0.050000
v 2.720971 1.546707 0.050000
v 2.712132 1.550368 0.050000
v 2.703293 1.546707 0.050000
v 2.699632 1.537868 0.050000
v 2.703293 1.529029 0.050000
v 2.712132 1.525368 0.050000
v 2.720971 1.529029 0.050000
v 2.724632 1.537868 0.100000
v 2.720971 1.546707 0.100000
v 2.712132 1.550368 0.100000
v 2.703293 1.546707 0.100000
v 2.699632 1.537868 0.100000
v 2.703293 1.529029 0.100000
v 2.712132 1.525368 0.100000
v 2.720971 1.529029 0.100000
usemtl grass
usemtl road
usemtl road_white
usemtl concrete
usemtl silver
usemtl orange
usemtl yellow
usemtl purple
usemtl blue_red
usemtl green
usemtl white_yellow
usemtl white
usemtl glass
usemtl beige
usemtl blue_gray
usemtl tree
usemtl traffic_black
usemtl grass
f 1 2 3 4
f 5 8 7 6
f 1 5 6 2
f 2 6 7 3
f 3 7 8 4
f 5 1 4 8
usemtl road
f 9 10 11 12
f 13 16 15 14
f 9 13 14 10
f 10 14 15 11
f 11 15 16 12
f 13 9 12 16
f 17 18 19 20
f 21 24 23 22
f 17 21 22 18
f 18 22 23 19
f 19 23 24 20
f 21 17 20 24
f 25 26 27 28
f 29 32 31 30
f 25 29 30 26
f 26 30 31 27
f 27 31 32 28
f 29 25 28 32
f 33 34 35 36
f 37 40 39 38
f 33 37 38 34
f 34 38 39 35
f 35 39 40 36
f 37 33 36 40
f 41 42 43 44
f 45 48 47 46
f 41 45 46 42
f 42 46 47 43
f 43 47 48 44
f 45 41 44 48
f 49 50 51 52
f 53 56 55 54
f 49 53 54 50
f 50 54 55 51
f 51 55 56 52
f 53 49 52 56
usemtl road_white
f 57 58 59 60
f 61 64 63 62
f 57 61 62 58
f 58 62 63 59
f 59 63 64 60
f 61 57 60 64
f 65 66 67 68
f 69 72 71 70
f 65 69 70 66
f 66 70 71 67
f 67 71 72 68
f 69 65 68 72
f 73 74 75 76
f 77 80 79 78
f 73 77 78 74
f 74 78 79 75
f 75 79 80 76
f 77 73 76 80
f 81 82 83 84
f 85 88 87 86
f 81 85 86 82
f 82 86 87 83
f 83 87 88 84
f 85 81 84 88
f 89 90 91 92
f 93 96 95 94
f 89 93 94 90
f 90 94 95 91
f 91 95 96 92
f 93 89 92 96
f 97 98 99 100
f 101 104 103 102
f 97 101 102 98
f 98 102 103 99
f 99 103 104 100
f 101 97 100 104
f 105 106 107 108
f 109 112 111 110
f 105 109 110 106
f 106 110 111 107
f 107 111 112 108
f 109 105 108 112
f 113 114 115 116
f 117 120 119 118
f 113 117 118 114
f 114 118 119 115
f 115 119 120 116
f 117 113 116 120
f 121 122 123 124
f 125 128 127 126
f 121 125 126 122
f 122 126 127 123
f 123 127 128 124
f 125 121 124 128
f 129 130 131 132
f 133 136 135 134
f 129 133 134 130
f 130 134 135 131
f 131 135 136 132
f 133 129 132 136
f 137 138 139 140
f 141 144 143 142
f 137 141 142 138
f 138 142 143 139
f 139 143 144 140
f 141 137 140 144
f 145 146 147 148
f 149 152 151 150
f 145 149 150 146
f 146 150 151 147
f 147 151 152 148
f 149 145 148 152
f 153 154 155 156
f 157 160 159 158
f 153 157 158 154
f 154 158 159 155
f 155 159 160 156
f 157 153 156 160
f 161 162 163 164
f 165 168 167 166
f 161 165 166 162
f 162 166 167 163
f 163 167 168 164
f 165 161 164 168
f 169 170 171 172
f 173 176 175 174
f 169 173 174 170
f 170 174 175 171
f 171 175 176 172
f 173 169 172 176
f 177 178 179 180
f 181 184 183 182
f 177 181 182 178
f 178 182 183 179
f 179 183 184 180
f 181 177 180 184
f 185 186 187 188
f 189 192 191 190
f 185 189 190 186
f 186 190 191 187
f 187 191 192 188
f 189 185 188 192
f 193 194 195 196
f 197 200 199 198
f 193 197 198 194
f 194 198 199 195
f 195 199 200 196
f 197 193 196 200
f 201 202 203 204
f 205 208 207 206
f 201 205 206 202
f 202 206 207 203
f 203 207 208 204
f 205 201 204 208
f 209 210 211 212
f 213 216 215 214
f 209 213 214 210
f 210 214 215 211
f 211 215 216 212
f 213 209 212 216
f 217 218 219 220
f 221 224 223 222
f 217 221 222 218
f 218 222 223 219
f 219 223 224 220
f 221 217 220 224
f 225 226 227 228
f 229 232 231 230
f 225 229 230 226
f 226 230 231 227
f 227 231 232 228
f 229 225 228 232
f 233 234 235 236
f 237 240 239 238
f 233 237 238 234
f 234 238 239 235
f 235 239 240 236
f 237 233 236 240
f 241 242 243 244
f 245 248 247 246
f 241 245 246 242
f 242 246 247 243
f 243 247 248 244
f 245 241 244 248
f 249 250 251 252
f 253 256 255 254
f 249 253 254 250
f 250 254 255 251
f 251 255 256 252
f 253 249 252 256
f 257 258 259 260
f 261 264 263 262
f 257 261 262 258
f 258 262 263 259
f 259 263 264 260
f 261 257 260 264
f 265 266 267 268
f 269 272 271 270
f 265 269 270 266
f 266 270 271 267
f 267 271 272 268
f 269 265 268 272
f 273 274 275 276
f 277 280 279 278
f 273 277 278 274
f 274 278 279 275
f 275 279 280 276
f 277 273 276 280
f 281 282 283 284
f 285 288 287 286
f 281 285 286 282
f 282 286 287 283
f 283 287 288 284
f 285 281 284 288
f 289 290 291 292
f 293 296 295 294
f 289 293 294 290
f 290 294 295 291
f 291 295 296 292
f 293 289 292 296
f 297 298 299 300
f 301 304 303 302
f 297 301 302 298
f 298 302 303 299
f 299 303 304 300
f 301 297 300 304
f 305 306 307 308
f 309 312 311 310
f 305 309 310 306
f 306 310 311 307
f 307 311 312 308
f 309 305 308 312
f 313 314 315 316
f 317 320 319 318
f 313 317 318 314
f 314 318 319 315
f 315 319 320 316
f 317 313 316 320
f 321 322 323 324
f 325 328 327 326
f 321 325 326 322
f 322 326 327 323
f 323 327 328 324
f 325 321 324 328
f 329 330 331 332
f 333 336 335 334
f 329 333 334 330
f 330 334 335 331
f 331 335 336 332
f 333 329 332 336
f 337 338 339 340
f 341 344 343 342
f 337 341 342 338
f 338 342 343 339
f 339 343 344 340
f 341 337 340 344
f 345 346 347 348
f 349 352 351 350
f 345 349 350 346
f 346 350 351 347
f 347 351 352 348
f 349 345 348 352
f 353 354 355 356
f 357 360 359 358
f 353 357 358 354
f 354 358 359 355
f 355 359 360 356
f 357 353 356 360
f 361 362 363 364
f 365 368 367 366
f 361 365 366 362
f 362 366 367 363
f 363 367 368 364
f 365 361 364 368
f 369 370 371 372
f 373 376 375 374
f 369 373 374 370
f 370 374 375 371
f 371 375 376 372
f 373 369 372 376
f 377 378 379 380
f 381 384 383 382
f 377 381 382 378
f 378 382 383 379
f 379 383 384 380
f 381 377 380 384
f 385 386 387 388
f 389 392 391 390
f 385 389 390 386
f 386 390 391 387
f 387 391 392 388
f 389 385 388 392
f 393 394 395 396
f 397 400 399 398
f 393 397 398 394
f 394 398 399 395
f 395 399 400 396
f 397 393 396 400
f 401 402 403 404
f 405 408 407 406
f 401 405 406 402
f 402 406 407 403
f 403 407 408 404
f 405 401 404 408
f 409 410 411 412
f 413 416 415 414
f 409 413 414 410
f 410 414 415 411
f 411 415 416 412
f 413 409 412 416
f 417 418 419 420
f 421 424 423 422
f 417 421 422 418
f 418 422 423 419
f 419 423 424 420
f 421 417 420 424
f 425 426 427 428
f 429 432 431 430
f 425 429 430 426
f 426 430 431 427
f 427 431 432 428
f 429 425 428 432
f 433 434 435 436
f 437 440 439 438
f 433 437 438 434
f 434 438 439 435
f 435 439 440 436
f 437 433 436 440
f 441 442 443 444
f 445 448 447 446
f 441 445 446 442
f 442 446 447 443
f 443 447 448 444
f 445 441 444 448
f 449 450 451 452
f 453 456 455 454
f 449 453 454 450
f 450 454 455 451
f 451 455 456 452
f 453 449 452 456
f 457 458 459 460
f 461 464 463 462
f 457 461 462 458
f 458 462 463 459
f 459 463 464 460
f 461 457 460 464
f 465 466 467 468
f 469 472 471 470
f 465 469 470 466
f 466 470 471 467
f 467 471 472 468
f 469 465 468 472
f 473 474 475 476
f 477 480 479 478
f 473 477 478 474
f 474 478 479 475
f 475 479 480 476
f 477 473 476 480
f 481 482 483 484
f 485 488 487 486
f 481 485 486 482
f 482 486 487 483
f 483 487 488 484
f 485 481 484 488
f 489 490 491 492
f 493 496 495 494
f 489 493 494 490
f 490 494 495 491
f 491 495 496 492
f 493 489 492 496
f 497 498 499 500
f 501 504 503 502
f 497 501 502 498
f 498 502 503 499
f 499 503 504 500
f 501 497 500 504
f 505 506 507 508
f 509 512 511 510
f 505 509 510 506
f 506 510 511 507
f 507 511 512 508
f 509 505 508 512
f 513 514 515 516
f 517 520 519 518
f 513 517 518 514
f 514 518 519 515
f 515 519 520 516
f 517 513 516 520
f 521 522 523 524
f 525 528 527 526
f 521 525 526 522
f 522 526 527 523
f 523 527 528 524
f 525 521 524 528
f 529 530 531 532
f 533 536 535 534
f 529 533 534 530
f 530 534 535 531
f 531 535 536 532
f 533 529 532 536
f 537 538 539 540
f 541 544 543 542
f 537 541 542 538
f 538 542 543 539
f 539 543 544 540
f 541 537 540 544
f 545 546 547 548
f 549 552 551 550
f 545 549 550 546
f 546 550 551 547
f 547 551 552 548
f 549 545 548 552
f 553 554 555 556
f 557 560 559 558
f 553 557 558 554
f 554 558 559 555
f 555 559 560 556
f 557 553 556 560
f 561 562 563 564
f 565 568 567 566
f 561 565 566 562
f 562 566 567 563
f 563 567 568 564
f 565 561 564 568
f 569 570 571 572
f 573 576 575 574
f 569 573 574 570
f 570 574 575 571
f 571 575 576 572
f 573 569 572 576
f 577 578 579 580
f 581 584 583 582
f 577 581 582 578
f 578 582 583 579
f 579 583 584 580
f 581 577 580 584
f 585 586 587 588
f 589 592 591 590
f 585 589 590 586
f 586 590 591 587
f 587 591 592 588
f 589 585 588 592
f 593 594 595 596
f 597 600 599 598
f 593 597 598 594
f 594 598 599 595
f 595 599 600 596
f 597 593 596 600
f 601 602 603 604
f 605 608 607 606
f 601 605 606 602
f 602 606 607 603
f 603 607 608 604
f 605 601 604 608
f 609 610 611 612
f 613 616 615 614
f 609 613 614 610
f 610 614 615 611
f 611 615 616 612
f 613 609 612 616
f 617 618 619 620
f 621 624 623 622
f 617 621 622 618
f 618 622 623 619
f 619 623 624 620
f 621 617 620 624
f 625 626 627 628
f 629 632 631 630
f 625 629 630 626
f 626 630 631 627
f 627 631 632 628
f 629 625 628 632
f 633 634 635 636
f 637 640 639 638
f 633 637 638 634
f 634 638 639 635
f 635 639 640 636
f 637 633 636 640
f 641 642 643 644
f 645 648 647 646
f 641 645 646 642
f 642 646 647 643
f 643 647 648 644
f 645 641 644 648
f 649 650 651 652
f 653 656 655 654
f 649 653 654 650
f 650 654 655 651
f 651 655 656 652
f 653 649 652 656
f 657 658 659 660
f 661 664 663 662
f 657 661 662 658
f 658 662 663 659
f 659 663 664 660
f 661 657 660 664
f 665 666 667 668
f 669 672 671 670
f 665 669 670 666
f 666 670 671 667
f 667 671 672 668
f 669 665 668 672
f 673 674 675 676
f 677 680 679 678
f 673 677 678 674
f 674 678 679 675
f 675 679 680 676
f 677 673 676 680
f 681 682 683 684
f 685 688 687 686
f 681 685 686 682
f 682 686 687 683
f 683 687 688 684
f 685 681 684 688
f 689 690 691 692
f 693 696 695 694
f 689 693 694 690
f 690 694 695 691
f 691 695 696 692
f 693 689 692 696
f 697 698 699 700
f 701 704 703 702
f 697 701 702 698
f 698 702 703 699
f 699 703 704 700
f 701 697 700 704
f 705 706 707 708
f 709 712 711 710
f 705 709 710 706
f 706 710 711 707
f 707 711 712 708
f 709 705 708 712
f 713 714 715 716
f 717 720 719 718
f 713 717 718 714
f 714 718 719 715
f 715 719 720 716
f 717 713 716 720
f 721 722 723 724
f 725 728 727 726
f 721 725 726 722
f 722 726 727 723
f 723 727 728 724
f 725 721 724 728
f 729 730 731 732
f 733 736 735 734
f 729 733 734 730
f 730 734 735 731
f 731 735 736 732
f 733 729 732 736
f 737 738 739 740
f 741 744 743 742
f 737 741 742 738
f 738 742 743 739
f 739 743 744 740
f 741 737 740 744
f 745 746 747 748
f 749 752 751 750
f 745 749 750 746
f 746 750 751 747
f 747 751 752 748
f 749 745 748 752
f 753 754 755 756
f 757 760 759 758
f 753 757 758 754
f 754 758 759 755
f 755 759 760 756
f 757 753 756 760
f 761 762 763 764
f 765 768 767 766
f 761 765 766 762
f 762 766 767 763
f 763 767 768 764
f 765 761 764 768
f 769 770 771 772
f 773 776 775 774
f 769 773 774 770
f 770 774 775 771
f 771 775 776 772
f 773 769 772 776
f 777 778 779 780
f 781 784 783 782
f 777 781 782 778
f 778 782 783 779
f 779 783 784 780
f 781 777 780 784
f 785 786 787 788
f 789 792 791 790
f 785 789 790 786
f 786 790 791 787
f 787 791 792 788
f 789 785 788 792
f 793 794 795 796
f 797 800 799 798
f 793 797 798 794
f 794 798 799 795
f 795 799 800 796
f 797 793 796 800
f 801 802 803 804
f 805 808 807 806
f 801 805 806 802
f 802 806 807 803
f 803 807 808 804
f 805 801 804 808
f 809 810 811 812
f 813 816 815 814
f 809 813 814 810
f 810 814 815 811
f 811 815 816 812
f 813 809 812 816
f 817 818 819 820
f 821 824 823 822
f 817 821 822 818
f 818 822 823 819
f 819 823 824 820
f 821 817 820 824
f 825 826 827 828
f 829 832 831 830
f 825 829 830 826
f 826 830 831 827
f 827 831 832 828
f 829 825 828 832
f 833 834 835 836
f 837 840 839 838
f 833 837 838 834
f 834 838 839 835
f 835 839 840 836
f 837 833 836 840
f 841 842 843 844
f 845 848 847 846
f 841 845 846 842
f 842 846 847 843
f 843 847 848 844
f 845 841 844 848
f 849 850 851 852
f 853 856 855 854
f 849 853 854 850
f 850 854 855 851
f 851 855 856 852
f 853 849 852 856
f 857 858 859 860
f 861 864 863 862
f 857 861 862 858
f 858 862 863 859
f 859 863 864 860
f 861 857 860 864
f 865 866 867 868
f 869 872 871 870
f 865 869 870 866
f 866 870 871 867
f 867 871 872 868
f 869 865 868 872
f 873 874 875 876
f 877 880 879 878
f 873 877 878 874
f 874 878 879 875
f 875 879 880 876
f 877 873 876 880
f 881 882 883 884
f 885 888 887 886
f 881 885 886 882
f 882 886 887 883
f 883 887 888 884
f 885 881 884 888
f 889 890 891 892
f 893 896 895 894
f 889 893 894 890
f 890 894 895 891
f 891 895 896 892
f 893 889 892 896
f 897 898 899 900
f 901 904 903 902
f 897 901 902 898
f 898 902 903 899
f 899 903 904 900
f 901 897 900 904
f 905 906 907 908
f 909 912 911 910
f 905 909 910 906
f 906 910 911 907
f 907 911 912 908
f 909 905 908 912
f 913 914 915 916
f 917 920 919 918
f 913 917 918 914
f 914 918 919 915
f 915 919 920 916
f 917 913 916 920
f 921 922 923 924
f 925 928 927 926
f 921 925 926 922
f 922 926 927 923
f 923 927 928 924
f 925 921 924 928
f 929 930 931 932
f 933 936 935 934
f 929 933 934 930
f 930 934 935 931
f 931 935 936 932
f 933 929 932 936
f 937 938 939 940
f 941 944 943 942
f 937 941 942 938
f 938 942 943 939
f 939 943 944 940
f 941 937 940 944
f 945 946 947 948
f 949 952 951 950
f 945 949 950 946
f 946 950 951 947
f 947 951 952 948
f 949 945 948 952
f 953 954 955 956
f 957 960 959 958
f 953 957 958 954
f 954 958 959 955
f 955 959 960 956
f 957 953 956 960
f 961 962 963 964
f 965 968 967 966
f 961 965 966 962
f 962 966 967 963
f 963 967 968 964
f 965 961 964 968
f 969 970 971 972
f 973 976 975 974
f 969 973 974 970
f 970 974 975 971
f 971 975 976 972
f 973 969 972 976
f 977 978 979 980
f 981 984 983 982
f 977 981 982 978
f 978 982 983 979
f 979 983 984 980
f 981 977 980 984
f 985 986 987 988
f 989 992 991 990
f 985 989 990 986
f 986 990 991 987
f 987 991 992 988
f 989 985 988 992
f 993 994 995 996
f 997 1000 999 998
f 993 997 998 994
f 994 998 999 995
f 995 999 1000 996
f 997 993 996 1000
f 1001 1002 1003 1004
f 1005 1008 1007 1006
f 1001 1005 1006 1002
f 1002 1006 1007 1003
f 1003 1007 1008 1004
f 1005 1001 1004 1008
f 1009 1010 1011 1012
f 1013 1016 1015 1014
f 1009 1013 1014 1010
f 1010 1014 1015 1011
f 1011 1015 1016 1012
f 1013 1009 1012 1016
f 1017 1018 1019 1020
f 1021 1024 1023 1022
f 1017 1021 1022 1018
f 1018 1022 1023 1019
f 1019 1023 1024 1020
f 1021 1017 1020 1024
f 1025 1026 1027 1028
f 1029 1032 1031 1030
f 1025 1029 1030 1026
f 1026 1030 1031 1027
f 1027 1031 1032 1028
f 1029 1025 1028 1032
f 1033 1034 1035 1036
f 1037 1040 1039 1038
f 1033 1037 1038 1034
f 1034 1038 1039 1035
f 1035 1039 1040 1036
f 1037 1033 1036 1040
f 1041 1042 1043 1044
f 1045 1048 1047 1046
f 1041 1045 1046 1042
f 1042 1046 1047 1043
f 1043 1047 1048 1044
f 1045 1041 1044 1048
f 1049 1050 1051 1052
f 1053 1056 1055 1054
f 1049 1053 1054 1050
f 1050 1054 1055 1051
f 1051 1055 1056 1052
f 1053 1049 1052 1056
f 1057 1058 1059 1060
f 1061 1064 1063 1062
f 1057 1061 1062 1058
f 1058 1062 1063 1059
f 1059 1063 1064 1060
f 1061 1057 1060 1064
f 1065 1066 1067 1068
f 1069 1072 1071 1070
f 1065 1069 1070 1066
f 1066 1070 1071 1067
f 1067 1071 1072 1068
f 1069 1065 1068 1072
f 1073 1074 1075 1076
f 1077 1080 1079 1078
f 1073 1077 1078 1074
f 1074 1078 1079 1075
f 1075 1079 1080 1076
f 1077 1073 1076 1080
f 1081 1082 1083 1084
f 1085 1088 1087 1086
f 1081 1085 1086 1082
f 1082 1086 1087 1083
f 1083 1087 1088 1084
f 1085 1081 1084 1088
f 1089 1090 1091 1092
f 1093 1096 1095 1094
f 1089 1093 1094 1090
f 1090 1094 1095 1091
f 1091 1095 1096 1092
f 1093 1089 1092 1096
f 1097 1098 1099 1100
f 1101 1104 1103 1102
f 1097 1101 1102 1098
f 1098 1102 1103 1099
f 1099 1103 1104 1100
f 1101 1097 1100 1104
f 1105 1106 1107 1108
f 1109 1112 1111 1110
f 1105 1109 1110 1106
f 1106 1110 1111 1107
f 1107 1111 1112 1108
f 1109 1105 1108 1112
f 1113 1114 1115 1116
f 1117 1120 1119 1118
f 1113 1117 1118 1114
f 1114 1118 1119 1115
f 1115 1119 1120 1116
f 1117 1113 1116 1120
f 1121 1122 1123 1124
f 1125 1128 1127 1126
f 1121 1125 1126 1122
f 1122 1126 1127 1123
f 1123 1127 1128 1124
f 1125 1121 1124 1128
f 1129 1130 1131 1132
f 1133 1136 1135 1134
f 1129 1133 1134 1130
f 1130 1134 1135 1131
f 1131 1135 1136 1132
f 1133 1129 1132 1136
f 1137 1138 1139 1140
f 1141 1144 1143 1142
f 1137 1141 1142 1138
f 1138 1142 1143 1139
f 1139 1143 1144 1140
f 1141 1137 1140 1144
f 1145 1146 1147 1148
f 1149 1152 1151 1150
f 1145 1149 1150 1146
f 1146 1150 1151 1147
f 1147 1151 1152 1148
f 1149 1145 1148 1152
f 1153 1154 1155 1156
f 1157 1160 1159 1158
f 1153 1157 1158 1154
f 1154 1158 1159 1155
f 1155 1159 1160 1156
f 1157 1153 1156 1160
f 1161 1162 1163 1164
f 1165 1168 1167 1166
f 1161 1165 1166 1162
f 1162 1166 1167 1163
f 1163 1167 1168 1164
f 1165 1161 1164 1168
f 1169 1170 1171 1172
f 1173 1176 1175 1174
f 1169 1173 1174 1170
f 1170 1174 1175 1171
f 1171 1175 1176 1172
f 1173 1169 1172 1176
f 1177 1178 1179 1180
f 1181 1184 1183 1182
f 1177 1181 1182 1178
f 1178 1182 1183 1179
f 1179 1183 1184 1180
f 1181 1177 1180 1184
f 1185 1186 1187 1188
f 1189 1192 1191 1190
f 1185 1189 1190 1186
f 1186 1190 1191 1187
f 1187 1191 1192 1188
f 1189 1185 1188 1192
f 1193 1194 1195 1196
f 1197 1200 1199 1198
f 1193 1197 1198 1194
f 1194 1198 1199 1195
f 1195 1199 1200 1196
f 1197 1193 1196 1200
f 1201 1202 1203 1204
f 1205 1208 1207 1206
f 1201 1205 1206 1202
f 1202 1206 1207 1203
f 1203 1207 1208 1204
f 1205 1201 1204 1208
f 1209 1210 1211 1212
f 1213 1216 1215 1214
f 1209 1213 1214 1210
f 1210 1214 1215 1211
f 1211 1215 1216 1212
f 1213 1209 1212 1216
f 1217 1218 1219 1220
f 1221 1224 1223 1222
f 1217 1221 1222 1218
f 1218 1222 1223 1219
f 1219 1223 1224 1220
f 1221 1217 1220 1224
f 1225 1226 1227 1228
f 1229 1232 1231 1230
f 1225 1229 1230 1226
f 1226 1230 1231 1227
f 1227 1231 1232 1228
f 1229 1225 1228 1232
f 1233 1234 1235 1236
f 1237 1240 1239 1238
f 1233 1237 1238 1234
f 1234 1238 1239 1235
f 1235 1239 1240 1236
f 1237 1233 1236 1240
f 1241 1242 1243 1244
f 1245 1248 1247 1246
f 1241 1245 1246 1242
f 1242 1246 1247 1243
f 1243 1247 1248 1244
f 1245 1241 1244 1248
f 1249 1250 1251 1252
f 1253 1256 1255 1254
f 1249 1253 1254 1250
f 1250 1254 1255 1251
f 1251 1255 1256 1252
f 1253 1249 1252 1256
f 1257 1258 1259 1260
f 1261 1264 1263 1262
f 1257 1261 1262 1258
f 1258 1262 1263 1259
f 1259 1263 1264 1260
f 1261 1257 1260 1264
f 1265 1266 1267 1268
f 1269 1272 1271 1270
f 1265 1269 1270 1266
f 1266 1270 1271 1267
f 1267 1271 1272 1268
f 1269 1265 1268 1272
f 1273 1274 1275 1276
f 1277 1280 1279 1278
f 1273 1277 1278 1274
f 1274 1278 1279 1275
f 1275 1279 1280 1276
f 1277 1273 1276 1280
f 1281 1282 1283 1284
f 1285 1288 1287 1286
f 1281 1285 1286 1282
f 1282 1286 1287 1283
f 1283 1287 1288 1284
f 1285 1281 1284 1288
f 1289 1290 1291 1292
f 1293 1296 1295 1294
f 1289 1293 1294 1290
f 1290 1294 1295 1291
f 1291 1295 1296 1292
f 1293 1289 1292 1296
f 1297 1298 1299 1300
f 1301 1304 1303 1302
f 1297 1301 1302 1298
f 1298 1302 1303 1299
f 1299 1303 1304 1300
f 1301 1297 1300 1304
f 1305 1306 1307 1308
f 1309 1312 1311 1310
f 1305 1309 1310 1306
f 1306 1310 1311 1307
f 1307 1311 1312 1308
f 1309 1305 1308 1312
f 1313 1314 1315 1316
f 1317 1320 1319 1318
f 1313 1317 1318 1314
f 1314 1318 1319 1315
f 1315 1319 1320 1316
f 1317 1313 1316 1320
f 1321 1322 1323 1324
f 1325 1328 1327 1326
f 1321 1325 1326 1322
f 1322 1326 1327 1323
f 1323 1327 1328 1324
f 1325 1321 1324 1328
f 1329 1330 1331 1332
f 1333 1336 1335 1334
f 1329 1333 1334 1330
f 1330 1334 1335 1331
f 1331 1335 1336 1332
f 1333 1329 1332 1336
f 1337 1338 1339 1340
f 1341 1344 1343 1342
f 1337 1341 1342 1338
f 1338 1342 1343 1339
f 1339 1343 1344 1340
f 1341 1337 1340 1344
f 1345 1346 1347 1348
f 1349 1352 1351 1350
f 1345 1349 1350 1346
f 1346 1350 1351 1347
f 1347 1351 1352 1348
f 1349 1345 1348 1352
f 1353 1354 1355 1356
f 1357 1360 1359 1358
f 1353 1357 1358 1354
f 1354 1358 1359 1355
f 1355 1359 1360 1356
f 1357 1353 1356 1360
f 1361 1362 1363 1364
f 1365 1368 1367 1366
f 1361 1365 1366 1362
f 1362 1366 1367 1363
f 1363 1367 1368 1364
f 1365 1361 1364 1368
f 1369 1370 1371 1372
f 1373 1376 1375 1374
f 1369 1373 1374 1370
f 1370 1374 1375 1371
f 1371 1375 1376 1372
f 1373 1369 1372 1376
f 1377 1378 1379 1380
f 1381 1384 1383 1382
f 1377 1381 1382 1378
f 1378 1382 1383 1379
f 1379 1383 1384 1380
f 1381 1377 1380 1384
f 1385 1386 1387 1388
f 1389 1392 1391 1390
f 1385 1389 1390 1386
f 1386 1390 1391 1387
f 1387 1391 1392 1388
f 1389 1385 1388 1392
f 1393 1394 1395 1396
f 1397 1400 1399 1398
f 1393 1397 1398 1394
f 1394 1398 1399 1395
f 1395 1399 1400 1396
f 1397 1393 1396 1400
f 1401 1402 1403 1404
f 1405 1408 1407 1406
f 1401 1405 1406 1402
f 1402 1406 1407 1403
f 1403 1407 1408 1404
f 1405 1401 1404 1408
f 1409 1410 1411 1412
f 1413 1416 1415 1414
f 1409 1413 1414 1410
f 1410 1414 1415 1411
f 1411 1415 1416 1412
f 1413 1409 1412 1416
f 1417 1418 1419 1420
f 1421 1424 1423 1422
f 1417 1421 1422 1418
f 1418 1422 1423 1419
f 1419 1423 1424 1420
f 1421 1417 1420 1424
f 1425 1426 1427 1428
f 1429 1432 1431 1430
f 1425 1429 1430 1426
f 1426 1430 1431 1427
f 1427 1431 1432 1428
f 1429 1425 1428 1432
f 1433 1434 1435 1436
f 1437 1440 1439 1438
f 1433 1437 1438 1434
f 1434 1438 1439 1435
f 1435 1439 1440 1436
f 1437 1433 1436 1440
f 1441 1442 1443 1444
f 1445 1448 1447 1446
f 1441 1445 1446 1442
f 1442 1446 1447 1443
f 1443 1447 1448 1444
f 1445 1441 1444 1448
f 1449 1450 1451 1452
f 1453 1456 1455 1454
f 1449 1453 1454 1450
f 1450 1454 1455 1451
f 1451 1455 1456 1452
f 1453 1449 1452 1456
f 1457 1458 1459 1460
f 1461 1464 1463 1462
f 1457 1461 1462 1458
f 1458 1462 1463 1459
f 1459 1463 1464 1460
f 1461 1457 1460 1464
f 1465 1466 1467 1468
f 1469 1472 1471 1470
f 1465 1469 1470 1466
f 1466 1470 1471 1467
f 1467 1471 1472 1468
f 1469 1465 1468 1472
f 1473 1474 1475 1476
f 1477 1480 1479 1478
f 1473 1477 1478 1474
f 1474 1478 1479 1475
f 1475 1479 1480 1476
f 1477 1473 1476 1480
f 1481 1482 1483 1484
f 1485 1488 1487 1486
f 1481 1485 1486 1482
f 1482 1486 1487 1483
f 1483 1487 1488 1484
f 1485 1481 1484 1488
f 1489 1490 1491 1492
f 1493 1496 1495 1494
f 1489 1493 1494 1490
f 1490 1494 1495 1491
f 1491 1495 1496 1492
f 1493 1489 1492 1496
f 1497 1498 1499 1500
f 1501 1504 1503 1502
f 1497 1501 1502 1498
f 1498 1502 1503 1499
f 1499 1503 1504 1500
f 1501 1497 1500 1504
f 1505 1506 1507 1508
f 1509 1512 1511 1510
f 1505 1509 1510 1506
f 1506 1510 1511 1507
f 1507 1511 1512 1508
f 1509 1505 1508 1512
f 1513 1514 1515 1516
f 1517 1520 1519 1518
f 1513 1517 1518 1514
f 1514 1518 1519 1515
f 1515 1519 1520 1516
f 1517 1513 1516 1520
f 1521 1522 1523 1524
f 1525 1528 1527 1526
f 1521 1525 1526 1522
f 1522 1526 1527 1523
f 1523 1527 1528 1524
f 1525 1521 1524 1528
f 1529 1530 1531 1532
f 1533 1536 1535 1534
f 1529 1533 1534 1530
f 1530 1534 1535 1531
f 1531 1535 1536 1532
f 1533 1529 1532 1536
f 1537 1538 1539 1540
f 1541 1544 1543 1542
f 1537 1541 1542 1538
f 1538 1542 1543 1539
f 1539 1543 1544 1540
f 1541 1537 1540 1544
usemtl concrete
f 1545 1546 1547 1548
f 1549 1552 1551 1550
f 1545 1549 1550 1546
f 1546 1550 1551 1547
f 1547 1551 1552 1548
f 1549 1545 1548 1552
f 1553 1554 1555 1556
f 1557 1560 1559 1558
f 1553 1557 1558 1554
f 1554 1558 1559 1555
f 1555 1559 1560 1556
f 1557 1553 1556 1560
f 1561 1562 1563 1564
f 1565 1568 1567 1566
f 1561 1565 1566 1562
f 1562 1566 1567 1563
f 1563 1567 1568 1564
f 1565 1561 1564 1568
f 1569 1570 1571 1572
f 1573 1576 1575 1574
f 1569 1573 1574 1570
f 1570 1574 1575 1571
f 1571 1575 1576 1572
f 1573 1569 1572 1576
usemtl silver
f 1577 1578 1598 1597
f 1578 1579 1599 1598
f 1579 1580 1600 1599
f 1580 1581 1601 1600
f 1581 1582 1602 1601
f 1582 1583 1603 1602
f 1583 1584 1604 1603
f 1584 1585 1605 1604
f 1585 1586 1606 1605
f 1586 1587 1607 1606
f 1587 1588 1608 1607
f 1588 1589 1609 1608
f 1589 1590 1610 1609
f 1590 1591 1611 1610
f 1591 1592 1612 1611
f 1592 1593 1613 1612
f 1593 1594 1614 1613
f 1594 1595 1615 1614
f 1595 1596 1616 1615
f 1596 1577 1597 1616
f 1577 1578 1579 1580 1581 1582 1583 1584 1585 1586 1587 1588 1589 1590 1591 1592 1593 1594 1595 1596
f 1616 1615 1614 1613 1612 1611 1610 1609 1608 1607 1606 1605 1604 1603 1602 1601 1600 1599 1598 1597
f 1617 1618 1638 1637
f 1618 1619 1639 1638
f 1619 1620 1640 1639
f 1620 1621 1641 1640
f 1621 1622 1642 1641
f 1622 1623 1643 1642
f 1623 1624 1644 1643
f 1624 1625 1645 1644
f 1625 1626 1646 1645
f 1626 1627 1647 1646
f 1627 1628 1648 1647
f 1628 1629 1649 1648
f 1629 1630 1650 1649
f 1630 1631 1651 1650
f 1631 1632 1652 1651
f 1632 1633 1653 1652
f 1633 1634 1654 1653
f 1634 1635 1655 1654
f 1635 1636 1656 1655
f 1636 1617 1637 1656
f 1617 1618 1619 1620 1621 1622 1623 1624 1625 1626 1627 1628 1629 1630 1631 1632 1633 1634 1635 1636
f 1656 1655 1654 1653 1652 1651 1650 1649 1648 1647 1646 1645 1644 1643 1642 1641 1640 1639 1638 1637
f 1657 1658 1678 1677
f 1658 1659 1679 1678
f 1659 1660 1680 1679
f 1660 1661 1681 1680
f 1661 1662 1682 1681
f 1662 1663 1683 1682
f 1663 1664 1684 1683
f 1664 1665 1685 1684
f 1665 1666 1686 1685
f 1666 1667 1687 1686
f 1667 1668 1688 1687
f 1668 1669 1689 1688
f 1669 1670 1690 1689
f 1670 1671 1691 1690
f 1671 1672 1692 1691
f 1672 1673 1693 1692
f 1673 1674 1694 1693
f 1674 1675 1695 1694
f 1675 1676 1696 1695
f 1676 1657 1677 1696
f 1657 1658 1659 1660 1661 1662 1663 1664 1665 1666 1667 1668 1669 1670 1671 1672 1673 1674 1675 1676
f 1696 1695 1694 1693 1692 1691 1690 1689 1688 1687 1686 1685 1684 1683 1682 1681 1680 1679 1678 1677
usemtl orange
f 1697 1698 1718 1717
f 1698 1699 1719 1718
f 1699 1700 1720 1719
f 1700 1701 1721 1720
f 1701 1702 1722 1721
f 1702 1703 1723 1722
f 1703 1704 1724 1723
f 1704 1705 1725 1724
f 1705 1706 1726 1725
f 1706 1707 1727 1726
f 1707 1708 1728 1727
f 1708 1709 1729 1728
f 1709 1710 1730 1729
f 1710 1711 1731 1730
f 1711 1712 1732 1731
f 1712 1713 1733 1732
f 1713 1714 1734 1733
f 1714 1715 1735 1734
f 1715 1716 1736 1735
f 1716 1697 1717 1736
f 1697 1698 1699 1700 1701 1702 1703 1704 1705 1706 1707 1708 1709 1710 1711 1712 1713 1714 1715 1716
f 1736 1735 1734 1733 1732 1731 1730 1729 1728 1727 1726 1725 1724 1723 1722 1721 1720 1719 1718 1717
usemtl yellow
f 1737 1738 1739 1740
f 1741 1744 1743 1742
f 1737 1741 1742 1738
f 1738 1742 1743 1739
f 1739 1743 1744 1740
f 1741 1737 1740 1744
usemtl silver
f 1745 1746 1766 1765
f 1746 1747 1767 1766
f 1747 1748 1768 1767
f 1748 1749 1769 1768
f 1749 1750 1770 1769
f 1750 1751 1771 1770
f 1751 1752 1772 1771
f 1752 1753 1773 1772
f 1753 1754 1774 1773
f 1754 1755 1775 1774
f 1755 1756 1776 1775
f 1756 1757 1777 1776
f 1757 1758 1778 1777
f 1758 1759 1779 1778
f 1759 1760 1780 1779
f 1760 1761 1781 1780
f 1761 1762 1782 1781
f 1762 1763 1783 1782
f 1763 1764 1784 1783
f 1764 1745 1765 1784
f 1745 1746 1747 1748 1749 1750 1751 1752 1753 1754 1755 1756 1757 1758 1759 1760 1761 1762 1763 1764
f 1784 1783 1782 1781 1780 1779 1778 1777 1776 1775 1774 1773 1772 1771 1770 1769 1768 1767 1766 1765
f 1785 1786 1806 1805
f 1786 1787 1807 1806
f 1787 1788 1808 1807
f 1788 1789 1809 1808
f 1789 1790 1810 1809
f 1790 1791 1811 1810
f 1791 1792 1812 1811
f 1792 1793 1813 1812
f 1793 1794 1814 1813
f 1794 1795 1815 1814
f 1795 1796 1816 1815
f 1796 1797 1817 1816
f 1797 1798 1818 1817
f 1798 1799 1819 1818
f 1799 1800 1820 1819
f 1800 1801 1821 1820
f 1801 1802 1822 1821
f 1802 1803 1823 1822
f 1803 1804 1824 1823
f 1804 1785 1805 1824
f 1785 1786 1787 1788 1789 1790 1791 1792 1793 1794 1795 1796 1797 1798 1799 1800 1801 1802 1803 1804
f 1824 1823 1822 1821 1820 1819 1818 1817 1816 1815 1814 1813 1812 1811 1810 1809 1808 1807 1806 1805
f 1825 1826 1846 1845
f 1826 1827 1847 1846
f 1827 1828 1848 1847
f 1828 1829 1849 1848
f 1829 1830 1850 1849
f 1830 1831 1851 1850
f 1831 1832 1852 1851
f 1832 1833 1853 1852
f 1833 1834 1854 1853
f 1834 1835 1855 1854
f 1835 1836 1856 1855
f 1836 1837 1857 1856
f 1837 1838 1858 1857
f 1838 1839 1859 1858
f 1839 1840 1860 1859
f 1840 1841 1861 1860
f 1841 1842 1862 1861
f 1842 1843 1863 1862
f 1843 1844 1864 1863
f 1844 1825 1845 1864
f 1825 1826 1827 1828 1829 1830 1831 1832 1833 1834 1835 1836 1837 1838 1839 1840 1841 1842 1843 1844
f 1864 1863 1862 1861 1860 1859 1858 1857 1856 1855 1854 1853 1852 1851 1850 1849 1848 1847 1846 1845
usemtl purple
f 1865 1866 1886 1885
f 1866 1867 1887 1886
f 1867 1868 1888 1887
f 1868 1869 1889 1888
f 1869 1870 1890 1889
f 1870 1871 1891 1890
f 1871 1872 1892 1891
f 1872 1873 1893 1892
f 1873 1874 1894 1893
f 1874 1875 1895 1894
f 1875 1876 1896 1895
f 1876 1877 1897 1896
f 1877 1878 1898 1897
f 1878 1879 1899 1898
f 1879 1880 1900 1899
f 1880 1881 1901 1900
f 1881 1882 1902 1901
f 1882 1883 1903 1902
f 1883 1884 1904 1903
f 1884 1865 1885 1904
f 1865 1866 1867 1868 1869 1870 1871 1872 1873 1874 1875 1876 1877 1878 1879 1880 1881 1882 1883 1884
f 1904 1903 1902 1901 1900 1899 1898 1897 1896 1895 1894 1893 1892 1891 1890 1889 1888 1887 1886 1885
usemtl yellow
f 1905 1906 1907 1908
f 1909 1912 1911 1910
f 1905 1909 1910 1906
f 1906 1910 1911 1907
f 1907 1911 1912 1908
f 1909 1905 1908 1912
usemtl silver
f 1913 1914 1934 1933
f 1914 1915 1935 1934
f 1915 1916 1936 1935
f 1916 1917 1937 1936
f 1917 1918 1938 1937
f 1918 1919 1939 1938
f 1919 1920 1940 1939
f 1920 1921 1941 1940
f 1921 1922 1942 1941
f 1922 1923 1943 1942
f 1923 1924 1944 1943
f 1924 1925 1945 1944
f 1925 1926 1946 1945
f 1926 1927 1947 1946
f 1927 1928 1948 1947
f 1928 1929 1949 1948
f 1929 1930 1950 1949
f 1930 1931 1951 1950
f 1931 1932 1952 1951
f 1932 1913 1933 1952
f 1913 1914 1915 1916 1917 1918 1919 1920 1921 1922 1923 1924 1925 1926 1927 1928 1929 1930 1931 1932
f 1952 1951 1950 1949 1948 1947 1946 1945 1944 1943 1942 1941 1940 1939 1938 1937 1936 1935 1934 1933
f 1953 1954 1974 1973
f 1954 1955 1975 1974
f 1955 1956 1976 1975
f 1956 1957 1977 1976
f 1957 1958 1978 1977
f 1958 1959 1979 1978
f 1959 1960 1980 1979
f 1960 1961 1981 1980
f 1961 1962 1982 1981
f 1962 1963 1983 1982
f 1963 1964 1984 1983
f 1964 1965 1985 1984
f 1965 1966 1986 1985
f 1966 1967 1987 1986
f 1967 1968 1988 1987
f 1968 1969 1989 1988
f 1969 1970 1990 1989
f 1970 1971 1991 1990
f 1971 1972 1992 1991
f 1972 1953 1973 1992
f 1953 1954 1955 1956 1957 1958 1959 1960 1961 1962 1963 1964 1965 1966 1967 1968 1969 1970 1971 1972
f 1992 1991 1990 1989 1988 1987 1986 1985 1984 1983 1982 1981 1980 1979 1978 1977 1976 1975 1974 1973
usemtl blue_red
f 1993 1994 2014 2013
f 1994 1995 2015 2014
f 1995 1996 2016 2015
f 1996 1997 2017 2016
f 1997 1998 2018 2017
f 1998 1999 2019 2018
f 1999 2000 2020 2019
f 2000 2001 2021 2020
f 2001 2002 2022 2021
f 2002 2003 2023 2022
f 2003 2004 2024 2023
f 2004 2005 2025 2024
f 2005 2006 2026 2025
f 2006 2007 2027 2026
f 2007 2008 2028 2027
f 2008 2009 2029 2028
f 2009 2010 2030 2029
f 2010 2011 2031 2030
f 2011 2012 2032 2031
f 2012 1993 2013 2032
f 1993 1994 1995 1996 1997 1998 1999 2000 2001 2002 2003 2004 2005 2006 2007 2008 2009 2010 2011 2012
f 2032 2031 2030 2029 2028 2027 2026 2025 2024 2023 2022 2021 2020 2019 2018 2017 2016 2015 2014 2013
usemtl silver
f 2033 2034 2054 2053
f 2034 2035 2055 2054
f 2035 2036 2056 2055
f 2036 2037 2057 2056
f 2037 2038 2058 2057
f 2038 2039 2059 2058
f 2039 2040 2060 2059
f 2040 2041 2061 2060
f 2041 2042 2062 2061
f 2042 2043 2063 2062
f 2043 2044 2064 2063
f 2044 2045 2065 2064
f 2045 2046 2066 2065
f 2046 2047 2067 2066
f 2047 2048 2068 2067
f 2048 2049 2069 2068
f 2049 2050 2070 2069
f 2050 2051 2071 2070
f 2051 2052 2072 2071
f 2052 2033 2053 2072
f 2033 2034 2035 2036 2037 2038 2039 2040 2041 2042 2043 2044 2045 2046 2047 2048 2049 2050 2051 2052
f 2072 2071 2070 2069 2068 2067 2066 2065 2064 2063 2062 2061 2060 2059 2058 2057 2056 2055 2054 2053
f 2073 2074 2094 2093
f 2074 2075 2095 2094
f 2075 2076 2096 2095
f 2076 2077 2097 2096
f 2077 2078 2098 2097
f 2078 2079 2099 2098
f 2079 2080 2100 2099
f 2080 2081 2101 2100
f 2081 2082 2102 2101
f 2082 2083 2103 2102
f 2083 2084 2104 2103
f 2084 2085 2105 2104
f 2085 2086 2106 2105
f 2086 2087 2107 2106
f 2087 2088 2108 2107
f 2088 2089 2109 2108
f 2089 2090 2110 2109
f 2090 2091 2111 2110
f 2091 2092 2112 2111
f 2092 2073 2093 2112
f 2073 2074 2075 2076 2077 2078 2079 2080 2081 2082 2083 2084 2085 2086 2087 2088 2089 2090 2091 2092
f 2112 2111 2110 2109 2108 2107 2106 2105 2104 2103 2102 2101 2100 2099 2098 2097 2096 2095 2094 2093
f 2113 2114 2134 2133
f 2114 2115 2135 2134
f 2115 2116 2136 2135
f 2116 2117 2137 2136
f 2117 2118 2138 2137
f 2118 2119 2139 2138
f 2119 2120 2140 2139
f 2120 2121 2141 2140
f 2121 2122 2142 2141
f 2122 2123 2143 2142
f 2123 2124 2144 2143
f 2124 2125 2145 2144
f 2125 2126 2146 2145
f 2126 2127 2147 2146
f 2127 2128 2148 2147
f 2128 2129 2149 2148
f 2129 2130 2150 2149
f 2130 2131 2151 2150
f 2131 2132 2152 2151
f 2132 2113 2133 2152
f 2113 2114 2115 2116 2117 2118 2119 2120 2121 2122 2123 2124 2125 2126 2127 2128 2129 2130 2131 2132
f 2152 2151 2150 2149 2148 2147 2146 2145 2144 2143 2142 2141 2140 2139 2138 2137 2136 2135 2134 2133
usemtl green
f 2153 2154 2174 2173
f 2154 2155 2175 2174
f 2155 2156 2176 2175
f 2156 2157 2177 2176
f 2157 2158 2178 2177
f 2158 2159 2179 2178
f 2159 2160 2180 2179
f 2160 2161 2181 2180
f 2161 2162 2182 2181
f 2162 2163 2183 2182
f 2163 2164 2184 2183
f 2164 2165 2185 2184
f 2165 2166 2186 2185
f 2166 2167 2187 2186
f 2167 2168 2188 2187
f 2168 2169 2189 2188
f 2169 2170 2190 2189
f 2170 2171 2191 2190
f 2171 2172 2192 2191
f 2172 2153 2173 2192
f 2153 2154 2155 2156 2157 2158 2159 2160 2161 2162 2163 2164 2165 2166 2167 2168 2169 2170 2171 2172
f 2192 2191 2190 2189 2188 2187 2186 2185 2184 2183 2182 2181 2180 2179 2178 2177 2176 2175 2174 2173
usemtl white_yellow
f 2193 2194 2195 2196
f 2197 2200 2199 2198
f 2193 2197 2198 2194
f 2194 2198 2199 2195
f 2195 2199 2200 2196
f 2197 2193 2196 2200
f 2201 2202 2203 2204
f 2205 2208 2207 2206
f 2201 2205 2206 2202
f 2202 2206 2207 2203
f 2203 2207 2208 2204
f 2205 2201 2204 2208
usemtl white
f 2209 2210 2211 2212
f 2213 2216 2215 2214
f 2209 2213 2214 2210
f 2210 2214 2215 2211
f 2211 2215 2216 2212
f 2213 2209 2212 2216
f 2217 2218 2219 2220
f 2221 2224 2223 2222
f 2217 2221 2222 2218
f 2218 2222 2223 2219
f 2219 2223 2224 2220
f 2221 2217 2220 2224
usemtl glass
f 2225 2226 2227 2228
f 2229 2232 2231 2230
f 2225 2229 2230 2226
f 2226 2230 2231 2227
f 2227 2231 2232 2228
f 2229 2225 2228 2232
usemtl beige
f 2233 2234 2235 2236
f 2237 2240 2239 2238
f 2233 2237 2238 2234
f 2234 2238 2239 2235
f 2235 2239 2240 2236
f 2237 2233 2236 2240
usemtl yellow
f 2241 2242 2243 2244
f 2245 2248 2247 2246
f 2241 2245 2246 2242
f 2242 2246 2247 2243
f 2243 2247 2248 2244
f 2245 2241 2244 2248
usemtl white
f 2249 2250 2251 2252
f 2253 2256 2255 2254
f 2249 2253 2254 2250
f 2250 2254 2255 2251
f 2251 2255 2256 2252
f 2253 2249 2252 2256
f 2257 2258 2259 2260
f 2261 2264 2263 2262
f 2257 2261 2262 2258
f 2258 2262 2263 2259
f 2259 2263 2264 2260
f 2261 2257 2260 2264
f 2265 2266 2267 2268
f 2269 2272 2271 2270
f 2265 2269 2270 2266
f 2266 2270 2271 2267
f 2267 2271 2272 2268
f 2269 2265 2268 2272
usemtl beige
f 2273 2274 2275 2276
f 2277 2280 2279 2278
f 2273 2277 2278 2274
f 2274 2278 2279 2275
f 2275 2279 2280 2276
f 2277 2273 2276 2280
usemtl glass
f 2281 2282 2283 2284
f 2285 2288 2287 2286
f 2281 2285 2286 2282
f 2282 2286 2287 2283
f 2283 2287 2288 2284
f 2285 2281 2284 2288
f 2289 2290 2291 2292
f 2293 2296 2295 2294
f 2289 2293 2294 2290
f 2290 2294 2295 2291
f 2291 2295 2296 2292
f 2293 2289 2292 2296
usemtl white
f 2297 2298 2299 2300
f 2301 2304 2303 2302
f 2297 2301 2302 2298
f 2298 2302 2303 2299
f 2299 2303 2304 2300
f 2301 2297 2300 2304
f 2305 2306 2307 2308
f 2309 2312 2311 2310
f 2305 2309 2310 2306
f 2306 2310 2311 2307
f 2307 2311 2312 2308
f 2309 2305 2308 2312
f 2313 2314 2315 2316
f 2317 2320 2319 2318
f 2313 2317 2318 2314
f 2314 2318 2319 2315
f 2315 2319 2320 2316
f 2317 2313 2316 2320
usemtl blue_gray
f 2321 2322 2323 2324
f 2325 2328 2327 2326
f 2321 2325 2326 2322
f 2322 2326 2327 2323
f 2323 2327 2328 2324
f 2325 2321 2324 2328
usemtl white
f 2329 2330 2331 2332
f 2333 2336 2335 2334
f 2329 2333 2334 2330
f 2330 2334 2335 2331
f 2331 2335 2336 2332
f 2333 2329 2332 2336
usemtl blue_gray
f 2337 2338 2339 2340
f 2341 2344 2343 2342
f 2337 2341 2342 2338
f 2338 2342 2343 2339
f 2339 2343 2344 2340
f 2341 2337 2340 2344
usemtl white
f 2345 2346 2347 2348
f 2349 2352 2351 2350
f 2345 2349 2350 2346
f 2346 2350 2351 2347
f 2347 2351 2352 2348
f 2349 2345 2348 2352
usemtl tree
f 2353 2354 2362 2361
f 2354 2355 2363 2362
f 2355 2356 2364 2363
f 2356 2357 2365 2364
f 2357 2358 2366 2365
f 2358 2359 2367 2366
f 2359 2360 2368 2367
f 2360 2353 2361 2368
f 2353 2354 2355 2356 2357 2358 2359 2360
f 2368 2367 2366 2365 2364 2363 2362 2361
f 2369 2370 2378 2377
f 2370 2371 2379 2378
f 2371 2372 2380 2379
f 2372 2373 2381 2380
f 2373 2374 2382 2381
f 2374 2375 2383 2382
f 2375 2376 2384 2383
f 2376 2369 2377 2384
f 2369 2370 2371 2372 2373 2374 2375 2376
f 2384 2383 2382 2381 2380 2379 2378 2377
f 2385 2386 2394 2393
f 2386 2387 2395 2394
f 2387 2388 2396 2395
f 2388 2389 2397 2396
f 2389 2390 2398 2397
f 2390 2391 2399 2398
f 2391 2392 2400 2399
f 2392 2385 2393 2400
f 2385 2386 2387 2388 2389 2390 2391 2392
f 2400 2399 2398 2397 2396 2395 2394 2393
f 2401 2402 2410 2409
f 2402 2403 2411 2410
f 2403 2404 2412 2411
f 2404 2405 2413 2412
f 2405 2406 2414 2413
f 2406 2407 2415 2414
f 2407 2408 2416 2415
f 2408 2401 2409 2416
f 2401 2402 2403 2404 2405 2406 2407 2408
f 2416 2415 2414 2413 2412 2411 2410 2409
f 2417 2418 2426 2425
f 2418 2419 2427 2426
f 2419 2420 2428 2427
f 2420 2421 2429 2428
f 2421 2422 2430 2429
f 2422 2423 2431 2430
f 2423 2424 2432 2431
f 2424 2417 2425 2432
f 2417 2418 2419 2420 2421 2422 2423 2424
f 2432 2431 2430 2429 2428 2427 2426 2425
f 2433 2434 2442 2441
f 2434 2435 2443 2442
f 2435 2436 2444 2443
f 2436 2437 2445 2444
f 2437 2438 2446 2445
f 2438 2439 2447 2446
f 2439 2440 2448 2447
f 2440 2433 2441 2448
f 2433 2434 2435 2436 2437 2438 2439 2440
f 2448 2447 2446 2445 2444 2443 2442 2441
f 2449 2450 2458 2457
f 2450 2451 2459 2458
f 2451 2452 2460 2459
f 2452 2453 2461 2460
f 2453 2454 2462 2461
f 2454 2455 2463 2462
f 2455 2456 2464 2463
f 2456 2449 2457 2464
f 2449 2450 2451 2452 2453 2454 2455 2456
f 2464 2463 2462 2461 2460 2459 2458 2457
f 2465 2466 2474 2473
f 2466 2467 2475 2474
f 2467 2468 2476 2475
f 2468 2469 2477 2476
f 2469 2470 2478 2477
f 2470 2471 2479 2478
f 2471 2472 2480 2479
f 2472 2465 2473 2480
f 2465 2466 2467 2468 2469 2470 2471 2472
f 2480 2479 2478 2477 2476 2475 2474 2473
f 2481 2482 2490 2489
f 2482 2483 2491 2490
f 2483 2484 2492 2491
f 2484 2485 2493 2492
f 2485 2486 2494 2493
f 2486 2487 2495 2494
f 2487 2488 2496 2495
f 2488 2481 2489 2496
f 2481 2482 2483 2484 2485 2486 2487 2488
f 2496 2495 2494 2493 2492 2491 2490 2489
f 2497 2498 2506 2505
f 2498 2499 2507 2506
f 2499 2500 2508 2507
f 2500 2501 2509 2508
f 2501 2502 2510 2509
f 2502 2503 2511 2510
f 2503 2504 2512 2511
f 2504 2497 2505 2512
f 2497 2498 2499 2500 2501 2502 2503 2504
f 2512 2511 2510 2509 2508 2507 2506 2505
f 2513 2514 2522 2521
f 2514 2515 2523 2522
f 2515 2516 2524 2523
f 2516 2517 2525 2524
f 2517 2518 2526 2525
f 2518 2519 2527 2526
f 2519 2520 2528 2527
f 2520 2513 2521 2528
f 2513 2514 2515 2516 2517 2518 2519 2520
f 2528 2527 2526 2525 2524 2523 2522 2521
f 2529 2530 2538 2537
f 2530 2531 2539 2538
f 2531 2532 2540 2539
f 2532 2533 2541 2540
f 2533 2534 2542 2541
f 2534 2535 2543 2542
f 2535 2536 2544 2543
f 2536 2529 2537 2544
f 2529 2530 2531 2532 2533 2534 2535 2536
f 2544 2543 2542 2541 2540 2539 2538 2537
f 2545 2546 2554 2553
f 2546 2547 2555 2554
f 2547 2548 2556 2555
f 2548 2549 2557 2556
f 2549 2550 2558 2557
f 2550 2551 2559 2558
f 2551 2552 2560 2559
f 2552 2545 2553 2560
f 2545 2546 2547 2548 2549 2550 2551 2552
f 2560 2559 2558 2557 2556 2555 2554 2553
f 2561 2562 2570 2569
f 2562 2563 2571 2570
f 2563 2564 2572 2571
f 2564 2565 2573 2572
f 2565 2566 2574 2573
f 2566 2567 2575 2574
f 2567 2568 2576 2575
f 2568 2561 2569 2576
f 2561 2562 2563 2564 2565 2566 2567 2568
f 2576 2575 2574 2573 2572 2571 2570 2569
f 2577 2578 2586 2585
f 2578 2579 2587 2586
f 2579 2580 2588 2587
f 2580 2581 2589 2588
f 2581 2582 2590 2589
f 2582 2583 2591 2590
f 2583 2584 2592 2591
f 2584 2577 2585 2592
f 2577 2578 2579 2580 2581 2582 2583 2584
f 2592 2591 2590 2589 2588 2587 2586 2585
f 2593 2594 2602 2601
f 2594 2595 2603 2602
f 2595 2596 2604 2603
f 2596 2597 2605 2604
f 2597 2598 2606 2605
f 2598 2599 2607 2606
f 2599 2600 2608 2607
f 2600 2593 2601 2608
f 2593 2594 2595 2596 2597 2598 2599 2600
f 2608 2607 2606 2605 2604 2603 2602 2601
f 2609 2610 2618 2617
f 2610 2611 2619 2618
f 2611 2612 2620 2619
f 2612 2613 2621 2620
f 2613 2614 2622 2621
f 2614 2615 2623 2622
f 2615 2616 2624 2623
f 2616 2609 2617 2624
f 2609 2610 2611 2612 2613 2614 2615 2616
f 2624 2623 2622 2621 2620 2619 2618 2617
f 2625 2626 2634 2633
f 2626 2627 2635 2634
f 2627 2628 2636 2635
f 2628 2629 2637 2636
f 2629 2630 2638 2637
f 2630 2631 2639 2638
f 2631 2632 2640 2639
f 2632 2625 2633 2640
f 2625 2626 2627 2628 2629 2630 2631 2632
f 2640 2639 2638 2637 2636 2635 2634 2633
f 2641 2642 2650 2649
f 2642 2643 2651 2650
f 2643 2644 2652 2651
f 2644 2645 2653 2652
f 2645 2646 2654 2653
f 2646 2647 2655 2654
f 2647 2648 2656 2655
f 2648 2641 2649 2656
f 2641 2642 2643 2644 2645 2646 2647 2648
f 2656 2655 2654 2653 2652 2651 2650 2649
f 2657 2658 2666 2665
f 2658 2659 2667 2666
f 2659 2660 2668 2667
f 2660 2661 2669 2668
f 2661 2662 2670 2669
f 2662 2663 2671 2670
f 2663 2664 2672 2671
f 2664 2657 2665 2672
f 2657 2658 2659 2660 2661 2662 2663 2664
f 2672 2671 2670 2669 2668 2667 2666 2665
f 2673 2674 2682 2681
f 2674 2675 2683 2682
f 2675 2676 2684 2683
f 2676 2677 2685 2684
f 2677 2678 2686 2685
f 2678 2679 2687 2686
f 2679 2680 2688 2687
f 2680 2673 2681 2688
f 2673 2674 2675 2676 2677 2678 2679 2680
f 2688 2687 2686 2685 2684 2683 2682 2681
f 2689 2690 2698 2697
f 2690 2691 2699 2698
f 2691 2692 2700 2699
f 2692 2693 2701 2700
f 2693 2694 2702 2701
f 2694 2695 2703 2702
f 2695 2696 2704 2703
f 2696 2689 2697 2704
f 2689 2690 2691 2692 2693 2694 2695 2696
f 2704 2703 2702 2701 2700 2699 2698 2697
f 2705 2706 2714 2713
f 2706 2707 2715 2714
f 2707 2708 2716 2715
f 2708 2709 2717 2716
f 2709 2710 2718 2717
f 2710 2711 2719 2718
f 2711 2712 2720 2719
f 2712 2705 2713 2720
f 2705 2706 2707 2708 2709 2710 2711 2712
f 2720 2719 2718 2717 2716 2715 2714 2713
f 2721 2722 2730 2729
f 2722 2723 2731 2730
f 2723 2724 2732 2731
f 2724 2725 2733 2732
f 2725 2726 2734 2733
f 2726 2727 2735 2734
f 2727 2728 2736 2735
f 2728 2721 2729 2736
f 2721 2722 2723 2724 2725 2726 2727 2728
f 2736 2735 2734 2733 2732 2731 2730 2729
f 2737 2738 2746 2745
f 2738 2739 2747 2746
f 2739 2740 2748 2747
f 2740 2741 2749 2748
f 2741 2742 2750 2749
f 2742 2743 2751 2750
f 2743 2744 2752 2751
f 2744 2737 2745 2752
f 2737 2738 2739 2740 2741 2742 2743 2744
f 2752 2751 2750 2749 2748 2747 2746 2745
f 2753 2754 2762 2761
f 2754 2755 2763 2762
f 2755 2756 2764 2763
f 2756 2757 2765 2764
f 2757 2758 2766 2765
f 2758 2759 2767 2766
f 2759 2760 2768 2767
f 2760 2753 2761 2768
f 2753 2754 2755 2756 2757 2758 2759 2760
f 2768 2767 2766 2765 2764 2763 2762 2761
f 2769 2770 2778 2777
f 2770 2771 2779 2778
f 2771 2772 2780 2779
f 2772 2773 2781 2780
f 2773 2774 2782 2781
f 2774 2775 2783 2782
f 2775 2776 2784 2783
f 2776 2769 2777 2784
f 2769 2770 2771 2772 2773 2774 2775 2776
f 2784 2783 2782 2781 2780 2779 2778 2777
f 2785 2786 2794 2793
f 2786 2787 2795 2794
f 2787 2788 2796 2795
f 2788 2789 2797 2796
f 2789 2790 2798 2797
f 2790 2791 2799 2798
f 2791 2792 2800 2799
f 2792 2785 2793 2800
f 2785 2786 2787 2788 2789 2790 2791 2792
f 2800 2799 2798 2797 2796 2795 2794 2793
f 2801 2802 2810 2809
f 2802 2803 2811 2810
f 2803 2804 2812 2811
f 2804 2805 2813 2812
f 2805 2806 2814 2813
f 2806 2807 2815 2814
f 2807 2808 2816 2815
f 2808 2801 2809 2816
f 2801 2802 2803 2804 2805 2806 2807 2808
f 2816 2815 2814 2813 2812 2811 2810 2809
f 2817 2818 2826 2825
f 2818 2819 2827 2826
f 2819 2820 2828 2827
f 2820 2821 2829 2828
f 2821 2822 2830 2829
f 2822 2823 2831 2830
f 2823 2824 2832 2831
f 2824 2817 2825 2832
f 2817 2818 2819 2820 2821 2822 2823 2824
f 2832 2831 2830 2829 2828 2827 2826 2825
f 2833 2834 2842 2841
f 2834 2835 2843 2842
f 2835 2836 2844 2843
f 2836 2837 2845 2844
f 2837 2838 2846 2845
f 2838 2839 2847 2846
f 2839 2840 2848 2847
f 2840 2833 2841 2848
f 2833 2834 2835 2836 2837 2838 2839 2840
f 2848 2847 2846 2845 2844 2843 2842 2841
f 2849 2850 2858 2857
f 2850 2851 2859 2858
f 2851 2852 2860 2859
f 2852 2853 2861 2860
f 2853 2854 2862 2861
f 2854 2855 2863 2862
f 2855 2856 2864 2863
f 2856 2849 2857 2864
f 2849 2850 2851 2852 2853 2854 2855 2856
f 2864 2863 2862 2861 2860 2859 2858 2857
f 2865 2866 2874 2873
f 2866 2867 2875 2874
f 2867 2868 2876 2875
f 2868 2869 2877 2876
f 2869 2870 2878 2877
f 2870 2871 2879 2878
f 2871 2872 2880 2879
f 2872 2865 2873 2880
f 2865 2866 2867 2868 2869 2870 2871 2872
f 2880 2879 2878 2877 2876 2875 2874 2873
f 2881 2882 2890 2889
f 2882 2883 2891 2890
f 2883 2884 2892 2891
f 2884 2885 2893 2892
f 2885 2886 2894 2893
f 2886 2887 2895 2894
f 2887 2888 2896 2895
f 2888 2881 2889 2896
f 2881 2882 2883 2884 2885 2886 2887 2888
f 2896 2895 2894 2893 2892 2891 2890 2889
f 2897 2898 2906 2905
f 2898 2899 2907 2906
f 2899 2900 2908 2907
f 2900 2901 2909 2908
f 2901 2902 2910 2909
f 2902 2903 2911 2910
f 2903 2904 2912 2911
f 2904 2897 2905 2912
f 2897 2898 2899 2900 2901 2902 2903 2904
f 2912 2911 2910 2909 2908 2907 2906 2905
f 2913 2914 2922 2921
f 2914 2915 2923 2922
f 2915 2916 2924 2923
f 2916 2917 2925 2924
f 2917 2918 2926 2925
f 2918 2919 2927 2926
f 2919 2920 2928 2927
f 2920 2913 2921 2928
f 2913 2914 2915 2916 2917 2918 2919 2920
f 2928 2927 2926 2925 2924 2923 2922 2921
f 2929 2930 2938 2937
f 2930 2931 2939 2938
f 2931 2932 2940 2939
f 2932 2933 2941 2940
f 2933 2934 2942 2941
f 2934 2935 2943 2942
f 2935 2936 2944 2943
f 2936 2929 2937 2944
f 2929 2930 2931 2932 2933 2934 2935 2936
f 2944 2943 2942 2941 2940 2939 2938 2937
f 2945 2946 2954 2953
f 2946 2947 2955 2954
f 2947 2948 2956 2955
f 2948 2949 2957 2956
f 2949 2950 2958 2957
f 2950 2951 2959 2958
f 2951 2952 2960 2959
f 2952 2945 2953 2960
f 2945 2946 2947 2948 2949 2950 2951 2952
f 2960 2959 2958 2957 2956 2955 2954 2953
f 2961 2962 2970 2969
f 2962 2963 2971 2970
f 2963 2964 2972 2971
f 2964 2965 2973 2972
f 2965 2966 2974 2973
f 2966 2967 2975 2974
f 2967 2968 2976 2975
f 2968 2961 2969 2976
f 2961 2962 2963 2964 2965 2966 2967 2968
f 2976 2975 2974 2973 2972 2971 2970 2969
f 2977 2978 2986 2985
f 2978 2979 2987 2986
f 2979 2980 2988 2987
f 2980 2981 2989 2988
f 2981 2982 2990 2989
f 2982 2983 2991 2990
f 2983 2984 2992 2991
f 2984 2977 2985 2992
f 2977 2978 2979 2980 2981 2982 2983 2984
f 2992 2991 2990 2989 2988 2987 2986 2985
f 2993 2994 3002 3001
f 2994 2995 3003 3002
f 2995 2996 3004 3003
f 2996 2997 3005 3004
f 2997 2998 3006 3005
f 2998 2999 3007 3006
f 2999 3000 3008 3007
f 3000 2993 3001 3008
f 2993 2994 2995 2996 2997 2998 2999 3000
f 3008 3007 3006 3005 3004 3003 3002 3001
f 3009 3010 3018 3017
f 3010 3011 3019 3018
f 3011 3012 3020 3019
f 3012 3013 3021 3020
f 3013 3014 3022 3021
f 3014 3015 3023 3022
f 3015 3016 3024 3023
f 3016 3009 3017 3024
f 3009 3010 3011 3012 3013 3014 3015 3016
f 3024 3023 3022 3021 3020 3019 3018 3017
f 3025 3026 3034 3033
f 3026 3027 3035 3034
f 3027 3028 3036 3035
f 3028 3029 3037 3036
f 3029 3030 3038 3037
f 3030 3031 3039 3038
f 3031 3032 3040 3039
f 3032 3025 3033 3040
f 3025 3026 3027 3028 3029 3030 3031 3032
f 3040 3039 3038 3037 3036 3035 3034 3033
f 3041 3042 3050 3049
f 3042 3043 3051 3050
f 3043 3044 3052 3051
f 3044 3045 3053 3052
f 3045 3046 3054 3053
f 3046 3047 3055 3054
f 3047 3048 3056 3055
f 3048 3041 3049 3056
f 3041 3042 3043 3044 3045 3046 3047 3048
f 3056 3055 3054 3053 3052 3051 3050 3049
f 3057 3058 3066 3065
f 3058 3059 3067 3066
f 3059 3060 3068 3067
f 3060 3061 3069 3068
f 3061 3062 3070 3069
f 3062 3063 3071 3070
f 3063 3064 3072 3071
f 3064 3057 3065 3072
f 3057 3058 3059 3060 3061 3062 3063 3064
f 3072 3071 3070 3069 3068 3067 3066 3065
f 3073 3074 3082 3081
f 3074 3075 3083 3082
f 3075 3076 3084 3083
f 3076 3077 3085 3084
f 3077 3078 3086 3085
f 3078 3079 3087 3086
f 3079 3080 3088 3087
f 3080 3073 3081 3088
f 3073 3074 3075 3076 3077 3078 3079 3080
f 3088 3087 3086 3085 3084 3083 3082 3081
f 3089 3090 3098 3097
f 3090 3091 3099 3098
f 3091 3092 3100 3099
f 3092 3093 3101 3100
f 3093 3094 3102 3101
f 3094 3095 3103 3102
f 3095 3096 3104 3103
f 3096 3089 3097 3104
f 3089 3090 3091 3092 3093 3094 3095 3096
f 3104 3103 3102 3101 3100 3099 3098 3097
f 3105 3106 3114 3113
f 3106 3107 3115 3114
f 3107 3108 3116 3115
f 3108 3109 3117 3116
f 3109 3110 3118 3117
f 3110 3111 3119 3118
f 3111 3112 3120 3119
f 3112 3105 3113 3120
f 3105 3106 3107 3108 3109 3110 3111 3112
f 3120 3119 3118 3117 3116 3115 3114 3113
f 3121 3122 3130 3129
f 3122 3123 3131 3130
f 3123 3124 3132 3131
f 3124 3125 3133 3132
f 3125 3126 3134 3133
f 3126 3127 3135 3134
f 3127 3128 3136 3135
f 3128 3121 3129 3136
f 3121 3122 3123 3124 3125 3126 3127 3128
f 3136 3135 3134 3133 3132 3131 3130 3129
f 3137 3138 3146 3145
f 3138 3139 3147 3146
f 3139 3140 3148 3147
f 3140 3141 3149 3148
f 3141 3142 3150 3149
f 3142 3143 3151 3150
f 3143 3144 3152 3151
f 3144 3137 3145 3152
f 3137 3138 3139 3140 3141 3142 3143 3144
f 3152 3151 3150 3149 3148 3147 3146 3145
f 3153 3154 3162 3161
f 3154 3155 3163 3162
f 3155 3156 3164 3163
f 3156 3157 3165 3164
f 3157 3158 3166 3165
f 3158 3159 3167 3166
f 3159 3160 3168 3167
f 3160 3153 3161 3168
f 3153 3154 3155 3156 3157 3158 3159 3160
f 3168 3167 3166 3165 3164 3163 3162 3161
f 3169 3170 3178 3177
f 3170 3171 3179 3178
f 3171 3172 3180 3179
f 3172 3173 3181 3180
f 3173 3174 3182 3181
f 3174 3175 3183 3182
f 3175 3176 3184 3183
f 3176 3169 3177 3184
f 3169 3170 3171 3172 3173 3174 3175 3176
f 3184 3183 3182 3181 3180 3179 3178 3177
f 3185 3186 3194 3193
f 3186 3187 3195 3194
f 3187 3188 3196 3195
f 3188 3189 3197 3196
f 3189 3190 3198 3197
f 3190 3191 3199 3198
f 3191 3192 3200 3199
f 3192 3185 3193 3200
f 3185 3186 3187 3188 3189 3190 3191 3192
f 3200 3199 3198 3197 3196 3195 3194 3193
f 3201 3202 3210 3209
f 3202 3203 3211 3210
f 3203 3204 3212 3211
f 3204 3205 3213 3212
f 3205 3206 3214 3213
f 3206 3207 3215 3214
f 3207 3208 3216 3215
f 3208 3201 3209 3216
f 3201 3202 3203 3204 3205 3206 3207 3208
f 3216 3215 3214 3213 3212 3211 3210 3209
f 3217 3218 3226 3225
f 3218 3219 3227 3226
f 3219 3220 3228 3227
f 3220 3221 3229 3228
f 3221 3222 3230 3229
f 3222 3223 3231 3230
f 3223 3224 3232 3231
f 3224 3217 3225 3232
f 3217 3218 3219 3220 3221 3222 3223 3224
f 3232 3231 3230 3229 3228 3227 3226 3225
f 3233 3234 3242 3241
f 3234 3235 3243 3242
f 3235 3236 3244 3243
f 3236 3237 3245 3244
f 3237 3238 3246 3245
f 3238 3239 3247 3246
f 3239 3240 3248 3247
f 3240 3233 3241 3248
f 3233 3234 3235 3236 3237 3238 3239 3240
f 3248 3247 3246 3245 3244 3243 3242 3241
f 3249 3250 3258 3257
f 3250 3251 3259 3258
f 3251 3252 3260 3259
f 3252 3253 3261 3260
f 3253 3254 3262 3261
f 3254 3255 3263 3262
f 3255 3256 3264 3263
f 3256 3249 3257 3264
f 3249 3250 3251 3252 3253 3254 3255 3256
f 3264 3263 3262 3261 3260 3259 3258 3257
f 3265 3266 3274 3273
f 3266 3267 3275 3274
f 3267 3268 3276 3275
f 3268 3269 3277 3276
f 3269 3270 3278 3277
f 3270 3271 3279 3278
f 3271 3272 3280 3279
f 3272 3265 3273 3280
f 3265 3266 3267 3268 3269 3270 3271 3272
f 3280 3279 3278 3277 3276 3275 3274 3273
f 3281 3282 3290 3289
f 3282 3283 3291 3290
f 3283 3284 3292 3291
f 3284 3285 3293 3292
f 3285 3286 3294 3293
f 3286 3287 3295 3294
f 3287 3288 3296 3295
f 3288 3281 3289 3296
f 3281 3282 3283 3284 3285 3286 3287 3288
f 3296 3295 3294 3293 3292 3291 3290 3289
f 3297 3298 3306 3305
f 3298 3299 3307 3306
f 3299 3300 3308 3307
f 3300 3301 3309 3308
f 3301 3302 3310 3309
f 3302 3303 3311 3310
f 3303 3304 3312 3311
f 3304 3297 3305 3312
f 3297 3298 3299 3300 3301 3302 3303 3304
f 3312 3311 3310 3309 3308 3307 3306 3305
f 3313 3314 3322 3321
f 3314 3315 3323 3322
f 3315 3316 3324 3323
f 3316 3317 3325 3324
f 3317 3318 3326 3325
f 3318 3319 3327 3326
f 3319 3320 3328 3327
f 3320 3313 3321 3328
f 3313 3314 3315 3316 3317 3318 3319 3320
f 3328 3327 3326 3325 3324 3323 3322 3321
f 3329 3330 3338 3337
f 3330 3331 3339 3338
f 3331 3332 3340 3339
f 3332 3333 3341 3340
f 3333 3334 3342 3341
f 3334 3335 3343 3342
f 3335 3336 3344 3343
f 3336 3329 3337 3344
f 3329 3330 3331 3332 3333 3334 3335 3336
f 3344 3343 3342 3341 3340 3339 3338 3337
f 3345 3346 3354 3353
f 3346 3347 3355 3354
f 3347 3348 3356 3355
f 3348 3349 3357 3356
f 3349 3350 3358 3357
f 3350 3351 3359 3358
f 3351 3352 3360 3359
f 3352 3345 3353 3360
f 3345 3346 3347 3348 3349 3350 3351 3352
f 3360 3359 3358 3357 3356 3355 3354 3353
f 3361 3362 3370 3369
f 3362 3363 3371 3370
f 3363 3364 3372 3371
f 3364 3365 3373 3372
f 3365 3366 3374 3373
f 3366 3367 3375 3374
f 3367 3368 3376 3375
f 3368 3361 3369 3376
f 3361 3362 3363 3364 3365 3366 3367 3368
f 3376 3375 3374 3373 3372 3371 3370 3369
f 3377 3378 3386 3385
f 3378 3379 3387 3386
f 3379 3380 3388 3387
f 3380 3381 3389 3388
f 3381 3382 3390 3389
f 3382 3383 3391 3390
f 3383 3384 3392 3391
f 3384 3377 3385 3392
f 3377 3378 3379 3380 3381 3382 3383 3384
f 3392 3391 3390 3389 3388 3387 3386 3385
f 3393 3394 3402 3401
f 3394 3395 3403 3402
f 3395 3396 3404 3403
f 3396 3397 3405 3404
f 3397 3398 3406 3405
f 3398 3399 3407 3406
f 3399 3400 3408 3407
f 3400 3393 3401 3408
f 3393 3394 3395 3396 3397 3398 3399 3400
f 3408 3407 3406 3405 3404 3403 3402 3401
f 3409 3410 3418 3417
f 3410 3411 3419 3418
f 3411 3412 3420 3419
f 3412 3413 3421 3420
f 3413 3414 3422 3421
f 3414 3415 3423 3422
f 3415 3416 3424 3423
f 3416 3409 3417 3424
f 3409 3410 3411 3412 3413 3414 3415 3416
f 3424 3423 3422 3421 3420 3419 3418 3417
f 3425 3426 3434 3433
f 3426 3427 3435 3434
f 3427 3428 3436 3435
f 3428 3429 3437 3436
f 3429 3430 3438 3437
f 3430 3431 3439 3438
f 3431 3432 3440 3439
f 3432 3425 3433 3440
f 3425 3426 3427 3428 3429 3430 3431 3432
f 3440 3439 3438 3437 3436 3435 3434 3433
f 3441 3442 3450 3449
f 3442 3443 3451 3450
f 3443 3444 3452 3451
f 3444 3445 3453 3452
f 3445 3446 3454 3453
f 3446 3447 3455 3454
f 3447 3448 3456 3455
f 3448 3441 3449 3456
f 3441 3442 3443 3444 3445 3446 3447 3448
f 3456 3455 3454 3453 3452 3451 3450 3449
f 3457 3458 3466 3465
f 3458 3459 3467 3466
f 3459 3460 3468 3467
f 3460 3461 3469 3468
f 3461 3462 3470 3469
f 3462 3463 3471 3470
f 3463 3464 3472 3471
f 3464 3457 3465 3472
f 3457 3458 3459 3460 3461 3462 3463 3464
f 3472 3471 3470 3469 3468 3467 3466 3465
f 3473 3474 3482 3481
f 3474 3475 3483 3482
f 3475 3476 3484 3483
f 3476 3477 3485 3484
f 3477 3478 3486 3485
f 3478 3479 3487 3486
f 3479 3480 3488 3487
f 3480 3473 3481 3488
f 3473 3474 3475 3476 3477 3478 3479 3480
f 3488 3487 3486 3485 3484 3483 3482 3481
f 3489 3490 3498 3497
f 3490 3491 3499 3498
f 3491 3492 3500 3499
f 3492 3493 3501 3500
f 3493 3494 3502 3501
f 3494 3495 3503 3502
f 3495 3496 3504 3503
f 3496 3489 3497 3504
f 3489 3490 3491 3492 3493 3494 3495 3496
f 3504 3503 3502 3501 3500 3499 3498 3497
f 3505 3506 3514 3513
f 3506 3507 3515 3514
f 3507 3508 3516 3515
f 3508 3509 3517 3516
f 3509 3510 3518 3517
f 3510 3511 3519 3518
f 3511 3512 3520 3519
f 3512 3505 3513 3520
f 3505 3506 3507 3508 3509 3510 3511 3512
f 3520 3519 3518 3517 3516 3515 3514 3513
f 3521 3522 3530 3529
f 3522 3523 3531 3530
f 3523 3524 3532 3531
f 3524 3525 3533 3532
f 3525 3526 3534 3533
f 3526 3527 3535 3534
f 3527 3528 3536 3535
f 3528 3521 3529 3536
f 3521 3522 3523 3524 3525 3526 3527 3528
f 3536 3535 3534 3533 3532 3531 3530 3529
f 3537 3538 3546 3545
f 3538 3539 3547 3546
f 3539 3540 3548 3547
f 3540 3541 3549 3548
f 3541 3542 3550 3549
f 3542 3543 3551 3550
f 3543 3544 3552 3551
f 3544 3537 3545 3552
f 3537 3538 3539 3540 3541 3542 3543 3544
f 3552 3551 3550 3549 3548 3547 3546 3545
f 3553 3554 3562 3561
f 3554 3555 3563 3562
f 3555 3556 3564 3563
f 3556 3557 3565 3564
f 3557 3558 3566 3565
f 3558 3559 3567 3566
f 3559 3560 3568 3567
f 3560 3553 3561 3568
f 3553 3554 3555 3556 3557 3558 3559 3560
f 3568 3567 3566 3565 3564 3563 3562 3561
f 3569 3570 3578 3577
f 3570 3571 3579 3578
f 3571 3572 3580 3579
f 3572 3573 3581 3580
f 3573 3574 3582 3581
f 3574 3575 3583 3582
f 3575 3576 3584 3583
f 3576 3569 3577 3584
f 3569 3570 3571 3572 3573 3574 3575 3576
f 3584 3583 3582 3581 3580 3579 3578 3577
f 3585 3586 3594 3593
f 3586 3587 3595 3594
f 3587 3588 3596 3595
f 3588 3589 3597 3596
f 3589 3590 3598 3597
f 3590 3591 3599 3598
f 3591 3592 3600 3599
f 3592 3585 3593 3600
f 3585 3586 3587 3588 3589 3590 3591 3592
f 3600 3599 3598 3597 3596 3595 3594 3593
f 3601 3602 3610 3609
f 3602 3603 3611 3610
f 3603 3604 3612 3611
f 3604 3605 3613 3612
f 3605 3606 3614 3613
f 3606 3607 3615 3614
f 3607 3608 3616 3615
f 3608 3601 3609 3616
f 3601 3602 3603 3604 3605 3606 3607 3608
f 3616 3615 3614 3613 3612 3611 3610 3609
f 3617 3618 3626 3625
f 3618 3619 3627 3626
f 3619 3620 3628 3627
f 3620 3621 3629 3628
f 3621 3622 3630 3629
f 3622 3623 3631 3630
f 3623 3624 3632 3631
f 3624 3617 3625 3632
f 3617 3618 3619 3620 3621 3622 3623 3624
f 3632 3631 3630 3629 3628 3627 3626 3625
f 3633 3634 3642 3641
f 3634 3635 3643 3642
f 3635 3636 3644 3643
f 3636 3637 3645 3644
f 3637 3638 3646 3645
f 3638 3639 3647 3646
f 3639 3640 3648 3647
f 3640 3633 3641 3648
f 3633 3634 3635 3636 3637 3638 3639 3640
f 3648 3647 3646 3645 3644 3643 3642 3641
f 3649 3650 3658 3657
f 3650 3651 3659 3658
f 3651 3652 3660 3659
f 3652 3653 3661 3660
f 3653 3654 3662 3661
f 3654 3655 3663 3662
f 3655 3656 3664 3663
f 3656 3649 3657 3664
f 3649 3650 3651 3652 3653 3654 3655 3656
f 3664 3663 3662 3661 3660 3659 3658 3657
f 3665 3666 3674 3673
f 3666 3667 3675 3674
f 3667 3668 3676 3675
f 3668 3669 3677 3676
f 3669 3670 3678 3677
f 3670 3671 3679 3678
f 3671 3672 3680 3679
f 3672 3665 3673 3680
f 3665 3666 3667 3668 3669 3670 3671 3672
f 3680 3679 3678 3677 3676 3675 3674 3673
f 3681 3682 3690 3689
f 3682 3683 3691 3690
f 3683 3684 3692 3691
f 3684 3685 3693 3692
f 3685 3686 3694 3693
f 3686 3687 3695 3694
f 3687 3688 3696 3695
f 3688 3681 3689 3696
f 3681 3682 3683 3684 3685 3686 3687 3688
f 3696 3695 3694 3693 3692 3691 3690 3689
f 3697 3698 3706 3705
f 3698 3699 3707 3706
f 3699 3700 3708 3707
f 3700 3701 3709 3708
f 3701 3702 3710 3709
f 3702 3703 3711 3710
f 3703 3704 3712 3711
f 3704 3697 3705 3712
f 3697 3698 3699 3700 3701 3702 3703 3704
f 3712 3711 3710 3709 3708 3707 3706 3705
f 3713 3714 3722 3721
f 3714 3715 3723 3722
f 3715 3716 3724 3723
f 3716 3717 3725 3724
f 3717 3718 3726 3725
f 3718 3719 3727 3726
f 3719 3720 3728 3727
f 3720 3713 3721 3728
f 3713 3714 3715 3716 3717 3718 3719 3720
f 3728 3727 3726 3725 3724 3723 3722 3721
f 3729 3730 3738 3737
f 3730 3731 3739 3738
f 3731 3732 3740 3739
f 3732 3733 3741 3740
f 3733 3734 3742 3741
f 3734 3735 3743 3742
f 3735 3736 3744 3743
f 3736 3729 3737 3744
f 3729 3730 3731 3732 3733 3734 3735 3736
f 3744 3743 3742 3741 3740 3739 3738 3737
f 3745 3746 3754 3753
f 3746 3747 3755 3754
f 3747 3748 3756 3755
f 3748 3749 3757 3756
f 3749 3750 3758 3757
f 3750 3751 3759 3758
f 3751 3752 3760 3759
f 3752 3745 3753 3760
f 3745 3746 3747 3748 3749 3750 3751 3752
f 3760 3759 3758 3757 3756 3755 3754 3753
f 3761 3762 3770 3769
f 3762 3763 3771 3770
f 3763 3764 3772 3771
f 3764 3765 3773 3772
f 3765 3766 3774 3773
f 3766 3767 3775 3774
f 3767 3768 3776 3775
f 3768 3761 3769 3776
f 3761 3762 3763 3764 3765 3766 3767 3768
f 3776 3775 3774 3773 3772 3771 3770 3769
f 3777 3778 3786 3785
f 3778 3779 3787 3786
f 3779 3780 3788 3787
f 3780 3781 3789 3788
f 3781 3782 3790 3789
f 3782 3783 3791 3790
f 3783 3784 3792 3791
f 3784 3777 3785 3792
f 3777 3778 3779 3780 3781 3782 3783 3784
f 3792 3791 3790 3789 3788 3787 3786 3785
f 3793 3794 3802 3801
f 3794 3795 3803 3802
f 3795 3796 3804 3803
f 3796 3797 3805 3804
f 3797 3798 3806 3805
f 3798 3799 3807 3806
f 3799 3800 3808 3807
f 3800 3793 3801 3808
f 3793 3794 3795 3796 3797 3798 3799 3800
f 3808 3807 3806 3805 3804 3803 3802 3801
f 3809 3810 3818 3817
f 3810 3811 3819 3818
f 3811 3812 3820 3819
f 3812 3813 3821 3820
f 3813 3814 3822 3821
f 3814 3815 3823 3822
f 3815 3816 3824 3823
f 3816 3809 3817 3824
f 3809 3810 3811 3812 3813 3814 3815 3816
f 3824 3823 3822 3821 3820 3819 3818 3817
f 3825 3826 3834 3833
f 3826 3827 3835 3834
f 3827 3828 3836 3835
f 3828 3829 3837 3836
f 3829 3830 3838 3837
f 3830 3831 3839 3838
f 3831 3832 3840 3839
f 3832 3825 3833 3840
f 3825 3826 3827 3828 3829 3830 3831 3832
f 3840 3839 3838 3837 3836 3835 3834 3833
f 3841 3842 3850 3849
f 3842 3843 3851 3850
f 3843 3844 3852 3851
f 3844 3845 3853 3852
f 3845 3846 3854 3853
f 3846 3847 3855 3854
f 3847 3848 3856 3855
f 3848 3841 3849 3856
f 3841 3842 3843 3844 3845 3846 3847 3848
f 3856 3855 3854 3853 3852 3851 3850 3849
f 3857 3858 3866 3865
f 3858 3859 3867 3866
f 3859 3860 3868 3867
f 3860 3861 3869 3868
f 3861 3862 3870 3869
f 3862 3863 3871 3870
f 3863 3864 3872 3871
f 3864 3857 3865 3872
f 3857 3858 3859 3860 3861 3862 3863 3864
f 3872 3871 3870 3869 3868 3867 3866 3865
f 3873 3874 3882 3881
f 3874 3875 3883 3882
f 3875 3876 3884 3883
f 3876 3877 3885 3884
f 3877 3878 3886 3885
f 3878 3879 3887 3886
f 3879 3880 3888 3887
f 3880 3873 3881 3888
f 3873 3874 3875 3876 3877 3878 3879 3880
f 3888 3887 3886 3885 3884 3883 3882 3881
f 3889 3890 3898 3897
f 3890 3891 3899 3898
f 3891 3892 3900 3899
f 3892 3893 3901 3900
f 3893 3894 3902 3901
f 3894 3895 3903 3902
f 3895 3896 3904 3903
f 3896 3889 3897 3904
f 3889 3890 3891 3892 3893 3894 3895 3896
f 3904 3903 3902 3901 3900 3899 3898 3897
f 3905 3906 3914 3913
f 3906 3907 3915 3914
f 3907 3908 3916 3915
f 3908 3909 3917 3916
f 3909 3910 3918 3917
f 3910 3911 3919 3918
f 3911 3912 3920 3919
f 3912 3905 3913 3920
f 3905 3906 3907 3908 3909 3910 3911 3912
f 3920 3919 3918 3917 3916 3915 3914 3913
f 3921 3922 3930 3929
f 3922 3923 3931 3930
f 3923 3924 3932 3931
f 3924 3925 3933 3932
f 3925 3926 3934 3933
f 3926 3927 3935 3934
f 3927 3928 3936 3935
f 3928 3921 3929 3936
f 3921 3922 3923 3924 3925 3926 3927 3928
f 3936 3935 3934 3933 3932 3931 3930 3929
f 3937 3938 3946 3945
f 3938 3939 3947 3946
f 3939 3940 3948 3947
f 3940 3941 3949 3948
f 3941 3942 3950 3949
f 3942 3943 3951 3950
f 3943 3944 3952 3951
f 3944 3937 3945 3952
f 3937 3938 3939 3940 3941 3942 3943 3944
f 3952 3951 3950 3949 3948 3947 3946 3945
f 3953 3954 3962 3961
f 3954 3955 3963 3962
f 3955 3956 3964 3963
f 3956 3957 3965 3964
f 3957 3958 3966 3965
f 3958 3959 3967 3966
f 3959 3960 3968 3967
f 3960 3953 3961 3968
f 3953 3954 3955 3956 3957 3958 3959 3960
f 3968 3967 3966 3965 3964 3963 3962 3961
f 3969 3970 3978 3977
f 3970 3971 3979 3978
f 3971 3972 3980 3979
f 3972 3973 3981 3980
f 3973 3974 3982 3981
f 3974 3975 3983 3982
f 3975 3976 3984 3983
f 3976 3969 3977 3984
f 3969 3970 3971 3972 3973 3974 3975 3976
f 3984 3983 3982 3981 3980 3979 3978 3977
f 3985 3986 3994 3993
f 3986 3987 3995 3994
f 3987 3988 3996 3995
f 3988 3989 3997 3996
f 3989 3990 3998 3997
f 3990 3991 3999 3998
f 3991 3992 4000 3999
f 3992 3985 3993 4000
f 3985 3986 3987 3988 3989 3990 3991 3992
f 4000 3999 3998 3997 3996 3995 3994 3993
f 4001 4002 4010 4009
f 4002 4003 4011 4010
f 4003 4004 4012 4011
f 4004 4005 4013 4012
f 4005 4006 4014 4013
f 4006 4007 4015 4014
f 4007 4008 4016 4015
f 4008 4001 4009 4016
f 4001 4002 4003 4004 4005 4006 4007 4008
f 4016 4015 4014 4013 4012 4011 4010 4009
f 4017 4018 4026 4025
f 4018 4019 4027 4026
f 4019 4020 4028 4027
f 4020 4021 4029 4028
f 4021 4022 4030 4029
f 4022 4023 4031 4030
f 4023 4024 4032 4031
f 4024 4017 4025 4032
f 4017 4018 4019 4020 4021 4022 4023 4024
f 4032 4031 4030 4029 4028 4027 4026 4025
f 4033 4034 4042 4041
f 4034 4035 4043 4042
f 4035 4036 4044 4043
f 4036 4037 4045 4044
f 4037 4038 4046 4045
f 4038 4039 4047 4046
f 4039 4040 4048 4047
f 4040 4033 4041 4048
f 4033 4034 4035 4036 4037 4038 4039 4040
f 4048 4047 4046 4045 4044 4043 4042 4041
f 4049 4050 4058 4057
f 4050 4051 4059 4058
f 4051 4052 4060 4059
f 4052 4053 4061 4060
f 4053 4054 4062 4061
f 4054 4055 4063 4062
f 4055 4056 4064 4063
f 4056 4049 4057 4064
f 4049 4050 4051 4052 4053 4054 4055 4056
f 4064 4063 4062 4061 4060 4059 4058 4057
f 4065 4066 4074 4073
f 4066 4067 4075 4074
f 4067 4068 4076 4075
f 4068 4069 4077 4076
f 4069 4070 4078 4077
f 4070 4071 4079 4078
f 4071 4072 4080 4079
f 4072 4065 4073 4080
f 4065 4066 4067 4068 4069 4070 4071 4072
f 4080 4079 4078 4077 4076 4075 4074 4073
f 4081 4082 4090 4089
f 4082 4083 4091 4090
f 4083 4084 4092 4091
f 4084 4085 4093 4092
f 4085 4086 4094 4093
f 4086 4087 4095 4094
f 4087 4088 4096 4095
f 4088 4081 4089 4096
f 4081 4082 4083 4084 4085 4086 4087 4088
f 4096 4095 4094 4093 4092 4091 4090 4089
f 4097 4098 4106 4105
f 4098 4099 4107 4106
f 4099 4100 4108 4107
f 4100 4101 4109 4108
f 4101 4102 4110 4109
f 4102 4103 4111 4110
f 4103 4104 4112 4111
f 4104 4097 4105 4112
f 4097 4098 4099 4100 4101 4102 4103 4104
f 4112 4111 4110 4109 4108 4107 4106 4105
f 4113 4114 4122 4121
f 4114 4115 4123 4122
f 4115 4116 4124 4123
f 4116 4117 4125 4124
f 4117 4118 4126 4125
f 4118 4119 4127 4126
f 4119 4120 4128 4127
f 4120 4113 4121 4128
f 4113 4114 4115 4116 4117 4118 4119 4120
f 4128 4127 4126 4125 4124 4123 4122 4121
f 4129 4130 4138 4137
f 4130 4131 4139 4138
f 4131 4132 4140 4139
f 4132 4133 4141 4140
f 4133 4134 4142 4141
f 4134 4135 4143 4142
f 4135 4136 4144 4143
f 4136 4129 4137 4144
f 4129 4130 4131 4132 4133 4134 4135 4136
f 4144 4143 4142 4141 4140 4139 4138 4137
f 4145 4146 4154 4153
f 4146 4147 4155 4154
f 4147 4148 4156 4155
f 4148 4149 4157 4156
f 4149 4150 4158 4157
f 4150 4151 4159 4158
f 4151 4152 4160 4159
f 4152 4145 4153 4160
f 4145 4146 4147 4148 4149 4150 4151 4152
f 4160 4159 4158 4157 4156 4155 4154 4153
f 4161 4162 4170 4169
f 4162 4163 4171 4170
f 4163 4164 4172 4171
f 4164 4165 4173 4172
f 4165 4166 4174 4173
f 4166 4167 4175 4174
f 4167 4168 4176 4175
f 4168 4161 4169 4176
f 4161 4162 4163 4164 4165 4166 4167 4168
f 4176 4175 4174 4173 4172 4171 4170 4169
f 4177 4178 4186 4185
f 4178 4179 4187 4186
f 4179 4180 4188 4187
f 4180 4181 4189 4188
f 4181 4182 4190 4189
f 4182 4183 4191 4190
f 4183 4184 4192 4191
f 4184 4177 4185 4192
f 4177 4178 4179 4180 4181 4182 4183 4184
f 4192 4191 4190 4189 4188 4187 4186 4185
f 4193 4194 4202 4201
f 4194 4195 4203 4202
f 4195 4196 4204 4203
f 4196 4197 4205 4204
f 4197 4198 4206 4205
f 4198 4199 4207 4206
f 4199 4200 4208 4207
f 4200 4193 4201 4208
f 4193 4194 4195 4196 4197 4198 4199 4200
f 4208 4207 4206 4205 4204 4203 4202 4201
f 4209 4210 4218 4217
f 4210 4211 4219 4218
f 4211 4212 4220 4219
f 4212 4213 4221 4220
f 4213 4214 4222 4221
f 4214 4215 4223 4222
f 4215 4216 4224 4223
f 4216 4209 4217 4224
f 4209 4210 4211 4212 4213 4214 4215 4216
f 4224 4223 4222 4221 4220 4219 4218 4217
f 4225 4226 4234 4233
f 4226 4227 4235 4234
f 4227 4228 4236 4235
f 4228 4229 4237 4236
f 4229 4230 4238 4237
f 4230 4231 4239 4238
f 4231 4232 4240 4239
f 4232 4225 4233 4240
f 4225 4226 4227 4228 4229 4230 4231 4232
f 4240 4239 4238 4237 4236 4235 4234 4233
f 4241 4242 4250 4249
f 4242 4243 4251 4250
f 4243 4244 4252 4251
f 4244 4245 4253 4252
f 4245 4246 4254 4253
f 4246 4247 4255 4254
f 4247 4248 4256 4255
f 4248 4241 4249 4256
f 4241 4242 4243 4244 4245 4246 4247 4248
f 4256 4255 4254 4253 4252 4251 4250 4249
f 4257 4258 4266 4265
f 4258 4259 4267 4266
f 4259 4260 4268 4267
f 4260 4261 4269 4268
f 4261 4262 4270 4269
f 4262 4263 4271 4270
f 4263 4264 4272 4271
f 4264 4257 4265 4272
f 4257 4258 4259 4260 4261 4262 4263 4264
f 4272 4271 4270 4269 4268 4267 4266 4265
f 4273 4274 4282 4281
f 4274 4275 4283 4282
f 4275 4276 4284 4283
f 4276 4277 4285 4284
f 4277 4278 4286 4285
f 4278 4279 4287 4286
f 4279 4280 4288 4287
f 4280 4273 4281 4288
f 4273 4274 4275 4276 4277 4278 4279 4280
f 4288 4287 4286 4285 4284 4283 4282 4281
f 4289 4290 4298 4297
f 4290 4291 4299 4298
f 4291 4292 4300 4299
f 4292 4293 4301 4300
f 4293 4294 4302 4301
f 4294 4295 4303 4302
f 4295 4296 4304 4303
f 4296 4289 4297 4304
f 4289 4290 4291 4292 4293 4294 4295 4296
f 4304 4303 4302 4301 4300 4299 4298 4297
f 4305 4306 4314 4313
f 4306 4307 4315 4314
f 4307 4308 4316 4315
f 4308 4309 4317 4316
f 4309 4310 4318 4317
f 4310 4311 4319 4318
f 4311 4312 4320 4319
f 4312 4305 4313 4320
f 4305 4306 4307 4308 4309 4310 4311 4312
f 4320 4319 4318 4317 4316 4315 4314 4313
f 4321 4322 4330 4329
f 4322 4323 4331 4330
f 4323 4324 4332 4331
f 4324 4325 4333 4332
f 4325 4326 4334 4333
f 4326 4327 4335 4334
f 4327 4328 4336 4335
f 4328 4321 4329 4336
f 4321 4322 4323 4324 4325 4326 4327 4328
f 4336 4335 4334 4333 4332 4331 4330 4329
f 4337 4338 4346 4345
f 4338 4339 4347 4346
f 4339 4340 4348 4347
f 4340 4341 4349 4348
f 4341 4342 4350 4349
f 4342 4343 4351 4350
f 4343 4344 4352 4351
f 4344 4337 4345 4352
f 4337 4338 4339 4340 4341 4342 4343 4344
f 4352 4351 4350 4349 4348 4347 4346 4345
f 4353 4354 4362 4361
f 4354 4355 4363 4362
f 4355 4356 4364 4363
f 4356 4357 4365 4364
f 4357 4358 4366 4365
f 4358 4359 4367 4366
f 4359 4360 4368 4367
f 4360 4353 4361 4368
f 4353 4354 4355 4356 4357 4358 4359 4360
f 4368 4367 4366 4365 4364 4363 4362 4361
f 4369 4370 4378 4377
f 4370 4371 4379 4378
f 4371 4372 4380 4379
f 4372 4373 4381 4380
f 4373 4374 4382 4381
f 4374 4375 4383 4382
f 4375 4376 4384 4383
f 4376 4369 4377 4384
f 4369 4370 4371 4372 4373 4374 4375 4376
f 4384 4383 4382 4381 4380 4379 4378 4377
f 4385 4386 4394 4393
f 4386 4387 4395 4394
f 4387 4388 4396 4395
f 4388 4389 4397 4396
f 4389 4390 4398 4397
f 4390 4391 4399 4398
f 4391 4392 4400 4399
f 4392 4385 4393 4400
f 4385 4386 4387 4388 4389 4390 4391 4392
f 4400 4399 4398 4397 4396 4395 4394 4393
f 4401 4402 4410 4409
f 4402 4403 4411 4410
f 4403 4404 4412 4411
f 4404 4405 4413 4412
f 4405 4406 4414 4413
f 4406 4407 4415 4414
f 4407 4408 4416 4415
f 4408 4401 4409 4416
f 4401 4402 4403 4404 4405 4406 4407 4408
f 4416 4415 4414 4413 4412 4411 4410 4409
f 4417 4418 4426 4425
f 4418 4419 4427 4426
f 4419 4420 4428 4427
f 4420 4421 4429 4428
f 4421 4422 4430 4429
f 4422 4423 4431 4430
f 4423 4424 4432 4431
f 4424 4417 4425 4432
f 4417 4418 4419 4420 4421 4422 4423 4424
f 4432 4431 4430 4429 4428 4427 4426 4425
f 4433 4434 4442 4441
f 4434 4435 4443 4442
f 4435 4436 4444 4443
f 4436 4437 4445 4444
f 4437 4438 4446 4445
f 4438 4439 4447 4446
f 4439 4440 4448 4447
f 4440 4433 4441 4448
f 4433 4434 4435 4436 4437 4438 4439 4440
f 4448 4447 4446 4445 4444 4443 4442 4441
f 4449 4450 4458 4457
f 4450 4451 4459 4458
f 4451 4452 4460 4459
f 4452 4453 4461 4460
f 4453 4454 4462 4461
f 4454 4455 4463 4462
f 4455 4456 4464 4463
f 4456 4449 4457 4464
f 4449 4450 4451 4452 4453 4454 4455 4456
f 4464 4463 4462 4461 4460 4459 4458 4457
f 4465 4466 4474 4473
f 4466 4467 4475 4474
f 4467 4468 4476 4475
f 4468 4469 4477 4476
f 4469 4470 4478 4477
f 4470 4471 4479 4478
f 4471 4472 4480 4479
f 4472 4465 4473 4480
f 4465 4466 4467 4468 4469 4470 4471 4472
f 4480 4479 4478 4477 4476 4475 4474 4473
f 4481 4482 4490 4489
f 4482 4483 4491 4490
f 4483 4484 4492 4491
f 4484 4485 4493 4492
f 4485 4486 4494 4493
f 4486 4487 4495 4494
f 4487 4488 4496 4495
f 4488 4481 4489 4496
f 4481 4482 4483 4484 4485 4486 4487 4488
f 4496 4495 4494 4493 4492 4491 4490 4489
f 4497 4498 4506 4505
f 4498 4499 4507 4506
f 4499 4500 4508 4507
f 4500 4501 4509 4508
f 4501 4502 4510 4509
f 4502 4503 4511 4510
f 4503 4504 4512 4511
f 4504 4497 4505 4512
f 4497 4498 4499 4500 4501 4502 4503 4504
f 4512 4511 4510 4509 4508 4507 4506 4505
f 4513 4514 4522 4521
f 4514 4515 4523 4522
f 4515 4516 4524 4523
f 4516 4517 4525 4524
f 4517 4518 4526 4525
f 4518 4519 4527 4526
f 4519 4520 4528 4527
f 4520 4513 4521 4528
f 4513 4514 4515 4516 4517 4518 4519 4520
f 4528 4527 4526 4525 4524 4523 4522 4521
f 4529 4530 4538 4537
f 4530 4531 4539 4538
f 4531 4532 4540 4539
f 4532 4533 4541 4540
f 4533 4534 4542 4541
f 4534 4535 4543 4542
f 4535 4536 4544 4543
f 4536 4529 4537 4544
f 4529 4530 4531 4532 4533 4534 4535 4536
f 4544 4543 4542 4541 4540 4539 4538 4537
f 4545 4546 4554 4553
f 4546 4547 4555 4554
f 4547 4548 4556 4555
f 4548 4549 4557 4556
f 4549 4550 4558 4557
f 4550 4551 4559 4558
f 4551 4552 4560 4559
f 4552 4545 4553 4560
f 4545 4546 4547 4548 4549 4550 4551 4552
f 4560 4559 4558 4557 4556 4555 4554 4553
f 4561 4562 4570 4569
f 4562 4563 4571 4570
f 4563 4564 4572 4571
f 4564 4565 4573 4572
f 4565 4566 4574 4573
f 4566 4567 4575 4574
f 4567 4568 4576 4575
f 4568 4561 4569 4576
f 4561 4562 4563 4564 4565 4566 4567 4568
f 4576 4575 4574 4573 4572 4571 4570 4569
f 4577 4578 4586 4585
f 4578 4579 4587 4586
f 4579 4580 4588 4587
f 4580 4581 4589 4588
f 4581 4582 4590 4589
f 4582 4583 4591 4590
f 4583 4584 4592 4591
f 4584 4577 4585 4592
f 4577 4578 4579 4580 4581 4582 4583 4584
f 4592 4591 4590 4589 4588 4587 4586 4585
f 4593 4594 4602 4601
f 4594 4595 4603 4602
f 4595 4596 4604 4603
f 4596 4597 4605 4604
f 4597 4598 4606 4605
f 4598 4599 4607 4606
f 4599 4600 4608 4607
f 4600 4593 4601 4608
f 4593 4594 4595 4596 4597 4598 4599 4600
f 4608 4607 4606 4605 4604 4603 4602 4601
f 4609 4610 4618 4617
f 4610 4611 4619 4618
f 4611 4612 4620 4619
f 4612 4613 4621 4620
f 4613 4614 4622 4621
f 4614 4615 4623 4622
f 4615 4616 4624 4623
f 4616 4609 4617 4624
f 4609 4610 4611 4612 4613 4614 4615 4616
f 4624 4623 4622 4621 4620 4619 4618 4617
f 4625 4626 4634 4633
f 4626 4627 4635 4634
f 4627 4628 4636 4635
f 4628 4629 4637 4636
f 4629 4630 4638 4637
f 4630 4631 4639 4638
f 4631 4632 4640 4639
f 4632 4625 4633 4640
f 4625 4626 4627 4628 4629 4630 4631 4632
f 4640 4639 4638 4637 4636 4635 4634 4633
f 4641 4642 4650 4649
f 4642 4643 4651 4650
f 4643 4644 4652 4651
f 4644 4645 4653 4652
f 4645 4646 4654 4653
f 4646 4647 4655 4654
f 4647 4648 4656 4655
f 4648 4641 4649 4656
f 4641 4642 4643 4644 4645 4646 4647 4648
f 4656 4655 4654 4653 4652 4651 4650 4649
f 4657 4658 4666 4665
f 4658 4659 4667 4666
f 4659 4660 4668 4667
f 4660 4661 4669 4668
f 4661 4662 4670 4669
f 4662 4663 4671 4670
f 4663 4664 4672 4671
f 4664 4657 4665 4672
f 4657 4658 4659 4660 4661 4662 4663 4664
f 4672 4671 4670 4669 4668 4667 4666 4665
f 4673 4674 4682 4681
f 4674 4675 4683 4682
f 4675 4676 4684 4683
f 4676 4677 4685 4684
f 4677 4678 4686 4685
f 4678 4679 4687 4686
f 4679 4680 4688 4687
f 4680 4673 4681 4688
f 4673 4674 4675 4676 4677 4678 4679 4680
f 4688 4687 4686 4685 4684 4683 4682 4681
f 4689 4690 4698 4697
f 4690 4691 4699 4698
f 4691 4692 4700 4699
f 4692 4693 4701 4700
f 4693 4694 4702 4701
f 4694 4695 4703 4702
f 4695 4696 4704 4703
f 4696 4689 4697 4704
f 4689 4690 4691 4692 4693 4694 4695 4696
f 4704 4703 4702 4701 4700 4699 4698 4697
f 4705 4706 4714 4713
f 4706 4707 4715 4714
f 4707 4708 4716 4715
f 4708 4709 4717 4716
f 4709 4710 4718 4717
f 4710 4711 4719 4718
f 4711 4712 4720 4719
f 4712 4705 4713 4720
f 4705 4706 4707 4708 4709 4710 4711 4712
f 4720 4719 4718 4717 4716 4715 4714 4713
f 4721 4722 4730 4729
f 4722 4723 4731 4730
f 4723 4724 4732 4731
f 4724 4725 4733 4732
f 4725 4726 4734 4733
f 4726 4727 4735 4734
f 4727 4728 4736 4735
f 4728 4721 4729 4736
f 4721 4722 4723 4724 4725 4726 4727 4728
f 4736 4735 4734 4733 4732 4731 4730 4729
f 4737 4738 4746 4745
f 4738 4739 4747 4746
f 4739 4740 4748 4747
f 4740 4741 4749 4748
f 4741 4742 4750 4749
f 4742 4743 4751 4750
f 4743 4744 4752 4751
f 4744 4737 4745 4752
f 4737 4738 4739 4740 4741 4742 4743 4744
f 4752 4751 4750 4749 4748 4747 4746 4745
f 4753 4754 4762 4761
f 4754 4755 4763 4762
f 4755 4756 4764 4763
f 4756 4757 4765 4764
f 4757 4758 4766 4765
f 4758 4759 4767 4766
f 4759 4760 4768 4767
f 4760 4753 4761 4768
f 4753 4754 4755 4756 4757 4758 4759 4760
f 4768 4767 4766 4765 4764 4763 4762 4761
f 4769 4770 4778 4777
f 4770 4771 4779 4778
f 4771 4772 4780 4779
f 4772 4773 4781 4780
f 4773 4774 4782 4781
f 4774 4775 4783 4782
f 4775 4776 4784 4783
f 4776 4769 4777 4784
f 4769 4770 4771 4772 4773 4774 4775 4776
f 4784 4783 4782 4781 4780 4779 4778 4777
f 4785 4786 4794 4793
f 4786 4787 4795 4794
f 4787 4788 4796 4795
f 4788 4789 4797 4796
f 4789 4790 4798 4797
f 4790 4791 4799 4798
f 4791 4792 4800 4799
f 4792 4785 4793 4800
f 4785 4786 4787 4788 4789 4790 4791 4792
f 4800 4799 4798 4797 4796 4795 4794 4793
f 4801 4802 4810 4809
f 4802 4803 4811 4810
f 4803 4804 4812 4811
f 4804 4805 4813 4812
f 4805 4806 4814 4813
f 4806 4807 4815 4814
f 4807 4808 4816 4815
f 4808 4801 4809 4816
f 4801 4802 4803 4804 4805 4806 4807 4808
f 4816 4815 4814 4813 4812 4811 4810 4809
f 4817 4818 4826 4825
f 4818 4819 4827 4826
f 4819 4820 4828 4827
f 4820 4821 4829 4828
f 4821 4822 4830 4829
f 4822 4823 4831 4830
f 4823 4824 4832 4831
f 4824 4817 4825 4832
f 4817 4818 4819 4820 4821 4822 4823 4824
f 4832 4831 4830 4829 4828 4827 4826 4825
f 4833 4834 4842 4841
f 4834 4835 4843 4842
f 4835 4836 4844 4843
f 4836 4837 4845 4844
f 4837 4838 4846 4845
f 4838 4839 4847 4846
f 4839 4840 4848 4847
f 4840 4833 4841 4848
f 4833 4834 4835 4836 4837 4838 4839 4840
f 4848 4847 4846 4845 4844 4843 4842 4841
f 4849 4850 4858 4857
f 4850 4851 4859 4858
f 4851 4852 4860 4859
f 4852 4853 4861 4860
f 4853 4854 4862 4861
f 4854 4855 4863 4862
f 4855 4856 4864 4863
f 4856 4849 4857 4864
f 4849 4850 4851 4852 4853 4854 4855 4856
f 4864 4863 4862 4861 4860 4859 4858 4857
f 4865 4866 4874 4873
f 4866 4867 4875 4874
f 4867 4868 4876 4875
f 4868 4869 4877 4876
f 4869 4870 4878 4877
f 4870 4871 4879 4878
f 4871 4872 4880 4879
f 4872 4865 4873 4880
f 4865 4866 4867 4868 4869 4870 4871 4872
f 4880 4879 4878 4877 4876 4875 4874 4873
f 4881 4882 4890 4889
f 4882 4883 4891 4890
f 4883 4884 4892 4891
f 4884 4885 4893 4892
f 4885 4886 4894 4893
f 4886 4887 4895 4894
f 4887 4888 4896 4895
f 4888 4881 4889 4896
f 4881 4882 4883 4884 4885 4886 4887 4888
f 4896 4895 4894 4893 4892 4891 4890 4889
f 4897 4898 4906 4905
f 4898 4899 4907 4906
f 4899 4900 4908 4907
f 4900 4901 4909 4908
f 4901 4902 4910 4909
f 4902 4903 4911 4910
f 4903 4904 4912 4911
f 4904 4897 4905 4912
f 4897 4898 4899 4900 4901 4902 4903 4904
f 4912 4911 4910 4909 4908 4907 4906 4905
f 4913 4914 4922 4921
f 4914 4915 4923 4922
f 4915 4916 4924 4923
f 4916 4917 4925 4924
f 4917 4918 4926 4925
f 4918 4919 4927 4926
f 4919 4920 4928 4927
f 4920 4913 4921 4928
f 4913 4914 4915 4916 4917 4918 4919 4920
f 4928 4927 4926 4925 4924 4923 4922 4921
f 4929 4930 4938 4937
f 4930 4931 4939 4938
f 4931 4932 4940 4939
f 4932 4933 4941 4940
f 4933 4934 4942 4941
f 4934 4935 4943 4942
f 4935 4936 4944 4943
f 4936 4929 4937 4944
f 4929 4930 4931 4932 4933 4934 4935 4936
f 4944 4943 4942 4941 4940 4939 4938 4937
f 4945 4946 4954 4953
f 4946 4947 4955 4954
f 4947 4948 4956 4955
f 4948 4949 4957 4956
f 4949 4950 4958 4957
f 4950 4951 4959 4958
f 4951 4952 4960 4959
f 4952 4945 4953 4960
f 4945 4946 4947 4948 4949 4950 4951 4952
f 4960 4959 4958 4957 4956 4955 4954 4953
f 4961 4962 4970 4969
f 4962 4963 4971 4970
f 4963 4964 4972 4971
f 4964 4965 4973 4972
f 4965 4966 4974 4973
f 4966 4967 4975 4974
f 4967 4968 4976 4975
f 4968 4961 4969 4976
f 4961 4962 4963 4964 4965 4966 4967 4968
f 4976 4975 4974 4973 4972 4971 4970 4969
f 4977 4978 4986 4985
f 4978 4979 4987 4986
f 4979 4980 4988 4987
f 4980 4981 4989 4988
f 4981 4982 4990 4989
f 4982 4983 4991 4990
f 4983 4984 4992 4991
f 4984 4977 4985 4992
f 4977 4978 4979 4980 4981 4982 4983 4984
f 4992 4991 4990 4989 4988 4987 4986 4985
f 4993 4994 5002 5001
f 4994 4995 5003 5002
f 4995 4996 5004 5003
f 4996 4997 5005 5004
f 4997 4998 5006 5005
f 4998 4999 5007 5006
f 4999 5000 5008 5007
f 5000 4993 5001 5008
f 4993 4994 4995 4996 4997 4998 4999 5000
f 5008 5007 5006 5005 5004 5003 5002 5001
f 5009 5010 5018 5017
f 5010 5011 5019 5018
f 5011 5012 5020 5019
f 5012 5013 5021 5020
f 5013 5014 5022 5021
f 5014 5015 5023 5022
f 5015 5016 5024 5023
f 5016 5009 5017 5024
f 5009 5010 5011 5012 5013 5014 5015 5016
f 5024 5023 5022 5021 5020 5019 5018 5017
f 5025 5026 5034 5033
f 5026 5027 5035 5034
f 5027 5028 5036 5035
f 5028 5029 5037 5036
f 5029 5030 5038 5037
f 5030 5031 5039 5038
f 5031 5032 5040 5039
f 5032 5025 5033 5040
f 5025 5026 5027 5028 5029 5030 5031 5032
f 5040 5039 5038 5037 5036 5035 5034 5033
f 5041 5042 5050 5049
f 5042 5043 5051 5050
f 5043 5044 5052 5051
f 5044 5045 5053 5052
f 5045 5046 5054 5053
f 5046 5047 5055 5054
f 5047 5048 5056 5055
f 5048 5041 5049 5056
f 5041 5042 5043 5044 5045 5046 5047 5048
f 5056 5055 5054 5053 5052 5051 5050 5049
f 5057 5058 5066 5065
f 5058 5059 5067 5066
f 5059 5060 5068 5067
f 5060 5061 5069 5068
f 5061 5062 5070 5069
f 5062 5063 5071 5070
f 5063 5064 5072 5071
f 5064 5057 5065 5072
f 5057 5058 5059 5060 5061 5062 5063 5064
f 5072 5071 5070 5069 5068 5067 5066 5065
f 5073 5074 5082 5081
f 5074 5075 5083 5082
f 5075 5076 5084 5083
f 5076 5077 5085 5084
f 5077 5078 5086 5085
f 5078 5079 5087 5086
f 5079 5080 5088 5087
f 5080 5073 5081 5088
f 5073 5074 5075 5076 5077 5078 5079 5080
f 5088 5087 5086 5085 5084 5083 5082 5081
f 5089 5090 5098 5097
f 5090 5091 5099 5098
f 5091 5092 5100 5099
f 5092 5093 5101 5100
f 5093 5094 5102 5101
f 5094 5095 5103 5102
f 5095 5096 5104 5103
f 5096 5089 5097 5104
f 5089 5090 5091 5092 5093 5094 5095 5096
f 5104 5103 5102 5101 5100 5099 5098 5097
f 5105 5106 5114 5113
f 5106 5107 5115 5114
f 5107 5108 5116 5115
f 5108 5109 5117 5116
f 5109 5110 5118 5117
f 5110 5111 5119 5118
f 5111 5112 5120 5119
f 5112 5105 5113 5120
f 5105 5106 5107 5108 5109 5110 5111 5112
f 5120 5119 5118 5117 5116 5115 5114 5113
f 5121 5122 5130 5129
f 5122 5123 5131 5130
f 5123 5124 5132 5131
f 5124 5125 5133 5132
f 5125 5126 5134 5133
f 5126 5127 5135 5134
f 5127 5128 5136 5135
f 5128 5121 5129 5136
f 5121 5122 5123 5124 5125 5126 5127 5128
f 5136 5135 5134 5133 5132 5131 5130 5129
f 5137 5138 5146 5145
f 5138 5139 5147 5146
f 5139 5140 5148 5147
f 5140 5141 5149 5148
f 5141 5142 5150 5149
f 5142 5143 5151 5150
f 5143 5144 5152 5151
f 5144 5137 5145 5152
f 5137 5138 5139 5140 5141 5142 5143 5144
f 5152 5151 5150 5149 5148 5147 5146 5145
f 5153 5154 5162 5161
f 5154 5155 5163 5162
f 5155 5156 5164 5163
f 5156 5157 5165 5164
f 5157 5158 5166 5165
f 5158 5159 5167 5166
f 5159 5160 5168 5167
f 5160 5153 5161 5168
f 5153 5154 5155 5156 5157 5158 5159 5160
f 5168 5167 5166 5165 5164 5163 5162 5161
f 5169 5170 5178 5177
f 5170 5171 5179 5178
f 5171 5172 5180 5179
f 5172 5173 5181 5180
f 5173 5174 5182 5181
f 5174 5175 5183 5182
f 5175 5176 5184 5183
f 5176 5169 5177 5184
f 5169 5170 5171 5172 5173 5174 5175 5176
f 5184 5183 5182 5181 5180 5179 5178 5177
f 5185 5186 5194 5193
f 5186 5187 5195 5194
f 5187 5188 5196 5195
f 5188 5189 5197 5196
f 5189 5190 5198 5197
f 5190 5191 5199 5198
f 5191 5192 5200 5199
f 5192 5185 5193 5200
f 5185 5186 5187 5188 5189 5190 5191 5192
f 5200 5199 5198 5197 5196 5195 5194 5193
f 5201 5202 5210 5209
f 5202 5203 5211 5210
f 5203 5204 5212 5211
f 5204 5205 5213 5212
f 5205 5206 5214 5213
f 5206 5207 5215 5214
f 5207 5208 5216 5215
f 5208 5201 5209 5216
f 5201 5202 5203 5204 5205 5206 5207 5208
f 5216 5215 5214 5213 5212 5211 5210 5209
f 5217 5218 5226 5225
f 5218 5219 5227 5226
f 5219 5220 5228 5227
f 5220 5221 5229 5228
f 5221 5222 5230 5229
f 5222 5223 5231 5230
f 5223 5224 5232 5231
f 5224 5217 5225 5232
f 5217 5218 5219 5220 5221 5222 5223 5224
f 5232 5231 5230 5229 5228 5227 5226 5225
f 5233 5234 5242 5241
f 5234 5235 5243 5242
f 5235 5236 5244 5243
f 5236 5237 5245 5244
f 5237 5238 5246 5245
f 5238 5239 5247 5246
f 5239 5240 5248 5247
f 5240 5233 5241 5248
f 5233 5234 5235 5236 5237 5238 5239 5240
f 5248 5247 5246 5245 5244 5243 5242 5241
f 5249 5250 5258 5257
f 5250 5251 5259 5258
f 5251 5252 5260 5259
f 5252 5253 5261 5260
f 5253 5254 5262 5261
f 5254 5255 5263 5262
f 5255 5256 5264 5263
f 5256 5249 5257 5264
f 5249 5250 5251 5252 5253 5254 5255 5256
f 5264 5263 5262 5261 5260 5259 5258 5257
f 5265 5266 5274 5273
f 5266 5267 5275 5274
f 5267 5268 5276 5275
f 5268 5269 5277 5276
f 5269 5270 5278 5277
f 5270 5271 5279 5278
f 5271 5272 5280 5279
f 5272 5265 5273 5280
f 5265 5266 5267 5268 5269 5270 5271 5272
f 5280 5279 5278 5277 5276 5275 5274 5273
f 5281 5282 5290 5289
f 5282 5283 5291 5290
f 5283 5284 5292 5291
f 5284 5285 5293 5292
f 5285 5286 5294 5293
f 5286 5287 5295 5294
f 5287 5288 5296 5295
f 5288 5281 5289 5296
f 5281 5282 5283 5284 5285 5286 5287 5288
f 5296 5295 5294 5293 5292 5291 5290 5289
f 5297 5298 5306 5305
f 5298 5299 5307 5306
f 5299 5300 5308 5307
f 5300 5301 5309 5308
f 5301 5302 5310 5309
f 5302 5303 5311 5310
f 5303 5304 5312 5311
f 5304 5297 5305 5312
f 5297 5298 5299 5300 5301 5302 5303 5304
f 5312 5311 5310 5309 5308 5307 5306 5305
f 5313 5314 5322 5321
f 5314 5315 5323 5322
f 5315 5316 5324 5323
f 5316 5317 5325 5324
f 5317 5318 5326 5325
f 5318 5319 5327 5326
f 5319 5320 5328 5327
f 5320 5313 5321 5328
f 5313 5314 5315 5316 5317 5318 5319 5320
f 5328 5327 5326 5325 5324 5323 5322 5321
f 5329 5330 5338 5337
f 5330 5331 5339 5338
f 5331 5332 5340 5339
f 5332 5333 5341 5340
f 5333 5334 5342 5341
f 5334 5335 5343 5342
f 5335 5336 5344 5343
f 5336 5329 5337 5344
f 5329 5330 5331 5332 5333 5334 5335 5336
f 5344 5343 5342 5341 5340 5339 5338 5337
f 5345 5346 5354 5353
f 5346 5347 5355 5354
f 5347 5348 5356 5355
f 5348 5349 5357 5356
f 5349 5350 5358 5357
f 5350 5351 5359 5358
f 5351 5352 5360 5359
f 5352 5345 5353 5360
f 5345 5346 5347 5348 5349 5350 5351 5352
f 5360 5359 5358 5357 5356 5355 5354 5353
f 5361 5362 5370 5369
f 5362 5363 5371 5370
f 5363 5364 5372 5371
f 5364 5365 5373 5372
f 5365 5366 5374 5373
f 5366 5367 5375 5374
f 5367 5368 5376 5375
f 5368 5361 5369 5376
f 5361 5362 5363 5364 5365 5366 5367 5368
f 5376 5375 5374 5373 5372 5371 5370 5369
f 5377 5378 5386 5385
f 5378 5379 5387 5386
f 5379 5380 5388 5387
f 5380 5381 5389 5388
f 5381 5382 5390 5389
f 5382 5383 5391 5390
f 5383 5384 5392 5391
f 5384 5377 5385 5392
f 5377 5378 5379 5380 5381 5382 5383 5384
f 5392 5391 5390 5389 5388 5387 5386 5385
f 5393 5394 5402 5401
f 5394 5395 5403 5402
f 5395 5396 5404 5403
f 5396 5397 5405 5404
f 5397 5398 5406 5405
f 5398 5399 5407 5406
f 5399 5400 5408 5407
f 5400 5393 5401 5408
f 5393 5394 5395 5396 5397 5398 5399 5400
f 5408 5407 5406 5405 5404 5403 5402 5401
f 5409 5410 5418 5417
f 5410 5411 5419 5418
f 5411 5412 5420 5419
f 5412 5413 5421 5420
f 5413 5414 5422 5421
f 5414 5415 5423 5422
f 5415 5416 5424 5423
f 5416 5409 5417 5424
f 5409 5410 5411 5412 5413 5414 5415 5416
f 5424 5423 5422 5421 5420 5419 5418 5417
f 5425 5426 5434 5433
f 5426 5427 5435 5434
f 5427 5428 5436 5435
f 5428 5429 5437 5436
f 5429 5430 5438 5437
f 5430 5431 5439 5438
f 5431 5432 5440 5439
f 5432 5425 5433 5440
f 5425 5426 5427 5428 5429 5430 5431 5432
f 5440 5439 5438 5437 5436 5435 5434 5433
f 5441 5442 5450 5449
f 5442 5443 5451 5450
f 5443 5444 5452 5451
f 5444 5445 5453 5452
f 5445 5446 5454 5453
f 5446 5447 5455 5454
f 5447 5448 5456 5455
f 5448 5441 5449 5456
f 5441 5442 5443 5444 5445 5446 5447 5448
f 5456 5455 5454 5453 5452 5451 5450 5449
f 5457 5458 5466 5465
f 5458 5459 5467 5466
f 5459 5460 5468 5467
f 5460 5461 5469 5468
f 5461 5462 5470 5469
f 5462 5463 5471 5470
f 5463 5464 5472 5471
f 5464 5457 5465 5472
f 5457 5458 5459 5460 5461 5462 5463 5464
f 5472 5471 5470 5469 5468 5467 5466 5465
f 5473 5474 5482 5481
f 5474 5475 5483 5482
f 5475 5476 5484 5483
f 5476 5477 5485 5484
f 5477 5478 5486 5485
f 5478 5479 5487 5486
f 5479 5480 5488 5487
f 5480 5473 5481 5488
f 5473 5474 5475 5476 5477 5478 5479 5480
f 5488 5487 5486 5485 5484 5483 5482 5481
f 5489 5490 5498 5497
f 5490 5491 5499 5498
f 5491 5492 5500 5499
f 5492 5493 5501 5500
f 5493 5494 5502 5501
f 5494 5495 5503 5502
f 5495 5496 5504 5503
f 5496 5489 5497 5504
f 5489 5490 5491 5492 5493 5494 5495 5496
f 5504 5503 5502 5501 5500 5499 5498 5497
f 5505 5506 5514 5513
f 5506 5507 5515 5514
f 5507 5508 5516 5515
f 5508 5509 5517 5516
f 5509 5510 5518 5517
f 5510 5511 5519 5518
f 5511 5512 5520 5519
f 5512 5505 5513 5520
f 5505 5506 5507 5508 5509 5510 5511 5512
f 5520 5519 5518 5517 5516 5515 5514 5513
f 5521 5522 5530 5529
f 5522 5523 5531 5530
f 5523 5524 5532 5531
f 5524 5525 5533 5532
f 5525 5526 5534 5533
f 5526 5527 5535 5534
f 5527 5528 5536 5535
f 5528 5521 5529 5536
f 5521 5522 5523 5524 5525 5526 5527 5528
f 5536 5535 5534 5533 5532 5531 5530 5529
f 5537 5538 5546 5545
f 5538 5539 5547 5546
f 5539 5540 5548 5547
f 5540 5541 5549 5548
f 5541 5542 5550 5549
f 5542 5543 5551 5550
f 5543 5544 5552 5551
f 5544 5537 5545 5552
f 5537 5538 5539 5540 5541 5542 5543 5544
f 5552 5551 5550 5549 5548 5547 5546 5545
f 5553 5554 5562 5561
f 5554 5555 5563 5562
f 5555 5556 5564 5563
f 5556 5557 5565 5564
f 5557 5558 5566 5565
f 5558 5559 5567 5566
f 5559 5560 5568 5567
f 5560 5553 5561 5568
f 5553 5554 5555 5556 5557 5558 5559 5560
f 5568 5567 5566 5565 5564 5563 5562 5561
f 5569 5570 5578 5577
f 5570 5571 5579 5578
f 5571 5572 5580 5579
f 5572 5573 5581 5580
f 5573 5574 5582 5581
f 5574 5575 5583 5582
f 5575 5576 5584 5583
f 5576 5569 5577 5584
f 5569 5570 5571 5572 5573 5574 5575 5576
f 5584 5583 5582 5581 5580 5579 5578 5577
f 5585 5586 5594 5593
f 5586 5587 5595 5594
f 5587 5588 5596 5595
f 5588 5589 5597 5596
f 5589 5590 5598 5597
f 5590 5591 5599 5598
f 5591 5592 5600 5599
f 5592 5585 5593 5600
f 5585 5586 5587 5588 5589 5590 5591 5592
f 5600 5599 5598 5597 5596 5595 5594 5593
f 5601 5602 5610 5609
f 5602 5603 5611 5610
f 5603 5604 5612 5611
f 5604 5605 5613 5612
f 5605 5606 5614 5613
f 5606 5607 5615 5614
f 5607 5608 5616 5615
f 5608 5601 5609 5616
f 5601 5602 5603 5604 5605 5606 5607 5608
f 5616 5615 5614 5613 5612 5611 5610 5609
usemtl traffic_black
f 5617 5618 5619 5620
f 5621 5624 5623 5622
f 5617 5621 5622 5618
f 5618 5622 5623 5619
f 5619 5623 5624 5620
f 5621 5617 5620 5624
f 5625 5626 5627 5628
f 5629 5632 5631 5630
f 5625 5629 5630 5626
f 5626 5630 5631 5627
f 5627 5631 5632 5628
f 5629 5625 5628 5632
f 5633 5634 5635 5636
f 5637 5640 5639 5638
f 5633 5637 5638 5634
f 5634 5638 5639 5635
f 5635 5639 5640 5636
f 5637 5633 5636 5640
f 5641 5642 5643 5644
f 5645 5648 5647 5646
f 5641 5645 5646 5642
f 5642 5646 5647 5643
f 5643 5647 5648 5644
f 5645 5641 5644 5648
f 5649 5650 5651 5652
f 5653 5656 5655 5654
f 5649 5653 5654 5650
f 5650 5654 5655 5651
f 5651 5655 5656 5652
f 5653 5649 5652 5656
f 5657 5658 5659 5660
f 5661 5664 5663 5662
f 5657 5661 5662 5658
f 5658 5662 5663 5659
f 5659 5663 5664 5660
f 5661 5657 5660 5664
f 5665 5666 5667 5668
f 5669 5672 5671 5670
f 5665 5669 5670 5666
f 5666 5670 5671 5667
f 5667 5671 5672 5668
f 5669 5665 5668 5672
f 5673 5674 5675 5676
f 5677 5680 5679 5678
f 5673 5677 5678 5674
f 5674 5678 5679 5675
f 5675 5679 5680 5676
f 5677 5673 5676 5680
f 5681 5682 5683 5684
f 5685 5688 5687 5686
f 5681 5685 5686 5682
f 5682 5686 5687 5683
f 5683 5687 5688 5684
f 5685 5681 5684 5688
f 5689 5690 5691 5692
f 5693 5696 5695 5694
f 5689 5693 5694 5690
f 5690 5694 5695 5691
f 5691 5695 5696 5692
f 5693 5689 5692 5696
f 5697 5698 5699 5700
f 5701 5704 5703 5702
f 5697 5701 5702 5698
f 5698 5702 5703 5699
f 5699 5703 5704 5700
f 5701 5697 5700 5704
f 5705 5706 5707 5708
f 5709 5712 5711 5710
f 5705 5709 5710 5706
f 5706 5710 5711 5707
f 5707 5711 5712 5708
f 5709 5705 5708 5712
f 5713 5714 5715 5716
f 5717 5720 5719 5718
f 5713 5717 5718 5714
f 5714 5718 5719 5715
f 5715 5719 5720 5716
f 5717 5713 5716 5720
f 5721 5722 5723 5724
f 5725 5728 5727 5726
f 5721 5725 5726 5722
f 5722 5726 5727 5723
f 5723 5727 5728 5724
f 5725 5721 5724 5728
f 5729 5730 5731 5732
f 5733 5736 5735 5734
f 5729 5733 5734 5730
f 5730 5734 5735 5731
f 5731 5735 5736 5732
f 5733 5729 5732 5736
f 5737 5738 5739 5740
f 5741 5744 5743 5742
f 5737 5741 5742 5738
f 5738 5742 5743 5739
f 5739 5743 5744 5740
f 5741 5737 5740 5744
usemtl orange
f 5745 5746 5754 5753
f 5746 5747 5755 5754
f 5747 5748 5756 5755
f 5748 5749 5757 5756
f 5749 5750 5758 5757
f 5750 5751 5759 5758
f 5751 5752 5760 5759
f 5752 5745 5753 5760
f 5745 5746 5747 5748 5749 5750 5751 5752
f 5760 5759 5758 5757 5756 5755 5754 5753
f 5761 5762 5770 5769
f 5762 5763 5771 5770
f 5763 5764 5772 5771
f 5764 5765 5773 5772
f 5765 5766 5774 5773
f 5766 5767 5775 5774
f 5767 5768 5776 5775
f 5768 5761 5769 5776
f 5761 5762 5763 5764 5765 5766 5767 5768
f 5776 5775 5774 5773 5772 5771 5770 5769
f 5777 5778 5786 5785
f 5778 5779 5787 5786
f 5779 5780 5788 5787
f 5780 5781 5789 5788
f 5781 5782 5790 5789
f 5782 5783 5791 5790
f 5783 5784 5792 5791
f 5784 5777 5785 5792
f 5777 5778 5779 5780 5781 5782 5783 5784
f 5792 5791 5790 5789 5788 5787 5786 5785
f 5793 5794 5802 5801
f 5794 5795 5803 5802
f 5795 5796 5804 5803
f 5796 5797 5805 5804
f 5797 5798 5806 5805
f 5798 5799 5807 5806
f 5799 5800 5808 5807
f 5800 5793 5801 5808
f 5793 5794 5795 5796 5797 5798 5799 5800
f 5808 5807 5806 5805 5804 5803 5802 5801
f 5809 5810 5818 5817
f 5810 5811 5819 5818
f 5811 5812 5820 5819
f 5812 5813 5821 5820
f 5813 5814 5822 5821
f 5814 5815 5823 5822
f 5815 5816 5824 5823
f 5816 5809 5817 5824
f 5809 5810 5811 5812 5813 5814 5815 5816
f 5824 5823 5822 5821 5820 5819 5818 5817
f 5825 5826 5834 5833
f 5826 5827 5835 5834
f 5827 5828 5836 5835
f 5828 5829 5837 5836
f 5829 5830 5838 5837
f 5830 5831 5839 5838
f 5831 5832 5840 5839
f 5832 5825 5833 5840
f 5825 5826 5827 5828 5829 5830 5831 5832
f 5840 5839 5838 5837 5836 5835 5834 5833
f 5841 5842 5850 5849
f 5842 5843 5851 5850
f 5843 5844 5852 5851
f 5844 5845 5853 5852
f 5845 5846 5854 5853
f 5846 5847 5855 5854
f 5847 5848 5856 5855
f 5848 5841 5849 5856
f 5841 5842 5843 5844 5845 5846 5847 5848
f 5856 5855 5854 5853 5852 5851 5850 5849
f 5857 5858 5866 5865
f 5858 5859 5867 5866
f 5859 5860 5868 5867
f 5860 5861 5869 5868
f 5861 5862 5870 5869
f 5862 5863 5871 5870
f 5863 5864 5872 5871
f 5864 5857 5865 5872
f 5857 5858 5859 5860 5861 5862 5863 5864
f 5872 5871 5870 5869 5868 5867 5866 5865
f 5873 5874 5882 5881
f 5874 5875 5883 5882
f 5875 5876 5884 5883
f 5876 5877 5885 5884
f 5877 5878 5886 5885
f 5878 5879 5887 5886
f 5879 5880 5888 5887
f 5880 5873 5881 5888
f 5873 5874 5875 5876 5877 5878 5879 5880
f 5888 5887 5886 5885 5884 5883 5882 5881
f 5889 5890 5898 5897
f 5890 5891 5899 5898
f 5891 5892 5900 5899
f 5892 5893 5901 5900
f 5893 5894 5902 5901
f 5894 5895 5903 5902
f 5895 5896 5904 5903
f 5896 5889 5897 5904
f 5889 5890 5891 5892 5893 5894 5895 5896
f 5904 5903 5902 5901 5900 5899 5898 5897
f 5905 5906 5914 5913
f 5906 5907 5915 5914
f 5907 5908 5916 5915
f 5908 5909 5917 5916
f 5909 5910 5918 5917
f 5910 5911 5919 5918
f 5911 5912 5920 5919
f 5912 5905 5913 5920
f 5905 5906 5907 5908 5909 5910 5911 5912
f 5920 5919 5918 5917 5916 5915 5914 5913
f 5921 5922 5930 5929
f 5922 5923 5931 5930
f 5923 5924 5932 5931
f 5924 5925 5933 5932
f 5925 5926 5934 5933
f 5926 5927 5935 5934
f 5927 5928 5936 5935
f 5928 5921 5929 5936
f 5921 5922 5923 5924 5925 5926 5927 5928
f 5936 5935 5934 5933 5932 5931 5930 5929
f 5937 5938 5946 5945
f 5938 5939 5947 5946
f 5939 5940 5948 5947
f 5940 5941 5949 5948
f 5941 5942 5950 5949
f 5942 5943 5951 5950
f 5943 5944 5952 5951
f 5944 5937 5945 5952
f 5937 5938 5939 5940 5941 5942 5943 5944
f 5952 5951 5950 5949 5948 5947 5946 5945
f 5953 5954 5962 5961
f 5954 5955 5963 5962
f 5955 5956 5964 5963
f 5956 5957 5965 5964
f 5957 5958 5966 5965
f 5958 5959 5967 5966
f 5959 5960 5968 5967
f 5960 5953 5961 5968
f 5953 5954 5955 5956 5957 5958 5959 5960
f 5968 5967 5966 5965 5964 5963 5962 5961
f 5969 5970 5978 5977
f 5970 5971 5979 5978
f 5971 5972 5980 5979
f 5972 5973 5981 5980
f 5973 5974 5982 5981
f 5974 5975 5983 5982
f 5975 5976 5984 5983
f 5976 5969 5977 5984
f 5969 5970 5971 5972 5973 5974 5975 5976
f 5984 5983 5982 5981 5980 5979 5978 5977
f 5985 5986 5994 5993
f 5986 5987 5995 5994
f 5987 5988 5996 5995
f 5988 5989 5997 5996
f 5989 5990 5998 5997
f 5990 5991 5999 5998
f 5991 5992 6000 5999
f 5992 5985 5993 6000
f 5985 5986 5987 5988 5989 5990 5991 5992
f 6000 5999 5998 5997 5996 5995 5994 5993
f 6001 6002 6010 6009
f 6002 6003 6011 6010
f 6003 6004 6012 6011
f 6004 6005 6013 6012
f 6005 6006 6014 6013
f 6006 6007 6015 6014
f 6007 6008 6016 6015
f 6008 6001 6009 6016
f 6001 6002 6003 6004 6005 6006 6007 6008
f 6016 6015 6014 6013 6012 6011 6010 6009
f 6017 6018 6026 6025
f 6018 6019 6027 6026
f 6019 6020 6028 6027
f 6020 6021 6029 6028
f 6021 6022 6030 6029
f 6022 6023 6031 6030
f 6023 6024 6032 6031
f 6024 6017 6025 6032
f 6017 6018 6019 6020 6021 6022 6023 6024
f 6032 6031 6030 6029 6028 6027 6026 6025
f 6033 6034 6042 6041
f 6034 6035 6043 6042
f 6035 6036 6044 6043
f 6036 6037 6045 6044
f 6037 6038 6046 6045
f 6038 6039 6047 6046
f 6039 6040 6048 6047
f 6040 6033 6041 6048
f 6033 6034 6035 6036 6037 6038 6039 6040
f 6048 6047 6046 6045 6044 6043 6042 6041
f 6049 6050 6058 6057
f 6050 6051 6059 6058
f 6051 6052 6060 6059
f 6052 6053 6061 6060
f 6053 6054 6062 6061
f 6054 6055 6063 6062
f 6055 6056 6064 6063
f 6056 6049 6057 6064
f 6049 6050 6051 6052 6053 6054 6055 6056
f 6064 6063 6062 6061 6060 6059 6058 6057
f 6065 6066 6074 6073
f 6066 6067 6075 6074
f 6067 6068 6076 6075
f 6068 6069 6077 6076
f 6069 6070 6078 6077
f 6070 6071 6079 6078
f 6071 6072 6080 6079
f 6072 6065 6073 6080
f 6065 6066 6067 6068 6069 6070 6071 6072
f 6080 6079 6078 6077 6076 6075 6074 6073
f 6081 6082 6090 6089
f 6082 6083 6091 6090
f 6083 6084 6092 6091
f 6084 6085 6093 6092
f 6085 6086 6094 6093
f 6086 6087 6095 6094
f 6087 6088 6096 6095
f 6088 6081 6089 6096
f 6081 6082 6083 6084 6085 6086 6087 6088
f 6096 6095 6094 6093 6092 6091 6090 6089
f 6097 6098 6106 6105
f 6098 6099 6107 6106
f 6099 6100 6108 6107
f 6100 6101 6109 6108
f 6101 6102 6110 6109
f 6102 6103 6111 6110
f 6103 6104 6112 6111
f 6104 6097 6105 6112
f 6097 6098 6099 6100 6101 6102 6103 6104
f 6112 6111 6110 6109 6108 6107 6106 6105
f 6113 6114 6122 6121
f 6114 6115 6123 6122
f 6115 6116 6124 6123
f 6116 6117 6125 6124
f 6117 6118 6126 6125
f 6118 6119 6127 6126
f 6119 6120 6128 6127
f 6120 6113 6121 6128
f 6113 6114 6115 6116 6117 6118 6119 6120
f 6128 6127 6126 6125 6124 6123 6122 6121
f 6129 6130 6138 6137
f 6130 6131 6139 6138
f 6131 6132 6140 6139
f 6132 6133 6141 6140
f 6133 6134 6142 6141
f 6134 6135 6143 6142
f 6135 6136 6144 6143
f 6136 6129 6137 6144
f 6129 6130 6131 6132 6133 6134 6135 6136
f 6144 6143 6142 6141 6140 6139 6138 6137
f 6145 6146 6154 6153
f 6146 6147 6155 6154
f 6147 6148 6156 6155
f 6148 6149 6157 6156
f 6149 6150 6158 6157
f 6150 6151 6159 6158
f 6151 6152 6160 6159
f 6152 6145 6153 6160
f 6145 6146 6147 6148 6149 6150 6151 6152
f 6160 6159 6158 6157 6156 6155 6154 6153
f 6161 6162 6170 6169
f 6162 6163 6171 6170
f 6163 6164 6172 6171
f 6164 6165 6173 6172
f 6165 6166 6174 6173
f 6166 6167 6175 6174
f 6167 6168 6176 6175
f 6168 6161 6169 6176
f 6161 6162 6163 6164 6165 6166 6167 6168
f 6176 6175 6174 6173 6172 6171 6170 6169
f 6177 6178 6186 6185
f 6178 6179 6187 6186
f 6179 6180 6188 6187
f 6180 6181 6189 6188
f 6181 6182 6190 6189
f 6182 6183 6191 6190
f 6183 6184 6192 6191
f 6184 6177 6185 6192
f 6177 6178 6179 6180 6181 6182 6183 6184
f 6192 6191 6190 6189 6188 6187 6186 6185
f 6193 6194 6202 6201
f 6194 6195 6203 6202
f 6195 6196 6204 6203
f 6196 6197 6205 6204
f 6197 6198 6206 6205
f 6198 6199 6207 6206
f 6199 6200 6208 6207
f 6200 6193 6201 6208
f 6193 6194 6195 6196 6197 6198 6199 6200
f 6208 6207 6206 6205 6204 6203 6202 6201
f 6209 6210 6218 6217
f 6210 6211 6219 6218
f 6211 6212 6220 6219
f 6212 6213 6221 6220
f 6213 6214 6222 6221
f 6214 6215 6223 6222
f 6215 6216 6224 6223
f 6216 6209 6217 6224
f 6209 6210 6211 6212 6213 6214 6215 6216
f 6224 6223 6222 6221 6220 6219 6218 6217
f 6225 6226 6234 6233
f 6226 6227 6235 6234
f 6227 6228 6236 6235
f 6228 6229 6237 6236
f 6229 6230 6238 6237
f 6230 6231 6239 6238
f 6231 6232 6240 6239
f 6232 6225 6233 6240
f 6225 6226 6227 6228 6229 6230 6231 6232
f 6240 6239 6238 6237 6236 6235 6234 6233
f 6241 6242 6250 6249
f 6242 6243 6251 6250
f 6243 6244 6252 6251
f 6244 6245 6253 6252
f 6245 6246 6254 6253
f 6246 6247 6255 6254
f 6247 6248 6256 6255
f 6248 6241 6249 6256
f 6241 6242 6243 6244 6245 6246 6247 6248
f 6256 6255 6254 6253 6252 6251 6250 6249
